Entity,Code,Year,Wild game,Horse,Camel,Sheep and Goat,Beef and Buffalo,Pig,Poultry
Afghanistan,AFG,1961,4000,,3600,73220,43000,,5600
Afghanistan,AFG,1962,4000,,4030.74,72375,45800,,6000
Afghanistan,AFG,1963,5000,,5031.36,75530,47250,,6160
Afghanistan,AFG,1964,5000,,4680,79750,48000,,6400
Afghanistan,AFG,1965,6000,,4320,84375,48700,,6800
Afghanistan,AFG,1966,6000,,4320,89690,68000,,7200
Afghanistan,AFG,1967,7000,,4320,100312.5,65000,,7600
Afghanistan,AFG,1968,7000,,4320,111312.5,71000,,8000
Afghanistan,AFG,1969,7000,,4320,106312.5,75000,,9600
Afghanistan,AFG,1970,7000,,4320,106200,62000,,9600
Afghanistan,AFG,1971,8000,,4356,107312.5,62000,,9600
Afghanistan,AFG,1972,8000,,4356,88000,61000,,9600
Afghanistan,AFG,1973,8200,,4356,99550,63000,,10000
Afghanistan,AFG,1974,8400,,4356,106550,62000,,10000
Afghanistan,AFG,1975,8600,,4428,113500,61000,,10400
Afghanistan,AFG,1976,8800,,4428,136500,62300,,10400
Afghanistan,AFG,1977,10500,,4428,137260,66000,,10800
Afghanistan,AFG,1978,9600,,5400,141260,67000,,11200
Afghanistan,AFG,1979,9700,,3978,138040,71000,,12000
Afghanistan,AFG,1980,10000,,3870,145940,67000,,12000
Afghanistan,AFG,1981,9000,,3870,152500,68000,,12400
Afghanistan,AFG,1982,9000,,3870,154280,69000,,12400
Afghanistan,AFG,1983,8500,,3960,144461,68000,,12560
Afghanistan,AFG,1984,7500,,3960,133681,68000,,12800
Afghanistan,AFG,1985,6000,,3960,118000,68000,,12960
Afghanistan,AFG,1986,4500,,2520,106700,68000,,13120
Afghanistan,AFG,1987,5000,,2700,113780,70000,,12960
Afghanistan,AFG,1988,6000,,2880,120860,71000,,12800
Afghanistan,AFG,1989,7000,,3060,127940,71000,,12560
Afghanistan,AFG,1990,8000,,3240,135012,86400,,12400
Afghanistan,AFG,1991,7944.94,,3240,137300,86400,,12160
Afghanistan,AFG,1992,7942.78,,3240,132980,86400,,12000
Afghanistan,AFG,1993,7940.62,,3240,131600,97200,,11840
Afghanistan,AFG,1994,7938.46,,3240,134200,113400,,11600
Afghanistan,AFG,1995,7936.31,,3240,133600,130000,,12320
Afghanistan,AFG,1996,7934.15,,3420,144800,143000,,13040
Afghanistan,AFG,1997,7931.99,,3600,159600,156000,,14000
Afghanistan,AFG,1998,7929.83,,3780,174100,171000,,15040
Afghanistan,AFG,1999,7927.64,,3960,192100,149000,,14000
Afghanistan,AFG,2000,7925.49,,3960,169700,126000,,13200
Afghanistan,AFG,2001,7923.34,,3600,146100,108000,,13120
Afghanistan,AFG,2002,7921.19,,3600,118800,150000,,24000
Afghanistan,AFG,2003,7919.03,,3600,121700,137000,,28400
Afghanistan,AFG,2004,7916.88,,3960,131000,149300,,30800
Afghanistan,AFG,2005,7914.73,,3780,133500,141100,,32320
Afghanistan,AFG,2006,7700,,3600,119400,117300,,24400
Afghanistan,AFG,2007,8000,,3780,100860,137000,,17600
Afghanistan,AFG,2008,8000,,3780,128480,133000,,20800
Afghanistan,AFG,2009,8000,,3960,137380,135000,,20000
Afghanistan,AFG,2010,8000,,3960,157200,131000,,28000
Afghanistan,AFG,2011,8000,,3564,160500,138000,,25600
Afghanistan,AFG,2012,8000,,3600,155200,139000,,24800
Afghanistan,AFG,2013,8000,,3510,150200,134000,,26400
Afghanistan,AFG,2014,7987.29,,3565.85,154112.66,120544.58,,24809.32
Afghanistan,AFG,2015,7992.35,,3597.44,155194.45,111438.28,,24558.74
Afghanistan,AFG,2016,7989.41,,3591.95,152124.56,107532.88,,24297.68
Afghanistan,AFG,2017,7990.49,,3648.22,158190.05,115754.24,,27637.84
Afghanistan,AFG,2018,7992.54,,3644.37,156048.39,96126.71,,29315.76
Afghanistan,AFG,2019,7994.63,,3641.42,157269.81,89006.91,,27680.53
Afghanistan,AFG,2020,7996.86,,3627.06,156338.16,97276.81,,27284.37
Afghanistan,AFG,2021,8001.92,,3629.11,152147.81,78714.06,,28383
Afghanistan,AFG,2022,8005.92,,3643.24,148923.67,71967.24,,28111.17
Afghanistan,AFG,2023,8008.91,,3646.34,145237.86,66678.5,,28399.8
Afghanistan,AFG,2024,8011.9,,3649.17,132321.06,61420.58,,28688.92
Africa,OWID_AFR,1961,393610,8306.4,69009.3,777949.5,1960373.1,184915.14,361473.44
Africa,OWID_AFR,1962,398040,8961.45,71466.1,782783.8,1971816.4,190929.9,377683.3
Africa,OWID_AFR,1963,405720,8846.95,76800.4,779859.8,2037819.6,195043.5,392365.62
Africa,OWID_AFR,1964,422590,9528.35,78750.95,802413.75,2114745.5,206641.56,415617.66
Africa,OWID_AFR,1965,429630,10260.8,85154.5,841489.3,2163356,212581.62,435546.38
Africa,OWID_AFR,1966,434120,9780.85,96051.75,878200.44,2226574.8,217894.4,464090.66
Africa,OWID_AFR,1967,453020,10070.95,96975.75,904720.5,2228215.2,232147.83,493596.97
Africa,OWID_AFR,1968,466890,10525.5,100984.15,957198.8,2292022.2,239928.88,521712.03
Africa,OWID_AFR,1969,470610,10330.9,101563.3,1000206,2386284.8,257229.45,565861.44
Africa,OWID_AFR,1970,475290,11620.45,103685.75,998132.75,2443793.2,259483.62,598260.1
Africa,OWID_AFR,1971,481540,13103.65,102663.75,1015188,2449608.5,268502.94,623765.2
Africa,OWID_AFR,1972,484400,13214.8,108701,1039347.8,2509114.2,289565.44,671183.1
Africa,OWID_AFR,1973,470510,13816.85,106797.75,981457.25,2608156.2,301139.12,715908.7
Africa,OWID_AFR,1974,481180,12594.45,104288.75,955516.6,2643081.8,294228.94,727700.94
Africa,OWID_AFR,1975,494160,11778.5,99631.5,1005274.2,2577435.2,298313.34,796949.3
Africa,OWID_AFR,1976,495920,12248,102962.1,1048350.25,2721184.5,311548.8,865467.7
Africa,OWID_AFR,1977,516370,13664.4,104496.75,1095642.2,2860466,323250.38,911824.44
Africa,OWID_AFR,1978,523280,12325.5,102564.75,1159854.2,3036691,327678.84,967865.4
Africa,OWID_AFR,1979,533991,13475.7,104402.5,1193099,3127471.8,329662.78,1000962.25
Africa,OWID_AFR,1980,552790,13836.5,116146.1,1233292.5,3190976.5,342197.7,1055573.4
Africa,OWID_AFR,1981,568300,15529.25,112504.3,1262623.2,3157452.2,361315.78,1124854.6
Africa,OWID_AFR,1982,585275,13366.75,128043.05,1248973,3281764,373641.56,1207122
Africa,OWID_AFR,1983,598175,12791.45,128120.45,1281693.9,3358073.2,382538.22,1323814.9
Africa,OWID_AFR,1984,611725,9798.6,137115.9,1301843.5,3448556.5,401875.47,1417715.8
Africa,OWID_AFR,1985,623425,10441.77,136763.64,1318216.4,3480370.5,417523.34,1494095.6
Africa,OWID_AFR,1986,644250,10094.67,131912.88,1305355.5,3352274.5,448220.2,1587055
Africa,OWID_AFR,1987,656325,10620.75,124051.15,1409533.9,3291350.2,487233.1,1670438
Africa,OWID_AFR,1988,667650,11580.08,134171.45,1506612.2,3311870.2,507847.75,1687668.1
Africa,OWID_AFR,1989,681825,12235.9,148561.81,1573815.9,3384411.8,561242.94,1756291.9
Africa,OWID_AFR,1990,688851,12994.78,156160.08,1589671.6,3502878.8,631371.6,1952252.8
Africa,OWID_AFR,1991,679018.06,12629.85,159348.84,1588824.8,4108038.5,663867.3,1980243.1
Africa,OWID_AFR,1992,643106,12275.19,165776.55,1629130.5,4258311.5,705084.94,2026713.8
Africa,OWID_AFR,1993,707300.6,12499.64,158791.62,1599067,4091808.8,729243.3,2047797.9
Africa,OWID_AFR,1994,722109.5,12762.05,173466.66,1626081.9,4036117.2,748522.4,2161857.5
Africa,OWID_AFR,1995,736878.56,12970.15,185535.3,1697748.9,4075909.2,807173.7,2313829.5
Africa,OWID_AFR,1996,749372.75,13158.94,197202.4,1748103.9,4192357,825729.6,2440451.8
Africa,OWID_AFR,1997,763775,12970.93,199400.44,1834268,4563530,856578.6,2680333.5
Africa,OWID_AFR,1998,782244.3,13131.25,210258.42,1946178.1,4432351,874555.75,2712759.8
Africa,OWID_AFR,1999,796123.06,13322.12,220023.88,2053358.9,4700545,889857.6,2806133.2
Africa,OWID_AFR,2000,813659.9,13771.02,217799.55,2078972,4687766,917469.44,2971888.2
Africa,OWID_AFR,2001,831030.7,14619.54,228780.48,2178666.5,4727181,944400.2,3212532.2
Africa,OWID_AFR,2002,846643.7,14671.54,225544.8,2221634.2,4976559,988317.3,3408400.2
Africa,OWID_AFR,2003,866753.8,15042.72,234774.55,2286662,4999042.5,1016307.5,3389351.8
Africa,OWID_AFR,2004,886461.56,15227.92,241879.38,2362104.2,5081157,1060743,3439559.5
Africa,OWID_AFR,2005,904226.9,15337.3,207264.31,2473436.5,5355945,1102053.4,3585533.8
Africa,OWID_AFR,2006,924255.06,14997.56,247391.62,2529376.2,5499529,1134661.1,3633004
Africa,OWID_AFR,2007,941322.6,15597.14,293140.9,2622623,5617180,1172361.9,4044698
Africa,OWID_AFR,2008,982401.3,16206.24,325174.28,2653453,5788339,1227666,4312423.5
Africa,OWID_AFR,2009,1011946,16509.81,315234.72,2714882.5,5975341.5,1262709,4501082
Africa,OWID_AFR,2010,1044326.06,16616.7,334460.06,2845913,6257519,1310276.5,4806763
Africa,OWID_AFR,2011,1087170.9,16820.54,348519.88,2886414.5,6368960.5,1364553.5,4927989.5
Africa,OWID_AFR,2012,1101722.8,16613.95,357280.2,2831663.2,6413465,1437652,5052541
Africa,OWID_AFR,2013,1103113.1,16349.78,357792.03,2930390.8,6703026.5,1495486.5,5420580.5
Africa,OWID_AFR,2014,1114328.4,16123.74,357281.94,3008993.2,6718319,1565379.1,5683458
Africa,OWID_AFR,2015,1160049.6,16299.98,365452.28,3096604.8,6971120,1609957.5,5918762.5
Africa,OWID_AFR,2016,1141786.9,17049.16,359414.47,3153991,6672973,1659795.4,5953848
Africa,OWID_AFR,2017,1160185.9,17185.1,365110.25,3105660.2,6701550,1740759.6,6468504.5
Africa,OWID_AFR,2018,1174029.5,16530.63,339484.78,3195712,6876244,1912190.1,6754194.5
Africa,OWID_AFR,2019,1183361.5,16817.56,390042.84,3341745.8,7004860.5,1891944.4,7049135.5
Africa,OWID_AFR,2020,1197780.9,16521.85,375216.34,3441977.8,6888931.5,1963685,7571018
Africa,OWID_AFR,2021,1203740.5,16455.41,377202.44,3460453.5,7024135,2059940.9,8090469.5
Africa,OWID_AFR,2022,1206662.6,16573.9,368909.78,3497220.5,7105525.5,2185654.8,7867079.5
Africa,OWID_AFR,2023,1214131.6,16644.14,400028.34,3602803.5,7230431,2245343.2,8041081.5
Africa,OWID_AFR,2024,1227841.2,16643.26,417824.88,3685915.5,7390609,2365671.5,8694871
Africa (FAO),,1961,393610,8306.4,69009.3,777949.5,1960373.1,184915.16,361473.44
Africa (FAO),,1962,398040,8961.45,71466.1,782783.8,1971816.4,190929.9,377683.3
Africa (FAO),,1963,405720,8846.95,76800.4,779859.8,2037819.6,195043.52,392365.62
Africa (FAO),,1964,422590,9528.35,78750.95,802413.75,2114745.5,206641.56,415617.7
Africa (FAO),,1965,429630,10260.8,85154.5,841489.3,2163356,212581.62,435546.38
Africa (FAO),,1966,434120,9780.85,96051.75,878200.44,2226574.8,217894.4,464090.66
Africa (FAO),,1967,453020,10070.95,96975.75,904720.5,2228215.2,232147.83,493596.94
Africa (FAO),,1968,466890,10525.5,100984.15,957198.8,2292022.2,239928.88,521712.03
Africa (FAO),,1969,470610,10330.9,101563.3,1000206,2386284.8,257229.45,565861.44
Africa (FAO),,1970,475290,11620.45,103685.75,998132.75,2443793.2,259483.62,598260.2
Africa (FAO),,1971,481540,13103.65,102663.75,1015188,2449608.5,268502.94,623765.2
Africa (FAO),,1972,484400,13214.8,108701,1039347.8,2509114.2,289565.44,671183.1
Africa (FAO),,1973,470510,13816.85,106797.75,981457.25,2608156.2,301139.12,715908.7
Africa (FAO),,1974,481180,12594.45,104288.75,955516.7,2643081.8,294228.94,727700.94
Africa (FAO),,1975,494160,11778.5,99631.5,1005274.2,2577435.2,298313.34,796949.3
Africa (FAO),,1976,495920,12248,102962.1,1048350.25,2721184.5,311548.8,865467.7
Africa (FAO),,1977,516370,13664.4,104496.75,1095642.2,2860466,323250.38,911824.44
Africa (FAO),,1978,523280,12325.5,102564.75,1159854.2,3036691,327678.84,967865.4
Africa (FAO),,1979,533991,13475.7,104402.5,1193099,3127471.8,329662.78,1000962.25
Africa (FAO),,1980,552790,13836.5,116146.1,1233292.5,3190976.5,342197.66,1055573.4
Africa (FAO),,1981,568300,15529.25,112504.3,1262623.2,3157452.2,361315.78,1124854.6
Africa (FAO),,1982,585275,13366.75,128043.05,1248973,3281764,373641.53,1207122
Africa (FAO),,1983,598175,12791.45,128120.45,1281693.9,3358073.2,382538.22,1323814.9
Africa (FAO),,1984,611725,9798.6,137115.9,1301843.5,3448556.5,401875.47,1417715.8
Africa (FAO),,1985,623425,10441.78,136763.64,1318216.4,3480370.5,417523.34,1494095.6
Africa (FAO),,1986,644250,10094.67,131912.88,1305355.5,3352274.5,448220.2,1587055
Africa (FAO),,1987,656325,10620.75,124051.15,1409533.9,3291350.2,487233.1,1670438
Africa (FAO),,1988,667650,11580.08,134171.45,1506612.2,3311870.2,507847.75,1687668.1
Africa (FAO),,1989,681825,12235.9,148561.81,1573815.9,3384411.8,561242.94,1756291.9
Africa (FAO),,1990,688851,12994.77,156160.08,1589671.6,3502878.8,631371.6,1952252.8
Africa (FAO),,1991,679018.06,12629.85,159348.84,1588824.8,4108038.5,663867.3,1980243.1
Africa (FAO),,1992,643106,12275.2,165776.55,1629130.5,4258311.5,705084.94,2026713.8
Africa (FAO),,1993,707300.6,12499.64,158791.61,1599067,4091808.8,729243.3,2047798
Africa (FAO),,1994,722109.5,12762.05,173466.66,1626081.9,4036117.2,748522.4,2161857.5
Africa (FAO),,1995,736878.56,12970.16,185535.31,1697748.9,4075909.2,807173.6,2313829.5
Africa (FAO),,1996,749372.8,13158.95,197202.4,1748103.9,4192357,825729.7,2440451.8
Africa (FAO),,1997,763775,12970.92,199400.44,1834268,4563530,856578.6,2680333.5
Africa (FAO),,1998,782244.3,13131.25,210258.44,1946178.1,4432351,874555.75,2712759.8
Africa (FAO),,1999,796123.06,13322.13,220023.88,2053358.9,4700545,889857.6,2806133.2
Africa (FAO),,2000,813659.9,13771.03,217799.53,2078972,4687766,917469.44,2971888.2
Africa (FAO),,2001,831030.7,14619.53,228780.48,2178666.5,4727181,944400.2,3212532.2
Africa (FAO),,2002,846643.7,14671.53,225544.78,2221634.2,4976559,988317.3,3408400.2
Africa (FAO),,2003,866753.9,15042.71,234774.56,2286662,4999043,1016307.5,3389351.8
Africa (FAO),,2004,886461.56,15227.91,241879.38,2362104.2,5081157,1060743,3439559.5
Africa (FAO),,2005,904226.9,15337.3,207264.31,2473436.5,5355945,1102053.4,3585533.8
Africa (FAO),,2006,924255.1,14997.55,247391.62,2529376.2,5499529,1134661.1,3633004
Africa (FAO),,2007,941322.6,15597.14,293140.9,2622623,5617180,1172362,4044698
Africa (FAO),,2008,982401.3,16206.24,325174.28,2653453,5788339,1227666,4312423.5
Africa (FAO),,2009,1011946,16509.81,315234.72,2714882.5,5975341.5,1262709,4501082
Africa (FAO),,2010,1044326.1,16616.7,334460.06,2845913,6257519,1310276.5,4806763
Africa (FAO),,2011,1087170.9,16820.54,348519.88,2886414.5,6368960.5,1364553.5,4927989.5
Africa (FAO),,2012,1101722.8,16613.94,357280.2,2831663.2,6413465,1437652,5052541
Africa (FAO),,2013,1103113.1,16349.78,357792.03,2930390.8,6703026.5,1495486.5,5420580.5
Africa (FAO),,2014,1114328.4,16123.75,357281.94,3008993.2,6718319,1565379.1,5683458
Africa (FAO),,2015,1160049.6,16299.98,365452.28,3096604.8,6971120,1609957.5,5918762.5
Africa (FAO),,2016,1141786.9,17049.17,359414.47,3153991,6672973,1659795.4,5953848
Africa (FAO),,2017,1160185.9,17185.1,365110.25,3105660.2,6701550,1740759.6,6468504.5
Africa (FAO),,2018,1174029.5,16530.65,339484.75,3195712,6876244,1912190.1,6754194.5
Africa (FAO),,2019,1183361.4,16817.55,390042.88,3341745.8,7004860.5,1891944.4,7049135.5
Africa (FAO),,2020,1197781,16521.84,375216.34,3441977.8,6888932,1963685,7571018
Africa (FAO),,2021,1203740.5,16455.4,377202.47,3460453.5,7024135,2059940.8,8090469.5
Africa (FAO),,2022,1206662.6,16573.92,368909.78,3497220.5,7105525.5,2185654.8,7867079.5
Africa (FAO),,2023,1214131.6,16644.15,400028.34,3602803.5,7230431,2245343.2,8041082
Africa (FAO),,2024,1227841.2,16643.25,417824.84,3685915.5,7390609,2365671.5,8694871
Albania,ALB,1961,,,,13000,7300,3580,1530
Albania,ALB,1962,,,,13100,7400,3640,1580
Albania,ALB,1963,,,,12500,7600,3200,1700
Albania,ALB,1964,,,,12600,6000,3200,1900
Albania,ALB,1965,,,,12600,6600,3640,2385
Albania,ALB,1966,,,,12800,6900,4300,2900
Albania,ALB,1967,,,,16200,8460,4880,3000
Albania,ALB,1968,,,,14050,7400,5570,3200
Albania,ALB,1969,,,,12100,8900,6100,3400
Albania,ALB,1970,,,,11600,9900,6280,3400
Albania,ALB,1971,,,,11725,10700,6440,3800
Albania,ALB,1972,,,,11160,10600,6560,3900
Albania,ALB,1973,,,,11150,10500,6160,4300
Albania,ALB,1974,,,,11400,10900,6400,4750
Albania,ALB,1975,,,,11600,9900,6400,5300
Albania,ALB,1976,,,,11900,12270,6600,5900
Albania,ALB,1977,,,,11340,11200,6800,6300
Albania,ALB,1978,,,,12400,13500,6800,6800
Albania,ALB,1979,,,,12600,14100,7000,7300
Albania,ALB,1980,,,,12600,14400,7000,7800
Albania,ALB,1981,,,,12600,14500,8800,8250
Albania,ALB,1982,,,,11900,14500,8800,8800
Albania,ALB,1983,,,,11400,14900,9200,7900
Albania,ALB,1984,,,,9900,14600,9600,7500
Albania,ALB,1985,,,,9800,16500,10400,6000
Albania,ALB,1986,,,,9000,15400,11200,6000
Albania,ALB,1987,,,,9600,16500,11200,6000
Albania,ALB,1988,,,,10900,18700,12000,6000
Albania,ALB,1989,,,,12000,19800,12000,6750
Albania,ALB,1990,,,,12000,22000,13300,6700
Albania,ALB,1991,,,,12500,21100,9000,6300
Albania,ALB,1992,,,,14800,23400,10600,2500
Albania,ALB,1993,,,,15200,24300,12500,3300
Albania,ALB,1994,,,,18500,28300,13550,3700
Albania,ALB,1995,,,,18300,30800,13600,3900
Albania,ALB,1996,,,,16600,32600,6360,3500
Albania,ALB,1997,,,,15700,32500,6600,3700
Albania,ALB,1998,,,,16700,32000,6500,5100
Albania,ALB,1999,,,,18100,33700,6200,5000
Albania,ALB,2000,,,,19500,35900,7800,4000
Albania,ALB,2001,,,,19463.93,35300,7800,4000
Albania,ALB,2002,,,,19500,37600,8600,6000
Albania,ALB,2003,,,,19500,40000,8600,8000
Albania,ALB,2004,,,,21400,39600,10100,9000
Albania,ALB,2005,,,,20900,40800,11300,9000
Albania,ALB,2006,,,,20990,48651,11250,10000
Albania,ALB,2007,,,,27400,49775,12500,13000
Albania,ALB,2008,,,,20700,39600,12500,16000
Albania,ALB,2009,,,,21600,39000,12500,17000
Albania,ALB,2010,,,,21000,40800,12500,17000
Albania,ALB,2011,,,,21800,41200,13100,17100
Albania,ALB,2012,,,,23040,41460,13260,16000
Albania,ALB,2013,,,,23280,41820,13494,17000
Albania,ALB,2014,,,,24751,38070,11900,12775
Albania,ALB,2015,,,,26251,38556,11424,14065
Albania,ALB,2016,,,,26300,38880,11424,14257.07
Albania,ALB,2017,,,,26235,39017,11561,14414.11
Albania,ALB,2018,,,,31434.18,38543.94,10316.72,17076.01
Albania,ALB,2019,,,,24887.96,36709.36,10231.68,13127.24
Albania,ALB,2020,,,,23668.53,32869.95,9002.01,13787.41
Albania,ALB,2021,,,,22933,31712,9370,14486
Albania,ALB,2022,,,,24884.43,29736.3,8500.8,17546.57
Albania,ALB,2023,,,,23138,28412,6532,17967
Albania,ALB,2024,,,,21964,25996,5965,12574
Algeria,DZA,1961,,660,1950,39900,23000,40,14290
Algeria,DZA,1962,,660,1950,37900,21000,40,15610
Algeria,DZA,1963,,520,1950,34213.02,19301,40,16620
Algeria,DZA,1964,,600,2080,37734.52,20600,80,18250
Algeria,DZA,1965,,780,1950,39444.03,23500,92,20090
Algeria,DZA,1966,,600,2080,38035.3,25300,36,21720
Algeria,DZA,1967,,660,1950,37700,28200,40,23168
Algeria,DZA,1968,,540,1950,44895,32400,49.76,24670
Algeria,DZA,1969,,660,1950,46743,33700,74.68,25990
Algeria,DZA,1970,,688,2080,50000,29800,80,27210
Algeria,DZA,1971,,655,1009,51260,37695,80,28650
Algeria,DZA,1972,,937,1205,52654,41938,80,30150
Algeria,DZA,1973,,1372,1426,55424,43877,82,32150
Algeria,DZA,1974,,1143,1124,53504,47710,80,34150
Algeria,DZA,1975,,1005,1952,54940,46020,80,36150
Algeria,DZA,1976,,1000,1200,58280,47000,80,38150
Algeria,DZA,1977,,1781,1414,60060,49820,80,40150
Algeria,DZA,1978,,1542,1100,63513,44482,82,42150
Algeria,DZA,1979,,1902,1350,70062,44800,82,44150
Algeria,DZA,1980,,1950,1350,71433,44800,84,60150
Algeria,DZA,1981,,1950,1400,74733,43700,88,72150
Algeria,DZA,1982,,1800,1500,84845,48000,88,88150
Algeria,DZA,1983,,1950,1170,81070,65600,88,100165
Algeria,DZA,1984,,1040,1248,88550,47500,92,150220
Algeria,DZA,1985,,1105,1400,86140,66800,96,160220
Algeria,DZA,1986,,728,1500,88148,66360,100,170230
Algeria,DZA,1987,,767,1600,115243,73552,100,172230
Algeria,DZA,1988,,780,1700,119082,81000,104,182240
Algeria,DZA,1989,,780,1800,137173,85000,108,186250
Algeria,DZA,1990,,737,2000,142405,89500,112,194260
Algeria,DZA,1991,,26,2000,153795.88,94270,116,197275
Algeria,DZA,1992,,23,2000,167059.95,96500,120,200873.23
Algeria,DZA,1993,,22,2000,181101.56,98200,120,206842.83
Algeria,DZA,1994,,21,2000,181900.4,100600,128,213957.48
Algeria,DZA,1995,,20,2306.88,183527.33,100600,128,213200.33
Algeria,DZA,1996,,18,2547.66,193670.2,99000,128,221554.95
Algeria,DZA,1997,,17,2907.16,183165.98,102000,128,228005.48
Algeria,DZA,1998,,14,3064.85,183931.11,103000,128,254536.62
Algeria,DZA,1999,,14,4510.85,180639.1,116980,128,243133.72
Algeria,DZA,2000,,14,4961.94,181891.73,132600,128,252782.8
Algeria,DZA,2001,,13,5379.1,183208.98,105000,128,250470.6
Algeria,DZA,2002,,14,5658.81,184377.25,116000,128,259184.42
Algeria,DZA,2003,,14,5930.66,185112.38,121000,128,270912.16
Algeria,DZA,2004,,14,6616.48,193542.72,125000,128,272642.1
Algeria,DZA,2005,,13,6678.46,200493.34,120000,128,274362.56
Algeria,DZA,2006,,13,7377.2,208831.47,122000,120,276061.72
Algeria,DZA,2007,,14,7777.98,211597.69,123000,124,278727.12
Algeria,DZA,2008,,14,8183.03,202775.72,125000,128,280345.34
Algeria,DZA,2009,,14,8678.04,222298.31,130500,128,281900.44
Algeria,DZA,2010,,13,9443.03,232282.95,126126,124,281377.56
Algeria,DZA,2011,,14,9947.98,279410.94,125386,116,288756.78
Algeria,DZA,2012,,14,11318.06,289400.66,135674,120,294017.44
Algeria,DZA,2013,,14,11756.88,310727.16,139948,120,300137.38
Algeria,DZA,2014,,13,12402.16,327379.34,145724,116.69,340129.6
Algeria,DZA,2015,,13,12925.52,336811.47,155037,116.01,358834.84
Algeria,DZA,2016,,14,13728.31,354711.2,164268,116.65,380264
Algeria,DZA,2017,,14,14900,362614.4,166291.23,116.65,400005.8
Algeria,DZA,2018,,13,14500,361308,153192,116.03,413216.8
Algeria,DZA,2019,,13,13400,362690,151590,115.96,418778.88
Algeria,DZA,2020,,13.9,14718.3,371905.7,144246,115.94,530756
Algeria,DZA,2021,,17.3,14663.4,380633.6,146270,115.45,418561
Algeria,DZA,2022,,16,15117.68,387218.38,140000,115.09,450820.56
Algeria,DZA,2023,,16,15837.08,395565.6,138000,114.78,467568.7
Algeria,DZA,2024,,13.98,16099,403045.28,135000,114.46,483790.5
Americas (FAO),,1961,247000,152073.6,,816754.8,13484375,7238271.5,4095161.2
Americas (FAO),,1962,233000,157679.25,,810850.6,13820015,7462178,4065022
Americas (FAO),,1963,247000,176610.34,,771383.2,14652538,7719834.5,4289382
Americas (FAO),,1964,247800,210253.45,,732639.25,15304249,7810284.5,4502023
Americas (FAO),,1965,248500,203646.34,,743066,15513791,7245990.5,4873209
Americas (FAO),,1966,252024,195768,,776623.25,16150722,7446902.5,5290113
Americas (FAO),,1967,254525,202615.95,,771259,16609987,8129254,5544670.5
Americas (FAO),,1968,256744,215115,,779460.56,17358132,8365752,5507645.5
Americas (FAO),,1969,271927,220629.05,,734859.3,17922032,8341821.5,5852736
Americas (FAO),,1970,276674,222354.84,,745883.9,17973980,8780596,6336860.5
Americas (FAO),,1971,267213,214995.1,,739591.44,17364424,9588582,6419238.5
Americas (FAO),,1972,288800,224516.55,,684334.06,18004020,9060174,6779997
Americas (FAO),,1973,274500,248072.2,,647788.75,17439434,8726299,6874044
Americas (FAO),,1974,280850,214840.45,,616417.6,18366686,9298030,7083934.5
Americas (FAO),,1975,276200,231796.75,,601423.5,19665446,8301161,6966672
Americas (FAO),,1976,272500,257503.25,,582148.6,21543674,8857580,7726070
Americas (FAO),,1977,273800,253208.1,,569336.44,21405694,9418596,7980693.5
Americas (FAO),,1978,273000,266450.84,,536530.25,21195326,9649747,8517109
Americas (FAO),,1979,275100,266667.25,,528567.2,19551822,10918218,9510147
Americas (FAO),,1980,266520,235355.6,,518562.22,19803558,11749025,10206235
Americas (FAO),,1981,267810,229380.81,,550089.9,20627452,11462810,10907594
Americas (FAO),,1982,265500,210716.34,,563845.94,20365148,10654690,11167678
Americas (FAO),,1983,264830,196676.77,,567052.2,20930798,11270499,11352560
Americas (FAO),,1984,251120,210043.25,,558825.2,21189602,10964622,11533072
Americas (FAO),,1985,251220,208607.9,,558942.8,21719930,10896933,12193775
Americas (FAO),,1986,252220,211564.9,,569757.3,22571330,10343356,13031175
Americas (FAO),,1987,249053,234878.48,,558273.06,21684726,10661197,14285762
Americas (FAO),,1988,247997,253241.19,,581994.06,22185514,11396655,14884203
Americas (FAO),,1989,246000,264741.2,,597909.06,22292634,11218636,15461069
Americas (FAO),,1990,202344,268607.25,,616584.25,22486340,11011052,16749591
Americas (FAO),,1991,248005,268506.66,,626735.6,22505688,11455380,18078900
Americas (FAO),,1992,256407,265700.38,,610882.8,22627160,12249573,19293886
Americas (FAO),,1993,256622,245264.06,,609361.75,22840178,12528437,20599816
Americas (FAO),,1994,266998,220467.7,,615506.1,23358118,13149550,22062292
Americas (FAO),,1995,272958.7,218803.69,,597134.2,24561616,13466960,23741164
Americas (FAO),,1996,272037,216487.72,,541901.94,25600274,13161844,24562566
Americas (FAO),,1997,272822,220124.58,,537913.7,25744808,13391655,25790116
Americas (FAO),,1998,278595,214369.39,,527288.06,25485422,14705633,26868698
Americas (FAO),,1999,288378,227877.14,,534372.5,26503258,15170997,28875736
Americas (FAO),,2000,288728.2,233964.5,,541636.25,27114650,15224308,30161692
Americas (FAO),,2001,281835,250493,,572899.3,27122056,15540012,31419414
Americas (FAO),,2002,289533.06,244583.3,,524962.06,27302144,16087215,32810226
Americas (FAO),,2003,291649,248993.6,,522519.25,27907698,16475748,33673120
Americas (FAO),,2004,284384,223787.6,,510935.78,28873324,16886794,35610280
Americas (FAO),,2005,286054,233291.6,,515470.34,27041450,16800600,36174290
Americas (FAO),,2006,295647,232210.75,,524094.72,27739144,17136682,37196224
Americas (FAO),,2007,302054,211249.69,,522402.2,28668296,17947374,39026424
Americas (FAO),,2008,306328,207965.3,,525932.1,28455792,18689924,41276496
Americas (FAO),,2009,306621,199699.02,,525140.06,28635478,18650168,40486520
Americas (FAO),,2010,306543.44,195836.5,,541350.7,28028084,18490174,42196576
Americas (FAO),,2011,306520,194435.2,,534565.6,27837162,18869770,43688376
Americas (FAO),,2012,310742.2,189834.6,,526266,28500038,19232862,44096520
Americas (FAO),,2013,312734.2,180765.39,,531575.6,29492418,19178682,45095450
Americas (FAO),,2014,314342.03,176994.12,,529732.7,30937842,19164324,46315760
Americas (FAO),,2015,315845.03,172236.83,,518143.5,28365328,20375680,47993650
Americas (FAO),,2016,317397.2,170993.8,,518121.72,28453538,21022476,48773570
Americas (FAO),,2017,318726.84,171161.16,,520649.03,29682404,21553258,49803510
Americas (FAO),,2018,320426.62,170358.31,,536838.9,30574460,22227626,50299916
Americas (FAO),,2019,322792.38,169761.89,,558846.1,31077876,23200892,51550376
Americas (FAO),,2020,325040.4,168072.98,,564034.7,30661286,24007872,50235868
Americas (FAO),,2021,328325.22,178611.88,,564267.06,30688946,24294652,49859250
Americas (FAO),,2022,328937.8,174103.8,,559931.2,31682532,24446928,51163416
Americas (FAO),,2023,330384.56,161671.06,,563316.94,32177798,24696554,51920964
Americas (FAO),,2024,332006.53,166731.5,,564832.8,33333526,25168530,52784956
Angola,AGO,1961,4000,,,1659.5,19000,8000,3060
Angola,AGO,1962,4000,,,1699,20000,8000,3150
Angola,AGO,1963,4000,,,1723.88,21000,8000,3240
Angola,AGO,1964,5000,,,1832.45,24000,8000,3330
Angola,AGO,1965,5000,,,1928.6,26500,9000,3420
Angola,AGO,1966,5000,,,2025.02,28000,9000,3825
Angola,AGO,1967,6000,,,2132,31000,9000,4095
Angola,AGO,1968,6000,,,2272.31,32000,9000,4426.2
Angola,AGO,1969,6000,,,2366.7,36000,9000,4894.2
Angola,AGO,1970,6000,,,2478.66,41000,9000,5772.6
Angola,AGO,1971,6000,,,2645.27,43000,9500,6075
Angola,AGO,1972,6000,,,2881.07,43000,9800,6210
Angola,AGO,1973,6000,,,3032.5,44000,10350,6345
Angola,AGO,1974,6000,,,3183.5,44000,11000,6435
Angola,AGO,1975,6000,,,3325,52000,11500,6480
Angola,AGO,1976,6000,,,3465,44000,12250,6525
Angola,AGO,1977,6000,,,3605,45000,13000,6570
Angola,AGO,1978,6000,,,3745,46000,13750,6615
Angola,AGO,1979,6000,,,3885,47000,15750,6660
Angola,AGO,1980,6000,,,3935,48000,16500,6705
Angola,AGO,1981,6000,,,4030,50000,17000,6750
Angola,AGO,1982,6000,,,4125,51000,17750,6795
Angola,AGO,1983,6000,,,4175,52000,18500,6840
Angola,AGO,1984,6000,,,4270,53000,19250,6885
Angola,AGO,1985,6000,,,4320,54000,20000,6894
Angola,AGO,1986,6000,,,4379,57000,20600,6930
Angola,AGO,1987,6000,,,4465,57000,21000,6975
Angola,AGO,1988,6000,,,4605,57000,21150,7020
Angola,AGO,1989,6000,,,4735,58000,22000,7065
Angola,AGO,1990,6078,,,4600,59000,23992,7110
Angola,AGO,1991,6061.83,,,5160,60000,23000,7155
Angola,AGO,1992,6202.35,,,5334,66000,24000,7200
Angola,AGO,1993,6500,,,5622,68061,24500,7290
Angola,AGO,1994,6800,,,5935,65000,25000,7290
Angola,AGO,1995,7000,,,6409,55401,26000,7335
Angola,AGO,1996,7200,,,7518,71000,28000,7380
Angola,AGO,1997,7400,,,8700,77000,29000,7425
Angola,AGO,1998,7500,,,9420,85000,29058,7470
Angola,AGO,1999,7596.32,,,10155,84404,28600,7560
Angola,AGO,2000,7705.77,,,10950,93806,29000,7740
Angola,AGO,2001,7823.64,,,12937.5,94464,29900,7875
Angola,AGO,2002,7947.7,,,14437.5,96202,34100,8010
Angola,AGO,2003,8075.64,,,15930,96017,35750,8100
Angola,AGO,2004,8191.25,,,16762.5,72250,39300,8280
Angola,AGO,2005,8317.47,,,18225,84660,39900,7920
Angola,AGO,2006,8511.02,,,19050,84862.99,44600,9000
Angola,AGO,2007,8616.82,,,19290,91800,49800,10800
Angola,AGO,2008,8713.22,,,19845,96900,55600,13140
Angola,AGO,2009,8798.91,,,20400,97750,61900,15660
Angola,AGO,2010,8871.66,,,20925,98600,69550,19080
Angola,AGO,2011,8940,,,21555,100300,76700,22050
Angola,AGO,2012,8970,,,21855,102000,84500,25650
Angola,AGO,2013,8990,,,22725,105400,93600,29880
Angola,AGO,2014,9015.25,,,23164.35,103853.68,103354.6,35036.12
Angola,AGO,2015,9382.29,,,23506.77,102043.49,112702.01,39528.52
Angola,AGO,2016,9129.18,,,23880.7,103615.87,122130.07,39517.77
Angola,AGO,2017,9191.94,,,22753.34,107286.81,127229.28,40460.72
Angola,AGO,2018,9201.72,,,22420.47,103051.01,129203.09,41476.19
Angola,AGO,2019,9255,,,21016.87,101620.87,129938.02,28185
Angola,AGO,2020,9309.86,,,19045.3,100802.38,131435.56,29860
Angola,AGO,2021,9474.07,,,21513.78,104016.01,146337.73,36348
Angola,AGO,2022,9521,,,21383.82,100462,150720.05,48420
Angola,AGO,2023,9578.46,,,21301.95,105926,156076.33,53334
Angola,AGO,2024,9635.93,,,21228.16,110104,161523.66,57631
Antigua and Barbuda,ATG,1961,,,,38,250,47,60
Antigua and Barbuda,ATG,1962,,,,40.2,162,48,79.2
Antigua and Barbuda,ATG,1963,,,,38,197,48,81
Antigua and Barbuda,ATG,1964,,,,39,260,50,82.8
Antigua and Barbuda,ATG,1965,,,,38.4,220,53,81.6
Antigua and Barbuda,ATG,1966,,,,40.9,238,54,82.8
Antigua and Barbuda,ATG,1967,,,,42.6,160,60,84
Antigua and Barbuda,ATG,1968,,,,43.2,138,70,86.4
Antigua and Barbuda,ATG,1969,,,,43.3,172,75,90
Antigua and Barbuda,ATG,1970,,,,44.5,176,80,96
Antigua and Barbuda,ATG,1971,,,,47.2,307,94,97.2
Antigua and Barbuda,ATG,1972,,,,46.4,286,82,100.8
Antigua and Barbuda,ATG,1973,,,,49.8,278,84,104.4
Antigua and Barbuda,ATG,1974,,,,53,255,43,108
Antigua and Barbuda,ATG,1975,,,,53,150,30,109.2
Antigua and Barbuda,ATG,1976,,,,49.6,189,33,111.6
Antigua and Barbuda,ATG,1977,,,,53.6,249,55,132
Antigua and Barbuda,ATG,1978,,,,52.4,405,62,120
Antigua and Barbuda,ATG,1979,,,,60.8,429,73,120
Antigua and Barbuda,ATG,1980,,,,68.4,509,91,120
Antigua and Barbuda,ATG,1981,,,,68.4,468,56,122.4
Antigua and Barbuda,ATG,1982,,,,69,415,56,132
Antigua and Barbuda,ATG,1983,,,,69.6,457,62,138
Antigua and Barbuda,ATG,1984,,,,69.6,420,75,129.6
Antigua and Barbuda,ATG,1985,,,,70.8,600,80,156
Antigua and Barbuda,ATG,1986,,,,73.8,600,80,168
Antigua and Barbuda,ATG,1987,,,,75,600,83,168
Antigua and Barbuda,ATG,1988,,,,72.6,600,88,168
Antigua and Barbuda,ATG,1989,,,,71.6,450,72,168
Antigua and Barbuda,ATG,1990,,,,72.6,520,78,180
Antigua and Barbuda,ATG,1991,,,,76.31,322.7,78,192
Antigua and Barbuda,ATG,1992,,,,74.87,199.85,80.45,204
Antigua and Barbuda,ATG,1993,,,,73,174.66,80,210
Antigua and Barbuda,ATG,1994,,,,70.69,158.24,80,210
Antigua and Barbuda,ATG,1995,,,,67.92,150.43,83.36,216
Antigua and Barbuda,ATG,1996,,,,64.71,143.8,101.6,216
Antigua and Barbuda,ATG,1997,,,,61.06,144.2,117.23,240
Antigua and Barbuda,ATG,1998,,,,56.99,144.74,135.46,240
Antigua and Barbuda,ATG,1999,,,,52.2,151.1,151.09,264
Antigua and Barbuda,ATG,2000,,,,21.82,197.24,169.33,264
Antigua and Barbuda,ATG,2001,,,,44.52,160.13,178.2,288
Antigua and Barbuda,ATG,2002,,,,42.12,156.73,181,288
Antigua and Barbuda,ATG,2003,,,,39.83,162.68,187.7,312
Antigua and Barbuda,ATG,2004,,,,38.24,162.39,194,312
Antigua and Barbuda,ATG,2005,,,,36.52,162.51,194,336
Antigua and Barbuda,ATG,2006,,,,34.36,150,180,336
Antigua and Barbuda,ATG,2007,,,,34.66,150,150,360
Antigua and Barbuda,ATG,2008,,,,32.35,150,130,360
Antigua and Barbuda,ATG,2009,,,,28.68,150,100,240
Antigua and Barbuda,ATG,2010,,,,25,148,55,180
Antigua and Barbuda,ATG,2011,,,,44,152,75,96
Antigua and Barbuda,ATG,2012,,,,12,156,67,80.4
Antigua and Barbuda,ATG,2013,,,,26.33,159.1,70,42
Antigua and Barbuda,ATG,2014,,,,23.79,146.65,67.91,15.14
Antigua and Barbuda,ATG,2015,,,,20.52,145.6,66.62,38.6
Antigua and Barbuda,ATG,2016,,,,16.48,95.38,64.49,25.6
Antigua and Barbuda,ATG,2017,,,,12.85,85.19,66.23,23.48
Antigua and Barbuda,ATG,2018,,,,6.3,76.2,58.5,29.22
Antigua and Barbuda,ATG,2019,,,,6.7,59.7,57.8,26.1
Antigua and Barbuda,ATG,2020,,,,7.5,66.4,67.9,15.6
Antigua and Barbuda,ATG,2021,,,,7,57,50,33.6
Antigua and Barbuda,ATG,2022,,,,6.26,62.68,54.57,88.31
Antigua and Barbuda,ATG,2023,,,,3.64,39.61,44.09,17.06
Antigua and Barbuda,ATG,2024,,,,9.27,73.34,49.86,6
Argentina,ARG,1961,23000,27520,,176976,2145064,186932,43171
Argentina,ARG,1962,24000,38979,,176036,2378826,159260,50950
Argentina,ARG,1963,35000,58000,,160529,2605287,157408,62031.6
Argentina,ARG,1964,26000,87750,,145297,2019240,153787,85201.1
Argentina,ARG,1965,26500,81911,,173064,1995096,212536,127760.1
Argentina,ARG,1966,27000,64499,,197896,2320931,233100,122185
Argentina,ARG,1967,27500,68022,,214276,2521953,217260,126029
Argentina,ARG,1968,28000,70013,,219370,2561320,182605,138553
Argentina,ARG,1969,39000,81000,,203603,2882933,204665,146155
Argentina,ARG,1970,41000,85461,,186768,2624011,210172,186947
Argentina,ARG,1971,32250,76571,,185832.6,2000893,248026,211806
Argentina,ARG,1972,55000,82855,,142945.8,2191102,216041,204646
Argentina,ARG,1973,34500,58711,,138396,2148578,257707,207090
Argentina,ARG,1974,38750,32128,,120946.4,2163033,240450,282294
Argentina,ARG,1975,37000,35652,,131281,2438552,255064,277990
Argentina,ARG,1976,38000,46666,,134971,2811410,257764,262610
Argentina,ARG,1977,39000,52737,,139921,2913776,241489,256800
Argentina,ARG,1978,38000,53500,,136617,3193244,214079,264570
Argentina,ARG,1979,40000,55619,,136609,3020199,258241,290563
Argentina,ARG,1980,41000,41274,,117816,2839248,263280,298500
Argentina,ARG,1981,42000,44018,,120048,2939205,253663,303270
Argentina,ARG,1982,45000,50000,,117118,2550542,230316,339790
Argentina,ARG,1983,44000,50000,,116526,2455270,207204,357115
Argentina,ARG,1984,45000,50000,,115270,2553720,210884,352885
Argentina,ARG,1985,45000,42818,,104376,2847838,192968,365485
Argentina,ARG,1986,46000,35924,,104270,3023413,206486,378560
Argentina,ARG,1987,43000,40881,,96270,2574359,204687,438788
Argentina,ARG,1988,42000,42000,,89689,2506467,192526,391579
Argentina,ARG,1989,40000,42000,,90784,2558857,172051,347148
Argentina,ARG,1990,,43500,,91600,3007000,140548,371797
Argentina,ARG,1991,42000,45600,,91532,2918000,141585,410844.5
Argentina,ARG,1992,43000,47800,,72684.44,2784000,157230,498449.5
Argentina,ARG,1993,44000,50000,,72191.2,2808000,230140,713385
Argentina,ARG,1994,45000,49919,,92479.74,2783000,230340,752774
Argentina,ARG,1995,46000,48026,,88259.39,2688000,211433,817255
Argentina,ARG,1996,47000,47336,,71259.38,2694000,179589,790102
Argentina,ARG,1997,46894,47229,,65259.37,2712000,160971,823041
Argentina,ARG,1998,43218,43527,,56896.03,2469169,184041,930247
Argentina,ARG,1999,48000,55000,,54001.62,2719784,214583,982860
Argentina,ARG,2000,47961,54955,,59002,2718000,213965,1000260
Argentina,ARG,2001,43488,49829,,91101.36,2461000,197504,993122
Argentina,ARG,2002,43485,55500,,59539.29,2493000,165292,742310
Argentina,ARG,2003,48500,55600,,61269.31,2658000,149755,781365
Argentina,ARG,2004,48500,46000,,54269.37,3024000,185300,909153
Argentina,ARG,2005,48500,48000,,61270,3130800,215496,1053153
Argentina,ARG,2006,48500,52000,,59069.36,3033600,262173,1202270
Argentina,ARG,2007,49000,50200,,58799.14,3223700,276116,1287910
Argentina,ARG,2008,47637,39508.94,,55898.89,3131902,274355,1444588.1
Argentina,ARG,2009,49000,37711.98,,54898.97,3378460,288851,1546340
Argentina,ARG,2010,50000,32407,,84310.87,2630163,279102,1643470
Argentina,ARG,2011,50000,29023,,75846.14,2498954,300663,1824600
Argentina,ARG,2012,50000,21297,,69064.68,2595815,331000,1948922.2
Argentina,ARG,2013,50000,19990,,67044.06,2821608,416442,1967741.8
Argentina,ARG,2014,50000,20344,,68718.77,2674000,442025,1980882.1
Argentina,ARG,2015,50000,18791.38,,66114.87,2727000,483437,2138144.5
Argentina,ARG,2016,50000,19976.53,,58937,2644000,522428,2099459.8
Argentina,ARG,2017,50000,22452,,57848.6,2844511,566276,2154324.2
Argentina,ARG,2018,50000,25934,,56666.75,3066094,620549,2110294.2
Argentina,ARG,2019,50397.78,24498,,61260.84,3135908,629717,2245487.8
Argentina,ARG,2020,50829.65,20189,,61989.25,3168472,655381.9,2261517.2
Argentina,ARG,2021,51185.27,24159,,53426.17,2981689.8,695939,2336672.5
Argentina,ARG,2022,51129.75,22091,,47438.75,3150850.8,726651.3,2360766.8
Argentina,ARG,2023,51274.46,19415,,46564.26,3287045.8,762163.56,2328100
Argentina,ARG,2024,51419.16,22304,,44370.01,3178044,785778,2344873.5
Armenia,ARM,1992,,,,8100,32600,16800,9600
Armenia,ARM,1993,,,,8400,30400,4500,3200
Armenia,ARM,1994,,,,7376.31,28800,6100,3300
Armenia,ARM,1995,,,,7066.8,29700,4800,6800
Armenia,ARM,1996,,,,5469.31,33100,5600,4200
Armenia,ARM,1997,,,,4879.07,34800,5400,4000
Armenia,ARM,1998,,,,5080.02,34900,7200,4100
Armenia,ARM,1999,,,,4517.42,32000,8300,4300
Armenia,ARM,2000,,,,8121.48,30900,9100,3200
Armenia,ARM,2001,,,,6842.53,29413,8509,3608
Armenia,ARM,2002,,,,5929.04,29613,10310,4404
Armenia,ARM,2003,,,,6245.22,29921,11508,5010
Armenia,ARM,2004,,,,7270.34,33406,8505,4275
Armenia,ARM,2005,,,,7623.78,34400,9400,4600
Armenia,ARM,2006,,,,7213.95,40400,14100,5100
Armenia,ARM,2007,,,,7313.3,43300,13300,5800
Armenia,ARM,2008,,,,7404.06,49300,7500,6700
Armenia,ARM,2009,,,,8890.81,49600,7200,5000
Armenia,ARM,2010,,,,8184.25,48000,7900,5400
Armenia,ARM,2011,,,,8381.48,48200,9400,5700
Armenia,ARM,2012,,,,8479.58,47600,9500,8300
Armenia,ARM,2013,,,,8979.9,53600,12600,8200
Armenia,ARM,2014,,,,9080.83,59000,16200,8800
Armenia,ARM,2015,,,,9847.44,63600,17500,9500
Armenia,ARM,2016,,,,10344.25,68100,18000,9700
Armenia,ARM,2017,,,,11038.31,70800,16600,10600
Armenia,ARM,2018,,,,10829.71,68800,16300,12300
Armenia,ARM,2019,,,,10729.25,68100,16100,12400
Armenia,ARM,2020,,,,10829.39,68300,16200,12600
Armenia,ARM,2021,,,,10831.23,69400,15800,14600
Armenia,ARM,2022,,,,10828.12,63900,14900,14100
Armenia,ARM,2023,,,,10926.35,60500,15100,13800
Armenia,ARM,2024,,,,11116.98,60060,20280,14058
Asia,OWID_ASI,1961,16000,79269,53624,1431988.9,2727029,2901027.5,1499186.6
Asia,OWID_ASI,1962,16000,76445.4,55205.74,1467516.8,2835943.8,3485849.5,1584943
Asia,OWID_ASI,1963,17000,76093.2,54781.36,1498320.8,2929570.8,5046364,1694934.5
Asia,OWID_ASI,1964,17000,74164,56425,1527766.8,3076737.5,6390223,1757714.6
Asia,OWID_ASI,1965,18000,79879,58363.4,1571217.1,3123623.8,7283155,1878957.1
Asia,OWID_ASI,1966,19105,74005.24,58860,1630313.2,3135858,8026940,1999365.5
Asia,OWID_ASI,1967,21064,77160.6,58170.1,1648095.8,3196704.2,8428853,2167212.2
Asia,OWID_ASI,1968,21980,77591.6,61046.85,1671407.9,3287993,8382431.5,2331396
Asia,OWID_ASI,1969,25800,72648.72,57604.8,1720279.5,3432434,8266211,2510682.8
Asia,OWID_ASI,1970,25560,72591.72,57286.8,1745683.2,3563743.8,8440311,2692455.5
Asia,OWID_ASI,1971,26840,74487.2,60191.05,1793900.9,3645406.8,9517797,2872450
Asia,OWID_ASI,1972,26600,74476.4,61679.5,1805153.5,3740958.8,10351133,3128147.2
Asia,OWID_ASI,1973,25520,76132.4,67730.1,1865231.9,3806208,10553717,3327405.5
Asia,OWID_ASI,1974,26200,79526.4,85034.4,1934995,4115867.2,10591533,3481985
Asia,OWID_ASI,1975,26400,83990.4,80491.3,2064545.2,4173619,10634925,3661434
Asia,OWID_ASI,1976,26800,86971.4,77672.45,2076198,4178681.5,10710098,3896318.5
Asia,OWID_ASI,1977,28700,90789.4,76977.3,2161206.8,4328462.5,10883117,4177711.5
Asia,OWID_ASI,1978,28000,92703.4,73055.8,2275675.2,4453428,11961322,4566644.5
Asia,OWID_ASI,1979,28800,84407.6,72712.3,2293998.2,4641464,14376794,4946846.5
Asia,OWID_ASI,1980,29500,80438.6,70516,2359210.5,4719611.5,15791765,5205883.5
Asia,OWID_ASI,1981,28700,79265.6,66192.5,2514489,4899105.5,16447313,5523981
Asia,OWID_ASI,1982,29500,78416.6,64257.5,2672071.2,5162733.5,17411940,5966613
Asia,OWID_ASI,1983,29000,79921,66925,2781959.8,5240923,18119380,6325151.5
Asia,OWID_ASI,1984,28650,80686.6,71965.72,2876150,5681053,19801330,6504693
Asia,OWID_ASI,1985,27300,84824,75979.26,2920420,5835135.5,22193776,6882201.5
Asia,OWID_ASI,1986,25850,87600.8,73856.81,3016056,6262643.5,22860242,7583828.5
Asia,OWID_ASI,1987,28480,91153.3,75007.84,3196847,6451712,24377036,8384913
Asia,OWID_ASI,1988,29480,89156.3,77023.5,3359925.8,6664529,26154014,9190002
Asia,OWID_ASI,1989,32600,92978.3,82016.4,3584993.8,6865095.5,27480576,9457595
Asia,OWID_ASI,1990,35700,96437.3,90501.19,3762017.2,7112244.5,29319010,10015113
Asia,OWID_ASI,1991,36744.94,105866.35,92312.75,3721710.8,6573736,31137898,11190509
Asia,OWID_ASI,1992,42842.78,183220.11,97835.38,4315766,8198625.5,33706904,12759877
Asia,OWID_ASI,1993,45940.62,168179.36,97208.87,4566169,8488092,35994120,14417292
Asia,OWID_ASI,1994,42836.86,232955.16,97332.12,4776812,8841931,39669964,15465442
Asia,OWID_ASI,1995,40731.53,247992.83,91614.24,5037318,9351809,43972920,16988796
Asia,OWID_ASI,1996,30224.35,303625.72,110265.75,4865344.5,9317473,39347356,17547278
Asia,OWID_ASI,1997,34315.25,290652.53,106023,5235620.5,10562839,43658812,19358208
Asia,OWID_ASI,1998,36295.65,290795.22,104778.06,5537103,11213137,46458940,20230582
Asia,OWID_ASI,1999,40490.94,306130.75,100571.25,5712668.5,11972693,47559590,21209440
Asia,OWID_ASI,2000,26575.6,308336.1,106092.58,5870671.5,12163690,47266590,22872236
Asia,OWID_ASI,2001,26658.01,312368.56,104157,6286293,12238295,48379370,23344210
Asia,OWID_ASI,2002,27719.11,311444.2,103481.8,6407738.5,12818151,49444416,24361334
Asia,OWID_ASI,2003,27866.21,313934.44,102807.4,6700829.5,13203940,51046470,25539736
Asia,OWID_ASI,2004,27088.781,322320.44,107752.2,7016181.5,13863130,52098744,25680026
Asia,OWID_ASI,2005,26236.45,325186.44,107939,7270314.5,14014732,54491376,27261140
Asia,OWID_ASI,2006,25153.03,315442.44,109713,7379058.5,14969174,55989500,28322166
Asia,OWID_ASI,2007,24581.58,309921.8,114677,7725626,15630209,52476988,30223404
Asia,OWID_ASI,2008,23818.18,308426.5,117015,7815966,15992029,55776692,31742698
Asia,OWID_ASI,2009,23556.86,314540.5,119800,8060013,16609797,58726980,33320604
Asia,OWID_ASI,2010,23292.54,307213.5,122857,8281584,16928166,60741704,34784708
Asia,OWID_ASI,2011,23025.24,326909.6,123517.53,8414771,17203816,60421670,36373344
Asia,OWID_ASI,2012,22755.17,345148.84,121161.78,8630985,17698952,63715140,38739290
Asia,OWID_ASI,2013,22485.1,336347.25,141601.89,8905262,18216610,65612770,39994704
Asia,OWID_ASI,2014,20939.66,352076.44,145234.9,9331465,18521216,67430680,40822070
Asia,OWID_ASI,2015,20057.74,389947.56,153052.66,9645375,18860940,67787096,42448500
Asia,OWID_ASI,2016,21330.59,380364.22,167981.52,9977697,19148232,66030536,44091040
Asia,OWID_ASI,2017,21219.35,361792.34,174571.56,10238633,19596590,66330890,46162190
Asia,OWID_ASI,2018,20891.11,399776.25,184240.53,10278290,19850212,65201864,47695660
Asia,OWID_ASI,2019,20763.76,447146.38,195569.38,10607383,20224838,53330164,51216524
Asia,OWID_ASI,2020,20982.14,526276.8,207595.16,11066787,19943910,51857916,53295972
Asia,OWID_ASI,2021,20319.35,449775.1,201034.19,11482562,20882838,63493740,54068684
Asia,OWID_ASI,2022,19823.18,537999.9,215501.02,12043778,21501458,66175524,55894996
Asia,OWID_ASI,2023,19390.81,476098.66,234483.19,12617395,22204520,68833820,57643960
Asia,OWID_ASI,2024,18979.83,447233.75,243250.5,12519524,22664168,68310584,59256980
Asia (FAO),,1961,16120,79269,53624,1435971.9,2729264,2902856.5,1502263.6
Asia (FAO),,1962,16120,76445.4,55205.74,1471559.8,2838280.8,3487881.5,1588250.5
Asia (FAO),,1963,17120,76093.2,54781.36,1502536.9,2932008.8,5048904,1698472.5
Asia (FAO),,1964,17120,74164,56425,1532135.8,3079277.5,6392966,1761507.6
Asia (FAO),,1965,18120,79879,58363.4,1575789.1,3126265.8,7286305,1883680.1
Asia (FAO),,1966,19230,74005.24,58860,1635292.2,3138550,8033646,2004397.5
Asia (FAO),,1967,21189,77160.6,58170.1,1653632.8,3199447.2,8436473,2173260.2
Asia (FAO),,1968,22105,77591.6,61046.85,1677554.9,3290838,8390559,2338747.5
Asia (FAO),,1969,25925,72648.72,57604.8,1727137.5,3435380,8277387,2520314.8
Asia (FAO),,1970,25685,72591.72,57286.8,1753638.2,3566791.8,8452503,2702296.5
Asia (FAO),,1971,26970,74487.2,60191.05,1802688.9,3648657.8,9530497,2882953.5
Asia (FAO),,1972,26730,74476.4,61679.5,1814338.5,3744514.8,10364849,3139110.2
Asia (FAO),,1973,25650,76132.4,67730.1,1875807.9,3810170,10569668,3337866
Asia (FAO),,1974,26330,79526.4,85034.4,1941904,4117899.2,10606264,3490278.5
Asia (FAO),,1975,26535,83990.4,80491.3,2068152.2,4174991,10647117,3668841.5
Asia (FAO),,1976,26935,86971.4,77672.45,2080343,4180256.5,10723712,3904283.5
Asia (FAO),,1977,28835,90789.4,76977.3,2165848.8,4330098.5,10897341,4186059.5
Asia (FAO),,1978,28135,92703.4,73055.8,2281451.2,4455277,11976562,4575551.5
Asia (FAO),,1979,28940,84407.6,72712.3,2299490.2,4643293,14392440,4957283.5
Asia (FAO),,1980,29640,80438.6,70516,2364547.5,4721633.5,15807086,5216398.5
Asia (FAO),,1981,28840,79265.6,66192.5,2519876,4901137.5,16464839,5534922
Asia (FAO),,1982,29640,78416.6,64257.5,2677641.2,5164735.5,17431550,5978805.5
Asia (FAO),,1983,29145,79921,66925,2787849.8,5243373,18140380,6338845
Asia (FAO),,1984,28795,80686.6,71965.72,2882590,5683498,19824580,6518937.5
Asia (FAO),,1985,27445,84824,75979.26,2927850,5837885.5,22217376,6896294.5
Asia (FAO),,1986,25995,87600.8,73856.81,3023886,6266243.5,22883442,7599804
Asia (FAO),,1987,28630,91153.3,75007.84,3205847,6455812,24402336,8400115
Asia (FAO),,1988,29630,89156.3,77023.5,3368725.8,6668529,26181414,9207592
Asia (FAO),,1989,32775,92978.3,82016.4,3593243.8,6869195.5,27509876,9478719
Asia (FAO),,1990,35848,96437.3,90501.19,3770117.2,7116344.5,29350410,10037353
Asia (FAO),,1991,36914.94,105866.35,92312.75,3728670.8,6578336,31169798,11211636
Asia (FAO),,1992,43002.78,183220.11,97835.38,4322406,8203175.5,33740404,12785145
Asia (FAO),,1993,46100.62,168179.36,97208.87,4573519,8492292,36033320,14443916
Asia (FAO),,1994,43336.87,232955.16,97332.12,4784201.5,8846361,39712464,15493488
Asia (FAO),,1995,41031.52,247992.83,91614.24,5045138,9356839,44015720,17018244
Asia (FAO),,1996,30542.34,303625.72,110265.75,4873084.5,9322373,39392956,17578472
Asia (FAO),,1997,34665.25,290652.53,106023,5243700.5,10568239,43704910,19391452
Asia (FAO),,1998,36712.66,290795.22,104778.06,5546943,11217137,46506140,20263326
Asia (FAO),,1999,40910.94,306130.75,100571.25,5723418.5,11976643,47608740,21244116
Asia (FAO),,2000,27000.61,308336.1,106092.58,5881191.5,12168140,47318844,22904794
Asia (FAO),,2001,27192.01,312368.56,104157,6297283,12242195,48430068,23378346
Asia (FAO),,2002,27987.1,311444.2,103481.8,6420318.5,12821951,49496216,24396456
Asia (FAO),,2003,28361.21,313934.44,102807.4,6708890.5,13207944,51100788,25573148
Asia (FAO),,2004,27733.78,322320.44,107752.2,7023171.5,13866934,52153960,25712808
Asia (FAO),,2005,26676.44,325186.44,107939,7277259.5,14018914,54546060,27294692
Asia (FAO),,2006,25389.03,315442.44,109713,7386233.5,14973177,56042012,28349438
Asia (FAO),,2007,24917.58,309921.8,114677,7732732,15634129,52531970,30252546
Asia (FAO),,2008,24110.18,308426.5,117015,7823177,15996277,55835864,31772104
Asia (FAO),,2009,23845.87,314540.5,119800,8065499,16614302,58785084,33348336
Asia (FAO),,2010,23765.54,307213.5,122857,8286427,16932644,60798760,34812856
Asia (FAO),,2011,23573.24,326909.6,123517.53,8419696,17208644,60476884,36400772
Asia (FAO),,2012,23228.17,345148.84,121161.77,8636717,17704264,63766864,38764884
Asia (FAO),,2013,22886.1,336347.25,141601.89,8910556,18221172,65661430,40016972
Asia (FAO),,2014,21412.65,352076.4,145234.9,9336670,18525788,67473300,40843990
Asia (FAO),,2015,20539.2,389947.56,153052.64,9650824,18865894,67830870,42472670
Asia (FAO),,2016,21921.6,380364.22,167981.52,9982650,19153186,66074436,44115304
Asia (FAO),,2017,21546.34,361792.38,174571.55,10243890,19601692,66374030,46187720
Asia (FAO),,2018,20891.11,399776.25,184240.55,10283910,19855492,65243664,47721080
Asia (FAO),,2019,20763.77,447146.38,195569.38,10612813,20230448,53373510,51243376
Asia (FAO),,2020,20982.14,526276.8,207595.16,11071437,19948550,51900304,53322652
Asia (FAO),,2021,20319.35,449775.1,201034.17,11487712,20888738,63537452,54095484
Asia (FAO),,2022,19823.19,537999.94,215501.02,12049388,21506948,66215844,55922256
Asia (FAO),,2023,19390.82,476098.7,234483.19,12637355,22222580,68871130,57704732
Asia (FAO),,2024,18979.83,447233.75,243250.53,12533234,22678808,68345920,59307132
Australia,AUS,1961,,14840,,583775,642924,110000,49388
Australia,AUS,1962,,14560,,596526,803950,122427,49740
Australia,AUS,1963,,12320,,603234,928606,116223,50810
Australia,AUS,1964,,11760,,595377,1001315,113069,59058
Australia,AUS,1965,,9800,,594473,1026287,122156,71997
Australia,AUS,1966,,11200,,608689,946333,135135,68946
Australia,AUS,1967,,8960,,596671,878683,142247,88523
Australia,AUS,1968,,7000,,664747,904285,149359,102731
Australia,AUS,1969,,8120,,679987,934766,162568,109184
Australia,AUS,1970,,6160,,755175,1009954,174761,123852
Australia,AUS,1971,,6160,,825518.5,1047200,181873,151516
Australia,AUS,1972,,6160,,956703,1164393,194065,163272
Australia,AUS,1973,,6300,,713770,1437944,236173,160778
Australia,AUS,1974,,6440,,467847,1321817,211036,193439
Australia,AUS,1975,,6440,,527523,1546965,175071,189440
Australia,AUS,1976,,5880,,588095,1840415,173825,204182
Australia,AUS,1977,,6160,,549636,1987800,185083,218209
Australia,AUS,1978,,6160,,513995,2183800,199080,245731
Australia,AUS,1979,,6720,,491775,2018000,198600,271105
Australia,AUS,1980,,8400,,548875,1564400,219565,312543
Australia,AUS,1981,,21196,,578600,1467200,233000,303000
Australia,AUS,1982,,20916,,511316,1576195,228431,286000
Australia,AUS,1983,,22960,,530617,1542890,239100,312900
Australia,AUS,1984,,22960,,465316,1345276,253279,297929
Australia,AUS,1985,,22960,,515992,1310020,260321,345200
Australia,AUS,1986,,27888,,582933,1384923,270914,359400
Australia,AUS,1987,,27888,,588769,1520723,282831,379540
Australia,AUS,1988,,21840,,592706,1587724,296772,386789
Australia,AUS,1989,,18200,,549548,1491478,308143,395809
Australia,AUS,1990,,20720,,635673,1676726,317117,412584
Australia,AUS,1991,,21840,,678133,1759569,312116,416639
Australia,AUS,1992,,21840,,678391,1790870,335785,443412
Australia,AUS,1993,,22400,,654877,1825813,328317,464340
Australia,AUS,1994,,22400,,658520,1824805,344260,488822
Australia,AUS,1995,,22400,,631558,1803417,351299,488951
Australia,AUS,1996,,21840,,584298,1744696,333967,507444
Australia,AUS,1997,,21840,,575431,1810300,344200,588823
Australia,AUS,1998,,21280,,624314,1955253,369000,631431
Australia,AUS,1999,,21280,,636875,2010530,362200,607164
Australia,AUS,2000,,21280,,690625,1987902,364400,643238
Australia,AUS,2001,,21280,,725433,2078900,378531,649040
Australia,AUS,2002,,21280,,658756,2089742,407274,718778
Australia,AUS,2003,,21280,,612466,1997563,418875,704437
Australia,AUS,2004,,21280,,578178,2112892,394823,744521
Australia,AUS,2005,,21280,,613626,2090272,390336,776647
Australia,AUS,2006,,24640,,644214,2188318,382682,830016
Australia,AUS,2007,,25480,,699806,2168946,384586,860685
Australia,AUS,2008,,25760,,676875,2138328,345076,843723
Australia,AUS,2009,,25760,,660790,2106385,323670,869269
Australia,AUS,2010,,25760,,581658,2128598,338734,973202
Australia,AUS,2011,,26320,,544976,2129021,344266,1049992
Australia,AUS,2012,,26600,,584243,2152031,351737,1084998
Australia,AUS,2013,,27440,,692100,2359064,359903,1103436.6
Australia,AUS,2014,,28000,,753513,2595149,362192,1140113.4
Australia,AUS,2015,,28195.39,,753338,2661640,371163,1153151.4
Australia,AUS,2016,,28262.02,,745855,2315994,377643,1229585.8
Australia,AUS,2017,,27778.23,,702604,2068616,397139,1267241.5
Australia,AUS,2018,,27955.93,,759945,2308547,423400,1250091.1
Australia,AUS,2019,,27994.04,,753662,2431810,397900,1262835.4
Australia,AUS,2020,,27740.95,,673311,2125135,418900,1307947.9
Australia,AUS,2021,,25514.36,,684436,1893742,443200,1374510.2
Australia,AUS,2022,,23793.1,,739142,1889171,436300,1400639.6
Australia,AUS,2023,,22188.58,,884510,2234836,466786,1449742.1
Australia,AUS,2024,,20816.84,,981652,2589767,470502,1514322.6
Australia and New Zealand (FAO),,1961,500,15180,,1041175,879424,149600,56146
Australia and New Zealand (FAO),,1962,800,14985,,1069686,1085750,162627,58317
Australia and New Zealand (FAO),,1963,1000,12745,,1066974,1221706,158923,58195
Australia and New Zealand (FAO),,1964,2000,12270,,1084767,1288315,160069,67352
Australia and New Zealand (FAO),,1965,3500,10310,,1070773,1297687,166956,81634
Australia and New Zealand (FAO),,1966,3000,11778,,1082269,1233633,173635,79411
Australia and New Zealand (FAO),,1967,3200,9453,,1109671,1175683,178247,99221
Australia and New Zealand (FAO),,1968,3860,7459,,1222707,1243685,186759,113669
Australia and New Zealand (FAO),,1969,3242,8460,,1234427,1305266,198968,121816
Australia and New Zealand (FAO),,1970,3689,6670,,1309575,1396454,213361,139072
Australia and New Zealand (FAO),,1971,4359,6670,,1390318.5,1440400,225563,170256
Australia and New Zealand (FAO),,1972,4384,6670,,1532503,1574293,234665,182771
Australia and New Zealand (FAO),,1973,6000,6810,,1271370,1883444,271473,182248
Australia and New Zealand (FAO),,1974,4000,6950,,966297,1726517,245436,223091
Australia and New Zealand (FAO),,1975,3000,6950,,1019523,2055065,209271,216719
Australia and New Zealand (FAO),,1976,3200,6390,,1102195,2468515,206625,232461
Australia and New Zealand (FAO),,1977,3700,6670,,1047656,2545500,224083,245969
Australia and New Zealand (FAO),,1978,3000,6670,,1016105,2745300,237280,282841
Australia and New Zealand (FAO),,1979,2500,7230,,1006575,2529600,234300,305526
Australia and New Zealand (FAO),,1980,2500,8910,,1109525,2060400,254065,344699
Australia and New Zealand (FAO),,1981,2500,21706,,1205650,1965300,265500,342589
Australia and New Zealand (FAO),,1982,1438,21341,,1134666,2092195,268531,322994
Australia and New Zealand (FAO),,1983,2200,23385,,1211547,2054990,278800,346610
Australia and New Zealand (FAO),,1984,2200,23385,,1133666,1778676,296179,340572
Australia and New Zealand (FAO),,1985,2800,23402,,1244892,1796720,308021,394780
Australia and New Zealand (FAO),,1986,3200,28398,,1200353,1852523,318514,406268
Australia and New Zealand (FAO),,1987,4080,28568,,1199863,2075227,327231,428921
Australia and New Zealand (FAO),,1988,4500,22690,,1208830,2159350,342372,440000
Australia and New Zealand (FAO),,1989,4394,19050,,1162085,2047478,353211,454339
Australia and New Zealand (FAO),,1990,5560,21570,,1167671,2155369,360357,470470
Australia and New Zealand (FAO),,1991,10240,22529.35,,1195048,2284766,354542,476199
Australia and New Zealand (FAO),,1992,22700,22817.5,,1259200,2340517,381903,504837
Australia and New Zealand (FAO),,1993,18400,24213,,1136792,2370136,376980,533247
Australia and New Zealand (FAO),,1994,22000,24301,,1184245,2390520,393019,561047
Australia and New Zealand (FAO),,1995,22100,24291,,1161428,2401020,402114,576147
Australia and New Zealand (FAO),,1996,17900,23332,,1093792,2393967,384785,597630
Australia and New Zealand (FAO),,1997,17400,23098,,1116030,2442894,392016,676374
Australia and New Zealand (FAO),,1998,21900,22378,,1174002,2606470,417338,726984.2
Australia and New Zealand (FAO),,1999,26250,22454,,1136127,2564731,410507,705573.2
Australia and New Zealand (FAO),,2000,21767,22371,,1230149,2575359,410492,749533.2
Australia and New Zealand (FAO),,2001,23760,21841,,1297859,2669811,424830,763072.2
Australia and New Zealand (FAO),,2002,25580,21932,,1178606,2664046,451957,842832
Australia and New Zealand (FAO),,2003,29466,21643,,1161283,2629683,465195,841666
Australia and New Zealand (FAO),,2004,36721,21537,,1096789,2823240,445710,891143
Australia and New Zealand (FAO),,2005,41792,21672,,1147914,2753707,441237,934973
Australia and New Zealand (FAO),,2006,38647,25274,,1188337,2828293,433756,982797
Australia and New Zealand (FAO),,2007,32903,26078,,1280032,2800636,434907,1007658
Australia and New Zealand (FAO),,2008,32318,26061,,1275627,2769348,396779,991668
Australia and New Zealand (FAO),,2009,27207,26512,,1173386,2744049,371008,1010386
Australia and New Zealand (FAO),,2010,21261,26201,,1057028,2766611,385400,1118674
Australia and New Zealand (FAO),,2011,22919.73,26816,,998276,2747232,393733,1201083
Australia and New Zealand (FAO),,2012,22900,27082,,1041661,2759075,402328,1254224
Australia and New Zealand (FAO),,2013,23712,27845,,1173959,2986238,407062,1273082.5
Australia and New Zealand (FAO),,2014,24149.65,28390,,1241954,3220824,409963,1329845.1
Australia and New Zealand (FAO),,2015,22462.96,28608.39,,1241742,3337484,416795,1345788.8
Australia and New Zealand (FAO),,2016,23441.54,28484.02,,1227862,2989064,421489,1442447.9
Australia and New Zealand (FAO),,2017,22704.38,27814.23,,1154888,2710361,443880,1490238
Australia and New Zealand (FAO),,2018,22066.65,27955.93,,1230252.9,2980898.8,470843,1492521.4
Australia and New Zealand (FAO),,2019,22365.98,27994.04,,1204357.4,3144593.5,443784,1490501.5
Australia and New Zealand (FAO),,2020,21414.61,27740.95,,1134850.2,2851671.5,464325,1527147.1
Australia and New Zealand (FAO),,2021,21423.28,25514.36,,1128408,2648205,488282,1600913.9
Australia and New Zealand (FAO),,2022,20188.14,23793.1,,1167363,2609747,481308,1619739.2
Australia and New Zealand (FAO),,2023,18794.61,22188.58,,1315713,2979085,511570,1674513.8
Australia and New Zealand (FAO),,2024,17105.1,20816.84,,1432389,3331611,511939,1746639.4
Austria,AUT,1961,6500,7603,,3466,125581,288655,21340
Austria,AUT,1962,6500,6435,,3465,140546,297920,33170
Austria,AUT,1963,6500,4915,,3008,142974,297100,35399
Austria,AUT,1964,6500,2976,,2647,133735,311000,41185
Austria,AUT,1965,5000,2816,,2732,127563,317880,34978
Austria,AUT,1966,6000,2346,,2471,144358,296240,40069
Austria,AUT,1967,6500,1813,,2494,152027,303903,41039
Austria,AUT,1968,6800,1876,,2230,153768,317110,41633
Austria,AUT,1969,6500,1692,,2111,154534,325110,43282
Austria,AUT,1970,6500,806,,2047,152531,332597,46978
Austria,AUT,1971,6500,573,,1775,159100,355320,51541
Austria,AUT,1972,6300,530,,1781,158869,351700,52230
Austria,AUT,1973,6880,514,,1820,164538,347550,56980
Austria,AUT,1974,7270,442,,2010,193302,359140,53503
Austria,AUT,1975,7536,407,,2086,192609,368710,54153
Austria,AUT,1976,7392,409,,2303,182568,394980,59902
Austria,AUT,1977,8100,482,,2341,171664,408390,62752
Austria,AUT,1978,7911,484,,2632,183669,408320,66289
Austria,AUT,1979,7318,430,,3296,192552,435850,69862
Austria,AUT,1980,7297,314,,3215,205500,426230,70682
Austria,AUT,1981,7500,314,,3280,199500,452850,72654
Austria,AUT,1982,6900,210,,3017,199500,463300,70067
Austria,AUT,1983,7096,266,,3284,203500,455850,74986
Austria,AUT,1984,6495,327,,3835,224268,467350,80653
Austria,AUT,1985,7112,377,,3495,221243,476200,77998
Austria,AUT,1986,4848,388,,4030,231396,462150,80702
Austria,AUT,1987,4939,382,,4709,230257,469850,83521
Austria,AUT,1988,5127,460,,4648,218949,521830,84190
Austria,AUT,1989,5304,363,,5315,212174,517992,84074
Austria,AUT,1990,5513,387,,5724,223783,517047,87352
Austria,AUT,1991,5500,397,,5845,243791,462406,93020
Austria,AUT,1992,5500,462,,6209,246667,462801,98546
Austria,AUT,1993,5500,480,,5747,223342,475606,101541
Austria,AUT,1994,5500,465,,6319,211870,472562,101904
Austria,AUT,1995,5011,426,,6550,195880,457420,98680
Austria,AUT,1996,4946,332,,6879,222350,472194,98273
Austria,AUT,1997,5000,359,,7230,206021,474681,102532
Austria,AUT,1998,5200,376,,7288,196882,499553,105967
Austria,AUT,1999,5500,331,,6560,203333,519568,107180
Austria,AUT,2000,6000,387,,8296,203489,505385,111183
Austria,AUT,2001,6200,298,,7998,215240,488675,113011
Austria,AUT,2002,6200,234,,7654,211855,512129,111952
Austria,AUT,2003,6300,214,,7690,207737,517569,113379
Austria,AUT,2004,6700,214,,7140,206103,514653,120222
Austria,AUT,2005,6700,218,,7256,204468,510085,119583
Austria,AUT,2006,5700,195,,7803,216478,513971,114935
Austria,AUT,2007,6500,164,,6254,217784,535904,123761
Austria,AUT,2008,6400,186,,7840,224231,532946,125185
Austria,AUT,2009,6200,201,,7104,226294,540299,124599
Austria,AUT,2010,6500,190,,6736,226677,545818,133798
Austria,AUT,2011,6200,194,,7335,222168,544166,137588
Austria,AUT,2012,7100,184,,7361,222156,530263,134047
Austria,AUT,2013,6400,198,,7938,228913,529284,130450
Austria,AUT,2014,6400,197,,7821,223193,527442,134594
Austria,AUT,2015,6600,161,,6800,229648,529118,137081
Austria,AUT,2016,6900,116,,6979,228335,514892,147180
Austria,AUT,2017,6700,110,,6563,226859,508494,143750
Austria,AUT,2018,,134,,7330,233460,509520,124240
Austria,AUT,2019,,120,,7860,229610,502030,131680
Austria,AUT,2020,,,,7210,218360,503170,142616
Austria,AUT,2021,,,,7420,213740,502120,150609
Austria,AUT,2022,,,,7130,210120,477660,151964
Austria,AUT,2023,,,,7590,204580,454260,149482
Austria,AUT,2024,,,,7640,203470,457840,
Azerbaijan,AZE,1992,,,,27000,62487,6593,30900
Azerbaijan,AZE,1993,,,,26000,56507,3347,19900
Azerbaijan,AZE,1994,,,,22000,55759,2533,16700
Azerbaijan,AZE,1995,,,,23000,54951,2801,14300
Azerbaijan,AZE,1996,,,,25583,58895,2181,14900
Azerbaijan,AZE,1997,,,,25822,67494,2261,14700
Azerbaijan,AZE,1998,,,,32143,70537,1834,16500
Azerbaijan,AZE,1999,,,,34769,73471,2119,16300
Azerbaijan,AZE,2000,,,,34984,78425,1413,17188
Azerbaijan,AZE,2001,,,,36710,80596,1550,19088
Azerbaijan,AZE,2002,,,,37614,86814,1664,23146
Azerbaijan,AZE,2003,,,,39231,91992,2072,27136
Azerbaijan,AZE,2004,,,,40684,94617,2191,32278
Azerbaijan,AZE,2005,,,,41894,95909,2056,34664
Azerbaijan,AZE,2006,,,,44433,97811,1915,36342
Azerbaijan,AZE,2007,,,,45036,98444,1402,49208
Azerbaijan,AZE,2008,,,,46300,100539,1187,50700
Azerbaijan,AZE,2009,,,,66776,102331,802,66953
Azerbaijan,AZE,2010,,,,74280,112361,800,64470
Azerbaijan,AZE,2011,,,,74395,115471,729,71597
Azerbaijan,AZE,2012,,,,70366,118410,741,86518
Azerbaijan,AZE,2013,,,,70929,120799,743,94411
Azerbaijan,AZE,2014,,,,68760,122370,674,99385
Azerbaijan,AZE,2015,,,,70940,129753,709,97211
Azerbaijan,AZE,2016,,,,75254,130984,472,95517
Azerbaijan,AZE,2017,,,,79092,132902,471,104362
Azerbaijan,AZE,2018,,,,80800,135620,483,109121
Azerbaijan,AZE,2019,,,,85300,137929,494,111996
Azerbaijan,AZE,2020,,,,87058,143082,483,115388
Azerbaijan,AZE,2021,,,,87647,145040,497,124388
Azerbaijan,AZE,2022,,,,89055,148568,502,130108
Azerbaijan,AZE,2023,,,,88946,152787,492,137501
Azerbaijan,AZE,2024,,,,84100.7,140472.61,467.62,142320.55
Bahamas,BHS,1961,,,,145,120.7,205,790
Bahamas,BHS,1962,,,,147.6,119,210,840
Bahamas,BHS,1963,,,,150.2,119,212.5,960
Bahamas,BHS,1964,,,,154.2,141.1,215,1080
Bahamas,BHS,1965,,,,154,141.1,215,1320
Bahamas,BHS,1966,,,,155.64,146.2,220,1620
Bahamas,BHS,1967,,,,157.4,144.5,220,1800
Bahamas,BHS,1968,,,,149.8,110.5,300,2640
Bahamas,BHS,1969,,,,140,102,300,3600
Bahamas,BHS,1970,,,,140,93.5,285,3960
Bahamas,BHS,1971,,,,131.8,93.5,275,4080
Bahamas,BHS,1972,,,,127.6,76.5,260,4680
Bahamas,BHS,1973,,,,120,68,245,4290
Bahamas,BHS,1974,,,,115.8,59.5,225,4886
Bahamas,BHS,1975,,,,110.4,57.8,215,4513
Bahamas,BHS,1976,,,,106.2,54.4,210,5183
Bahamas,BHS,1977,,,,103.04,47.6,200,4800
Bahamas,BHS,1978,,,,97.44,42.5,200,5040
Bahamas,BHS,1979,,,,96.04,40.8,200,4680
Bahamas,BHS,1980,,,,96.4,37.4,200,8400
Bahamas,BHS,1981,,,,94.2,34,190,7680
Bahamas,BHS,1982,,,,91.4,34,190,7320
Bahamas,BHS,1983,,,,88.6,37.4,185,7320
Bahamas,BHS,1984,,,,86.04,37.4,185,8640
Bahamas,BHS,1985,,,,84.64,40.8,180,7560
Bahamas,BHS,1986,,,,85,40.8,175,8520
Bahamas,BHS,1987,,,,83.6,34,175,8520
Bahamas,BHS,1988,,,,83.6,32.3,170,8520
Bahamas,BHS,1989,,,,84.2,32.3,165,5300
Bahamas,BHS,1990,,,,83.5,32.3,167.5,5800
Bahamas,BHS,1991,,,,82.1,45.9,165,6500
Bahamas,BHS,1992,,,,81.4,23.8,160,5200
Bahamas,BHS,1993,,,,81.36,25.5,155,4800
Bahamas,BHS,1994,,,,76.65,17.68,155,4395
Bahamas,BHS,1995,,,,81.76,18.7,179,7470
Bahamas,BHS,1996,,,,94.4,17.85,162.5,8817
Bahamas,BHS,1997,,,,94.4,17.85,162.5,9675
Bahamas,BHS,1998,,,,93.7,17.85,162.5,10662
Bahamas,BHS,1999,,,,32.6,18.7,190,9499
Bahamas,BHS,2000,,,,35.4,17.34,310,6721
Bahamas,BHS,2001,,,,86,20.4,315,6855
Bahamas,BHS,2002,,,,91.02,25.5,312.5,7100
Bahamas,BHS,2003,,,,93.9,27.2,320,8000
Bahamas,BHS,2004,,,,96.4,28.05,325,8050
Bahamas,BHS,2005,,,,96.4,28.05,325,6450
Bahamas,BHS,2006,,,,93.4,17.85,325,6440
Bahamas,BHS,2007,,,,100,17,330,6520
Bahamas,BHS,2008,,,,100,19.28,330,6540
Bahamas,BHS,2009,,,,100,19.12,330,6571
Bahamas,BHS,2010,,,,100,17,330,6700
Bahamas,BHS,2011,,,,100,17.85,330,6550
Bahamas,BHS,2012,,,,102.39,19.28,334,6600
Bahamas,BHS,2013,,,,102.65,19.33,340.08,6720
Bahamas,BHS,2014,,,,101.29,19.06,352.29,6404.91
Bahamas,BHS,2015,,,,101.29,18.82,345.96,6549.9
Bahamas,BHS,2016,,,,101.21,18.7,349.87,6772.41
Bahamas,BHS,2017,,,,101.14,18.94,361.45,6573.06
Bahamas,BHS,2018,,,,101.11,18.94,338.35,6542.88
Bahamas,BHS,2019,,,,101.43,18.7,325.64,6518.61
Bahamas,BHS,2020,,,,102.09,18.36,304.68,6482.88
Bahamas,BHS,2021,,,,103.04,18.06,355.14,6369.41
Bahamas,BHS,2022,,,,103.29,17.91,357.57,6149.12
Bahamas,BHS,2023,,,,103.87,17.73,359.5,6073.02
Bahamas,BHS,2024,,,,104.5,17.55,361.43,5996.59
Bahrain,BHR,1961,,,16,139.5,180,,165
Bahrain,BHR,1962,,,16,157.5,180,,176
Bahrain,BHR,1963,,,16,177,180,,176
Bahrain,BHR,1964,,,16,195,180,,176
Bahrain,BHR,1965,,,16,153,240,,176
Bahrain,BHR,1966,,,16,135,240,,198
Bahrain,BHR,1967,,,16,153,240,,198
Bahrain,BHR,1968,,,16,162,240,,220
Bahrain,BHR,1969,,,16,171,300,,220
Bahrain,BHR,1970,,,16,168,300,,220
Bahrain,BHR,1971,,,16,1143,720,,550
Bahrain,BHR,1972,,,16,789,781.2,,704
Bahrain,BHR,1973,,,50,819,714,,968
Bahrain,BHR,1974,,,40,888,757.8,,1078
Bahrain,BHR,1975,,,40,594,600,,1650
Bahrain,BHR,1976,,,40,1020,480,,1870
Bahrain,BHR,1977,,,48,1806,576,,2200
Bahrain,BHR,1978,,,48,2103,456,,1400
Bahrain,BHR,1979,,,48,2598,504,,2400
Bahrain,BHR,1980,,,56,3006,720,,3400
Bahrain,BHR,1981,,,56,3219,576,,3200
Bahrain,BHR,1982,,,56,4341,840,,5250
Bahrain,BHR,1983,,,64,5370,1080,,3410
Bahrain,BHR,1984,,,64,5505,1560,,3393
Bahrain,BHR,1985,,,65,5475,924,,3836
Bahrain,BHR,1986,,,68,4755,942,,2800
Bahrain,BHR,1987,,,70,4564.5,864,,3250
Bahrain,BHR,1988,,,70,5842.5,816,,3445
Bahrain,BHR,1989,,,75,5813.54,770.52,,3419
Bahrain,BHR,1990,,,77,6855,800.28,,3413
Bahrain,BHR,1991,,,78,5190,722.16,,4045
Bahrain,BHR,1992,,,80,6495,879,,4578
Bahrain,BHR,1993,,,81,6273.06,840,,4384
Bahrain,BHR,1994,,,83,8004.8,804,,4547
Bahrain,BHR,1995,,,85,8994.57,684,,5031
Bahrain,BHR,1996,,,89,6426,804,,4931
Bahrain,BHR,1997,,,83,6868.62,807.6,,4000
Bahrain,BHR,1998,,,84,6615,901.8,,5345
Bahrain,BHR,1999,,,83,9150,894,,5106
Bahrain,BHR,2000,,,88,7100.7,895.92,,5777
Bahrain,BHR,2001,,,81,8059.22,912,,5553
Bahrain,BHR,2002,,,85,8400,1440,,4938
Bahrain,BHR,2003,,,87,7470,1020,,4907
Bahrain,BHR,2004,,,88,6600,875,,5012
Bahrain,BHR,2005,,,86,10920,874.92,,5050
Bahrain,BHR,2006,,,85,6135,876,,4336
Bahrain,BHR,2007,,,73,10635,876,,5196
Bahrain,BHR,2008,,,86,13290,972,,6099
Bahrain,BHR,2009,,,90,14550,972,,6196
Bahrain,BHR,2010,,,90,16740,1020,,6048.95
Bahrain,BHR,2011,,,89.53,17017.5,1020,,5947.5
Bahrain,BHR,2012,,,90.35,17112,1020,,5740.64
Bahrain,BHR,2013,,,90.49,17079,1032,,5368.13
Bahrain,BHR,2014,,,87.29,16591.94,1069.86,,6409.96
Bahrain,BHR,2015,,,86.59,20154.19,979.37,,7364.22
Bahrain,BHR,2016,,,85.36,23397.63,865.31,,8222.25
Bahrain,BHR,2017,,,84.46,29493.86,734.08,,8928
Bahrain,BHR,2018,,,233.57,27676.01,758.38,,9041
Bahrain,BHR,2019,,,231.37,29775.02,841.8,,8924
Bahrain,BHR,2020,,,227.96,27304.34,760.11,,7296
Bahrain,BHR,2021,,,226.64,27343.85,818.54,,8262
Bahrain,BHR,2022,,,233.1,28376.64,789.77,,8561.7
Bahrain,BHR,2023,,,231.71,28743.86,771.7,,8426.6
Bahrain,BHR,2024,,,223.04,28693.76,775.56,,8671.2
Bangladesh,BGD,1961,,,,27500,119800,,18600
Bangladesh,BGD,1962,,,,28750,122600,,23100
Bangladesh,BGD,1963,,,,30150,125050,,27200
Bangladesh,BGD,1964,,,,32750,127500,,31300
Bangladesh,BGD,1965,,,,32900,127400,,36900
Bangladesh,BGD,1966,,,,29530,132900,,43800
Bangladesh,BGD,1967,,,,30150,135350,,47900
Bangladesh,BGD,1968,,,,30750,137900,,52000
Bangladesh,BGD,1969,,,,31750,142500,,56200
Bangladesh,BGD,1970,,,,32440,145300,,61200
Bangladesh,BGD,1971,,,,33900,143900,,56500
Bangladesh,BGD,1972,,,,35600,143500,,52200
Bangladesh,BGD,1973,,,,37200,137047,,49100
Bangladesh,BGD,1974,,,,38600,140033,,48900
Bangladesh,BGD,1975,,,,40200,143057,,48900
Bangladesh,BGD,1976,,,,42478,147563,,48800
Bangladesh,BGD,1977,,,,44128,150798,,41900
Bangladesh,BGD,1978,,,,44942,172500,,65600
Bangladesh,BGD,1979,,,,40650,179990,,70100
Bangladesh,BGD,1980,,,,24425,122719,,52900
Bangladesh,BGD,1981,,,,24953,124284,,56194
Bangladesh,BGD,1982,,,,29792,125861,,59600
Bangladesh,BGD,1983,,,,32806,127485,,63160
Bangladesh,BGD,1984,,,,39820,124913,,58687
Bangladesh,BGD,1985,,,,53042,135424,,67011
Bangladesh,BGD,1986,,,,56886,136917,,71034
Bangladesh,BGD,1987,,,,60956,138298,,75282
Bangladesh,BGD,1988,,,,65360,139791,,79753
Bangladesh,BGD,1989,,,,70060,141320,,83900
Bangladesh,BGD,1990,,,,75170,142834,,89357
Bangladesh,BGD,1991,,,,79837,143057,,92934
Bangladesh,BGD,1992,,,,85588,144514,,98228
Bangladesh,BGD,1993,,,,92646,147240,,105539
Bangladesh,BGD,1994,,,,100000,150000,,110862
Bangladesh,BGD,1995,,,,107000,151216,,117481
Bangladesh,BGD,1996,,,,117550,156000,,105300
Bangladesh,BGD,1997,,,,126000,169000,,110600
Bangladesh,BGD,1998,,,,128600,164500,,114400
Bangladesh,BGD,1999,,,,129600,174300,,120900
Bangladesh,BGD,2000,,,,131600,176500,,129900
Bangladesh,BGD,2001,,,,131600,178600,,137000
Bangladesh,BGD,2002,,,,139800,182700,,145000
Bangladesh,BGD,2003,,,,137364.45,184600,,153000
Bangladesh,BGD,2004,,,,140249.56,185700,,159400
Bangladesh,BGD,2005,,,,145651.64,188000,,168000
Bangladesh,BGD,2006,,,,156053.16,189200,,179000
Bangladesh,BGD,2007,,,,183080.62,191400,,189000
Bangladesh,BGD,2008,,,,149439.08,192600,,190500
Bangladesh,BGD,2009,,,,159285.98,193800,,198000
Bangladesh,BGD,2010,,,,170076.2,194112.1,,203200
Bangladesh,BGD,2011,,,,180740.33,196674.62,,210600
Bangladesh,BGD,2012,,,,195804.4,197163.9,,217200
Bangladesh,BGD,2013,,,,198039.14,198482.62,,219600
Bangladesh,BGD,2014,,,,205000,199509.9,,229080.47
Bangladesh,BGD,2015,,,,205000,198449.19,,235500
Bangladesh,BGD,2016,,,,210773.95,199404.47,,242307.94
Bangladesh,BGD,2017,,,,215658.48,200709.94,,249056.33
Bangladesh,BGD,2018,,,,220770.7,203305.58,,255185.02
Bangladesh,BGD,2019,,,,225447.06,204817.7,,259708.3
Bangladesh,BGD,2020,,,,230894.3,206084.5,,268762.72
Bangladesh,BGD,2021,,,,235959.8,207426.55,,275950.47
Bangladesh,BGD,2022,,,,241595.44,208752.42,,283349.94
Bangladesh,BGD,2023,,,,246982.17,210262.55,,290908.8
Bangladesh,BGD,2024,,,,250148.25,211783.39,,298672.62
Barbados,BRB,1961,,,,158.2,438,2004.5,230
Barbados,BRB,1962,,,,161,313,2156.5,264
Barbados,BRB,1963,,,,156.8,363,2337,330
Barbados,BRB,1964,,,,165.2,410,2365.5,363
Barbados,BRB,1965,,,,173.6,323,2403.5,303
Barbados,BRB,1966,,,,175,374,2498.5,260
Barbados,BRB,1967,,,,190.4,370,2536.5,350
Barbados,BRB,1968,,,,193.2,360,2622,450
Barbados,BRB,1969,,,,200.2,560,2783.5,550
Barbados,BRB,1970,,,,210,565,3277.5,567
Barbados,BRB,1971,,,,210,571,3942.5,737
Barbados,BRB,1972,,,,204.4,447,3990,1497
Barbados,BRB,1973,,,,205.8,454,3990,2370
Barbados,BRB,1974,,,,210,373,4845,2508
Barbados,BRB,1975,,,,217,184,4465,2897
Barbados,BRB,1976,,,,212.8,180,4750,3138
Barbados,BRB,1977,,,,215.6,170,4940,3711
Barbados,BRB,1978,,,,228.2,285,5700,4261
Barbados,BRB,1979,,,,242.2,389,4845,5273
Barbados,BRB,1980,,,,235.2,414,5605,5248
Barbados,BRB,1981,,,,217,413,5700,6026
Barbados,BRB,1982,,,,217,376,5700,6665
Barbados,BRB,1983,,,,203,334,5225,6133
Barbados,BRB,1984,,,,193.2,279,4560,6550
Barbados,BRB,1985,,,,179.2,252,4560,6257
Barbados,BRB,1986,,,,173.6,313,3990,7430
Barbados,BRB,1987,,,,163.8,405,3990,8182
Barbados,BRB,1988,,,,159.6,398,3895,9000
Barbados,BRB,1989,,,,154,832,3800,10733
Barbados,BRB,1990,,,,83.8,954,3724,10233
Barbados,BRB,1991,,,,83.8,924,3657.5,10072
Barbados,BRB,1992,,,,85.8,1008,3524.5,8825
Barbados,BRB,1993,,,,85.8,874,3458,8740
Barbados,BRB,1994,,,,83.8,879,1688,9792
Barbados,BRB,1995,,,,83.8,874,1928,10983
Barbados,BRB,1996,,,,81.8,882,3059,12267
Barbados,BRB,1997,,,,81.8,621,2926,11873
Barbados,BRB,1998,,,,79.8,576,2793,11807
Barbados,BRB,1999,,,,69.4,606,2356,12000
Barbados,BRB,2000,,,,70.9,766,1922,10780
Barbados,BRB,2001,,,,57.4,426,1799,12050
Barbados,BRB,2002,,,,100.18,417,1409.9,11520
Barbados,BRB,2003,,,,117.3,396,1756,12594
Barbados,BRB,2004,,,,125,258,2064,13738
Barbados,BRB,2005,,,,107,182,2308,15393
Barbados,BRB,2006,,,,107,182,2637,13846
Barbados,BRB,2007,,,,100,142,2502,15214
Barbados,BRB,2008,,,,113,153,2637,14628
Barbados,BRB,2009,,,,117,160,2747,14693
Barbados,BRB,2010,,,,134,167,2745,14363
Barbados,BRB,2011,,,,141,156,2657,14644
Barbados,BRB,2012,,,,134.8,148,2541,14380
Barbados,BRB,2013,,,,131.07,140,2498,13702
Barbados,BRB,2014,,,,129.17,153,2704,14575
Barbados,BRB,2015,,,,130.74,172.6,2847,16324.3
Barbados,BRB,2016,,,,139.5,176.22,2663.77,15158.59
Barbados,BRB,2017,,,,124.79,163.07,2518.54,15932.31
Barbados,BRB,2018,,,,136.23,175.57,2771.74,16646.34
Barbados,BRB,2019,,,,121.45,172.47,2840.32,16419.99
Barbados,BRB,2020,,,,128.39,182,2869,12106
Barbados,BRB,2021,,,,94.64,161,2634,13481
Barbados,BRB,2022,,,,114.67,201,2539,15765
Barbados,BRB,2023,,,,121.72,168.86,2600.9,15680.49
Barbados,BRB,2024,,,,120.14,146.44,2819.97,13058.33
Belarus,BLR,1992,,2000,,5400,495100,323000,120900
Belarus,BLR,1993,,2900,,6000,410700,283900,131000
Belarus,BLR,1994,,2000,,5200,384000,251800,96800
Belarus,BLR,1995,,2200,,3900,315600,262800,69200
Belarus,BLR,1996,,3300,,3900,276600,273000,63600
Belarus,BLR,1997,,3500,,3200,255800,297400,69300
Belarus,BLR,1998,,3600,,2800,270700,319700,73900
Belarus,BLR,1999,,4000,,2700,262100,310500,70000
Belarus,BLR,2000,,3000,,2600,212500,301500,76100
Belarus,BLR,2001,,2300,,2800,230900,303400,85200
Belarus,BLR,2002,,2300,,1800,226500,300700,84700
Belarus,BLR,2003,,2800,,2000,211400,300700,87200
Belarus,BLR,2004,,3300,,1800,223800,298900,101800
Belarus,BLR,2005,,2800,,1200,255800,321000,116400
Belarus,BLR,2006,,2500,,1000,271800,345900,146400
Belarus,BLR,2007,,2300,,1100,274400,371900,166200
Belarus,BLR,2008,,2500,,1200,268900,376000,192500
Belarus,BLR,2009,,2500,,1300,307900,388200,220100
Belarus,BLR,2010,,2400,,1400,308100,398400,260400
Belarus,BLR,2011,,1700,,1300,297800,419300,298700
Belarus,BLR,2012,,1000,,1000,293000,442900,353300
Belarus,BLR,2013,,900,,1100,315700,468900,384500
Belarus,BLR,2014,,800,,1000,295500,360300,414200
Belarus,BLR,2015,,1100,,1300,339000,361600,444400
Belarus,BLR,2016,,800,,1500,327200,384400,457760
Belarus,BLR,2017,,700,,1400,317300,399600,488300
Belarus,BLR,2018,,600,,1400,326000,397400,500000
Belarus,BLR,2019,,500,,1200,328000,382800,526700
Belarus,BLR,2020,,300,,1200,340200,399200,539600
Belarus,BLR,2021,,300,,1200,348200,392600,506700
Belarus,BLR,2022,,300,,1000,344300,362300,511700
Belarus,BLR,2023,,200,,1000,374800,375200,483585.47
Belarus,BLR,2024,,200,,900,399000,373300,552706.6
Belgium,BEL,2000,,5900,,4546,275360,1042320,407226
Belgium,BEL,2001,,6000,,5242,285250,1062400,413172
Belgium,BEL,2002,,4200,,3237,305388,1040710,466562
Belgium,BEL,2003,,3618,,3170,275170,1026472,430135.5
Belgium,BEL,2004,,3432,,3548,280931,1054010,473120.5
Belgium,BEL,2005,,3252,,3344,267156,1012934,453847.5
Belgium,BEL,2006,,2010,,1404,286979,1000928,488530.4
Belgium,BEL,2007,,2282,,1361,287977,1061045,453916
Belgium,BEL,2008,,2840,,1248,285037,1056169,336480.5
Belgium,BEL,2009,,2023,,744,261801,1082036,361179
Belgium,BEL,2010,,2943,,2715,281634,1123769,404239
Belgium,BEL,2011,,3153,,2438,272282,1108255,402653
Belgium,BEL,2012,,2889,,2163,262280,1109610,410863
Belgium,BEL,2013,,2670,,2406,249973,1130572,388606
Belgium,BEL,2014,,2542,,2565,257670,1118330,433191
Belgium,BEL,2015,,2610,,2717,267877,1124310,452869
Belgium,BEL,2016,,1893,,3020,278362,1060541,461212
Belgium,BEL,2017,,1772,,3234,281536,1044561,463355
Belgium,BEL,2018,,1868,,3130,277310,1073190,469550
Belgium,BEL,2019,,,,3070,263750,1038990,447750
Belgium,BEL,2020,,,,2970,254510,1098800,450869.22
Belgium,BEL,2021,,,,3130,247120,1140090,456463.53
Belgium,BEL,2022,,700,,2580,238140,1032290,449640
Belgium,BEL,2023,,,,2290,240180,929820,428160
Belgium,BEL,2024,,,,2020,249440,945240,537866.06
Belgium-Luxembourg (FAO),,1961,9728,16906,,3402,211891,247146,71682
Belgium-Luxembourg (FAO),,1962,9568,15018,,3178,221878,272594,81947
Belgium-Luxembourg (FAO),,1963,9584,12749,,3075,239584,248483,82736
Belgium-Luxembourg (FAO),,1964,9718,12424,,3718,215734,242602,87435
Belgium-Luxembourg (FAO),,1965,9694,12014,,5324,212557,277367,93427
Belgium-Luxembourg (FAO),,1966,9602,9246,,3547,229656,305643,97476
Belgium-Luxembourg (FAO),,1967,9727,7615,,4444,240023,345317,102329
Belgium-Luxembourg (FAO),,1968,9727,9110,,4516,242908,378241,105606
Belgium-Luxembourg (FAO),,1969,9730,10338,,9818,252643,384666,108747
Belgium-Luxembourg (FAO),,1970,9935,9934,,7245,265462,474435,119148
Belgium-Luxembourg (FAO),,1971,10033,8337,,4824,273423,505991,118965
Belgium-Luxembourg (FAO),,1972,9884,6752,,3236,264640,541173,117010
Belgium-Luxembourg (FAO),,1973,9203,5130,,3228,266314,588397,123635
Belgium-Luxembourg (FAO),,1974,9727,5368,,3575,314875,619340,127039
Belgium-Luxembourg (FAO),,1975,9016,5650,,4021,306338,579482,124897
Belgium-Luxembourg (FAO),,1976,9419,6212,,3880,290524,574522,126103
Belgium-Luxembourg (FAO),,1977,9131,6784,,4356,281786,586337,128938
Belgium-Luxembourg (FAO),,1978,9685,6402,,4264,275974,631308,119952
Belgium-Luxembourg (FAO),,1979,9219,6301,,5487,288784,657443,130737
Belgium-Luxembourg (FAO),,1980,10898,6310,,5483,310774,668958,133626
Belgium-Luxembourg (FAO),,1981,12371,6294,,5678,317783,679862,133463
Belgium-Luxembourg (FAO),,1982,15188,5058,,6272,282404,680276,147809
Belgium-Luxembourg (FAO),,1983,16510,5148,,7535,290861,706832,144013
Belgium-Luxembourg (FAO),,1984,16294,6281,,7988,319230,734328,144128
Belgium-Luxembourg (FAO),,1985,18486,5662,,7744,326233,725448,133232
Belgium-Luxembourg (FAO),,1986,19150,4191,,7884,326285,746776,169139
Belgium-Luxembourg (FAO),,1987,20537,3829,,6934,326015,787963,172594
Belgium-Luxembourg (FAO),,1988,22139,3403,,7038,316560,813330,181409
Belgium-Luxembourg (FAO),,1989,23692,2691,,7294,305443,829887,178870
Belgium-Luxembourg (FAO),,1990,26420,2655,,7453,322614,784032,190145
Belgium-Luxembourg (FAO),,1991,27488,2840,,8157,381455,915009,200121
Belgium-Luxembourg (FAO),,1992,26510,2423,,5807,359352,951053,226755
Belgium-Luxembourg (FAO),,1993,27444,2876,,4342,373273,1000806,243625
Belgium-Luxembourg (FAO),,1994,27695,3328,,5390,355264,1019320,271949
Belgium-Luxembourg (FAO),,1995,28036,3076,,4878,356628,1043010,315412
Belgium-Luxembourg (FAO),,1996,26794,3500,,4733,361512,1069800,337765
Belgium-Luxembourg (FAO),,1997,25133,4519,,4300,339600,1033050,336828
Belgium-Luxembourg (FAO),,1998,28355,4893,,4158,303400,1085200,375217
Belgium-Luxembourg (FAO),,1999,25776,4799,,4500,281200,1004700,368887
Belize,BLZ,1961,,,,8.88,362,735,262.71
Belize,BLZ,1962,,,,9.36,436,735,292.3
Belize,BLZ,1963,,,,9.99,477,700,322.78
Belize,BLZ,1964,,,,9.12,471,665,354.86
Belize,BLZ,1965,,,,6.84,488,700,396.74
Belize,BLZ,1966,,,,7.8,523,700,426.52
Belize,BLZ,1967,,,,8.55,543,665,527.48
Belize,BLZ,1968,,,,9.9,592,665,628.24
Belize,BLZ,1969,,,,10.2,436,665,729
Belize,BLZ,1970,,,,12.12,474,735,929.76
Belize,BLZ,1971,,,,12.63,680,840,1029.68
Belize,BLZ,1972,,,,13.26,768,840,1164.16
Belize,BLZ,1973,,,,14.04,1027,840,1073.5
Belize,BLZ,1974,,,,11.94,866,805,1120.24
Belize,BLZ,1975,,,,12.72,819,875,1121.12
Belize,BLZ,1976,,,,13.5,943,840,1577.8
Belize,BLZ,1977,,,,14.04,1121,840,1698.68
Belize,BLZ,1978,,,,14.28,1169,840,1758.5
Belize,BLZ,1979,,,,14.52,1130,840,1935.38
Belize,BLZ,1980,,,,13.8,1050,840,2136.8
Belize,BLZ,1981,,,,13.8,1005,840,2403.34
Belize,BLZ,1982,,,,14.58,877,875,2787.02
Belize,BLZ,1983,,,,14.88,965,1015,2975.2
Belize,BLZ,1984,,,,15.18,1015,1120,3063.2
Belize,BLZ,1985,,,,16.19,1234,1225,3102.2
Belize,BLZ,1986,,,,16.26,1107,1260,3161.2
Belize,BLZ,1987,,,,16.26,1330,1260,4022.2
Belize,BLZ,1988,,,,16.26,910,1295,5081.2
Belize,BLZ,1989,,,,14.04,957,475,3416.2
Belize,BLZ,1990,,,,5.87,1461,649,6156.2
Belize,BLZ,1991,,,,8.12,1415,459,6602.2
Belize,BLZ,1992,,,,8.87,1515,570,7532.2
Belize,BLZ,1993,,,,6.02,1363,361,4547.2
Belize,BLZ,1994,,,,11.16,1256,671,6929.2
Belize,BLZ,1995,,,,9.66,1472,674,7129.2
Belize,BLZ,1996,,,,8.91,1331,656,7668.2
Belize,BLZ,1997,,,,9.66,1165,665,7793.2
Belize,BLZ,1998,,,,9.96,1165,652,7697.2
Belize,BLZ,1999,,,,10.86,1146,849,8476.2
Belize,BLZ,2000,,,,11.71,1135,841,8743.2
Belize,BLZ,2001,,,,10.77,1467,1090,13731.2
Belize,BLZ,2002,,,,17.82,1848,975,14162.2
Belize,BLZ,2003,,,,19.72,2221,1034,13802.6
Belize,BLZ,2004,,,,22.84,2658,780,14102
Belize,BLZ,2005,,,,27.84,1613,1067,13990
Belize,BLZ,2006,,,,26.84,1684,1161,13728
Belize,BLZ,2007,,,,29.86,1618,1118,13549
Belize,BLZ,2008,,,,30.91,1715,1067,12740
Belize,BLZ,2009,,,,18.91,1625,1195,13196
Belize,BLZ,2010,,,,27.92,1513,1220,13839.4
Belize,BLZ,2011,,,,29.94,1605,1181,14021.4
Belize,BLZ,2012,,,,35.88,1665,1409,14373.4
Belize,BLZ,2013,,,,43.9,1848,1342,16263.4
Belize,BLZ,2014,,,,29.38,1548.85,1373.48,17736
Belize,BLZ,2015,,,,49.87,1599.15,1635.02,18570.11
Belize,BLZ,2016,,,,52.93,1448,1687,19123.41
Belize,BLZ,2017,,,,45.92,1483,1778,19977.95
Belize,BLZ,2018,,,,54.92,1783,2123,19924.38
Belize,BLZ,2019,,,,34.92,1743,2060,20663.89
Belize,BLZ,2020,,,,28.93,1578,2052,18534.69
Belize,BLZ,2021,,,,124.94,1660,2099,19471.88
Belize,BLZ,2022,,,,125.94,1869,2219,20845.82
Belize,BLZ,2023,,,,129.94,1891,2220,22370.84
Belize,BLZ,2024,,,,127.94,2143,2349,23981.85
Benin,BEN,1961,5000,,,1980,5720,2688,4000
Benin,BEN,1962,5000,,,2140,5500,3080,4000
Benin,BEN,1963,6000,,,2722.28,5292.32,3387.97,4000
Benin,BEN,1964,6000,,,2920.8,5621.33,3720.64,4080
Benin,BEN,1965,6000,,,3100.5,6424.99,3945.06,4160
Benin,BEN,1966,6000,,,3136.5,7245.81,3357.76,4240
Benin,BEN,1967,6000,,,3354.9,7546.11,3880.8,4400
Benin,BEN,1968,7000,,,3191,7364.74,3434.28,4640
Benin,BEN,1969,7000,,,3439.32,7721.39,3650.86,4880
Benin,BEN,1970,7000,,,3171.69,7584.1,3983.28,5360
Benin,BEN,1971,7000,,,2865.36,7641.4,4021.92,5920
Benin,BEN,1972,7000,,,3035.52,8232.59,3894.24,6400
Benin,BEN,1973,6000,,,3322.18,8622.14,3948.22,7040
Benin,BEN,1974,6000,,,4272.26,8888.8,3948.06,7680
Benin,BEN,1975,6000,,,4889.74,9851.31,3946.88,8400
Benin,BEN,1976,6000,,,5038.41,10172.25,4311.36,9200
Benin,BEN,1977,6000,,,4928.1,9904.13,4494.34,9840
Benin,BEN,1978,6000,,,5343.16,10583.21,4704,10560
Benin,BEN,1979,6000,,,5443.06,10794.85,4900,11600
Benin,BEN,1980,6000,,,5719.38,11854.48,5068,12480
Benin,BEN,1981,6000,,,5877.4,12091.64,5320,12800
Benin,BEN,1982,6000,,,6330,12650,5572,14400
Benin,BEN,1983,6000,,,7080,13090,5824,18400
Benin,BEN,1984,6000,,,7590,13420,5852,20800
Benin,BEN,1985,6000,,,7640,13750,6496,24000
Benin,BEN,1986,6000,,,5500,13090,6608,19200
Benin,BEN,1987,6000,,,5500,13200,6916,17600
Benin,BEN,1988,6000,,,5740,13310,5180,15200
Benin,BEN,1989,6000,,,5808,13640,5124,12000
Benin,BEN,1990,5732,,,5657,15400,5180,10800
Benin,BEN,1991,4004.8,,,5801,15620,6180,8800
Benin,BEN,1992,4108.89,,,5450,16390,6360,9200
Benin,BEN,1993,4212.98,,,5390,16280,6600,10000
Benin,BEN,1994,4317.08,,,5740,17490,7470,10400
Benin,BEN,1995,4487.63,,,5765,15400,7350,10800
Benin,BEN,1996,4670.64,,,6280,15510,8100,10960
Benin,BEN,1997,4853.65,,,6485,16115,6396,11200
Benin,BEN,1998,5036.66,,,6175,19800,3570,11440
Benin,BEN,1999,5219.68,,,6171,18920,2625,11600
Benin,BEN,2000,5402.69,,,6432.4,25653,4020,13853.35
Benin,BEN,2001,5585.7,,,6553.1,27183,3735,9525
Benin,BEN,2002,5768.71,,,6672.8,27880,3855,10083
Benin,BEN,2003,5951.72,,,6771.4,28560,4020,14300
Benin,BEN,2004,6134.73,,,7046.2,29274,4170,11739
Benin,BEN,2005,6176.53,,,7165,29971,4084.5,13255
Benin,BEN,2006,5607.42,,,7305,30770,4245,9940
Benin,BEN,2007,6100,,,7452,31569,4414.5,10525
Benin,BEN,2008,6886.63,,,7609,32453,4603.5,9750
Benin,BEN,2009,7138.27,,,7968.4,33218,4747.5,10009
Benin,BEN,2010,7391.95,,,8177,34085,4944,10335
Benin,BEN,2011,8000,,,8350,34986,5130,11677
Benin,BEN,2012,7847.15,,,8500,35887,5400,12051
Benin,BEN,2013,7978.41,,,8600,36822,5460,12436
Benin,BEN,2014,8107.97,,,8667.21,37744,5776.08,12834
Benin,BEN,2015,8317.07,,,8771.83,38760,6052.36,13245.35
Benin,BEN,2016,8134.48,,,8921.52,39763,6114.22,13670.25
Benin,BEN,2017,8253.22,,,9203.36,40800,6298.63,14109
Benin,BEN,2018,8459.38,,,9200,41854,6048,14560.75
Benin,BEN,2019,8675.13,,,14904,42942,8183,15027
Benin,BEN,2020,8482.18,,,24509.15,32939.27,9010.42,9793.34
Benin,BEN,2021,8659.64,,,33840.96,34871.96,9111.67,9359.4
Benin,BEN,2022,8817.36,,,26260,38106.08,10033.46,9360
Benin,BEN,2023,8957.04,,,27664,42980,11630,11694.22
Benin,BEN,2024,9076.78,,,29048,47794,13248.14,14486.7
Bhutan,BTN,1961,,,,104.5,2167.5,568.85,51.35
Bhutan,BTN,1962,,,,106.5,2422.5,579.86,53.53
Bhutan,BTN,1963,,,,110.3,2681.75,587.2,55.9
Bhutan,BTN,1964,,,,112.5,2749.75,598.21,58.25
Bhutan,BTN,1965,,,,113.4,2820.3,605.55,60.73
Bhutan,BTN,1966,,,,114.3,2862.8,612.89,63.7
Bhutan,BTN,1967,,,,119.75,2948.65,620.23,67.2
Bhutan,BTN,1968,,,,119.3,2992,623.9,70
Bhutan,BTN,1969,,,,122.75,3085.5,660.6,73.5
Bhutan,BTN,1970,,,,122.75,3172.2,667.94,77.7
Bhutan,BTN,1971,,,,123.2,3248.7,671.61,81.9
Bhutan,BTN,1972,,,,125.2,3328.6,678.95,86.8
Bhutan,BTN,1973,,,,128.65,3378.75,734,93.8
Bhutan,BTN,1974,,,,131.1,3463.75,807.4,99.4
Bhutan,BTN,1975,,,,131.55,3551.3,818.41,111.3
Bhutan,BTN,1976,,,,132,3638,825.75,126.7
Bhutan,BTN,1977,,,,132,3723,836.76,142.1
Bhutan,BTN,1978,,,,137.9,3809.7,844.1,155.4
Bhutan,BTN,1979,,,,133.35,3895.55,862.45,168
Bhutan,BTN,1980,,,,144.25,3982.25,1099.9,182
Bhutan,BTN,1981,,,,146.5,4068.95,880.8,196
Bhutan,BTN,1982,,,,164.6,4281.45,899.15,203
Bhutan,BTN,1983,,,,186.7,4545.8,954.2,210
Bhutan,BTN,1984,,,,224.3,4789.75,989.07,224
Bhutan,BTN,1985,,,,252,5063.45,990.9,238
Bhutan,BTN,1986,,,,170,5054.1,1101,252
Bhutan,BTN,1987,,,,332,5172.25,1101,259
Bhutan,BTN,1988,,,,334,5255.55,1101,270.2
Bhutan,BTN,1989,,,,335,5339.7,1101,252
Bhutan,BTN,1990,,,,329.5,5423,1137.7,245
Bhutan,BTN,1991,,,,108,651.9,1100,214.59
Bhutan,BTN,1992,,,,63,573.2,1122.16,160.14
Bhutan,BTN,1993,,,,90,581.7,1140.6,179.69
Bhutan,BTN,1994,,,,126,585.95,1154.55,189.73
Bhutan,BTN,1995,,,,162,643.5,1209.33,214.26
Bhutan,BTN,1996,,,,171,842.54,1480.47,203.91
Bhutan,BTN,1997,,,,171,761.14,1303.95,217.7
Bhutan,BTN,1998,,,,180,633,1368.75,266.7
Bhutan,BTN,1999,,,,171,640.88,1392.49,352.2
Bhutan,BTN,2000,,,,153,538.58,1253.2,277.37
Bhutan,BTN,2001,,,,171,569.6,1244.46,276.82
Bhutan,BTN,2002,,,,144,447.72,1237.89,278.67
Bhutan,BTN,2003,,,,135,470.83,1057.52,266.02
Bhutan,BTN,2004,,,,135,597.8,1056.15,262.62
Bhutan,BTN,2005,,,,135,646.67,750,257.74
Bhutan,BTN,2006,,,,94.01,828.42,535.6,174
Bhutan,BTN,2007,,,,238.9,871.25,507,515
Bhutan,BTN,2008,,,,128.1,1062.41,500,190
Bhutan,BTN,2009,,,,75.93,893.6,333,155
Bhutan,BTN,2010,,,,78.47,950.67,427,257
Bhutan,BTN,2011,,,,73.96,719.94,312,359.2
Bhutan,BTN,2012,,,,63.18,2098.24,764,909
Bhutan,BTN,2013,,,,90.35,716.83,485,789
Bhutan,BTN,2014,,,,160.85,870.99,388,944
Bhutan,BTN,2015,,,,165.93,810.1,462,1062.86
Bhutan,BTN,2016,,,,191.22,702.86,730,1208
Bhutan,BTN,2017,,,,194.54,768.99,919,1348.76
Bhutan,BTN,2018,,,,299,832.51,1055,1806.14
Bhutan,BTN,2019,,,,281,725.44,1113.38,1926.39
Bhutan,BTN,2020,,,,296,910.94,851,1819.48
Bhutan,BTN,2021,,,,184.12,1338.64,682,1865.5
Bhutan,BTN,2022,,,,192.87,2137.82,1231.83,993.56
Bhutan,BTN,2023,,,,253.19,1748.78,1590.47,1165.12
Bhutan,BTN,2024,,,,229.32,1560.38,1555.45,1208.23
Bolivia,BOL,1961,,,,18194.5,37900,18570,6979.75
Bolivia,BOL,1962,,,,18830.94,41100,18930,7046
Bolivia,BOL,1963,,,,19302.15,41200,19272.5,7491
Bolivia,BOL,1964,,,,19120,41200,19616,7491
Bolivia,BOL,1965,,,,18890,42500,21116.05,7695.42
Bolivia,BOL,1966,,,,18880,43700,21300,10395
Bolivia,BOL,1967,,,,19160,45236,21570,11520.25
Bolivia,BOL,1968,,,,19330,47600,23300,12522.25
Bolivia,BOL,1969,,,,19508,49300,25110,13714.5
Bolivia,BOL,1970,,,,19498,53675,27524.5,15520.25
Bolivia,BOL,1971,,,,21330,49540,28813,18214.5
Bolivia,BOL,1972,,,,21835,58960,30200,19420
Bolivia,BOL,1973,,,,22400,61840,31715,20521
Bolivia,BOL,1974,,,,22920,63641,33295.5,20534.5
Bolivia,BOL,1975,,,,23309,65234,35242.75,28048
Bolivia,BOL,1976,,,,24825,70154,36955.5,29555
Bolivia,BOL,1977,,,,25067,74905,39342.7,33362
Bolivia,BOL,1978,,,,25730,76553,41117.9,31166.5
Bolivia,BOL,1979,,,,26075,83579,42973,30072.5
Bolivia,BOL,1980,,,,24880,111781,47704.05,30028
Bolivia,BOL,1981,,,,25478,105333,49223.75,29009
Bolivia,BOL,1982,,,,26090,106306,51003.05,23852
Bolivia,BOL,1983,,,,23679,110408,62355.25,22745
Bolivia,BOL,1984,,,,14828,115925,53118.95,22286
Bolivia,BOL,1985,,,,15356,125042,55137.1,20936
Bolivia,BOL,1986,,,,16999,115017,53651.3,20583
Bolivia,BOL,1987,,,,18915,121195,57067.9,20598
Bolivia,BOL,1988,,,,20067,131054,60572.65,30663
Bolivia,BOL,1989,,,,19867,134674,53863.2,35245
Bolivia,BOL,1990,,,,19011,130398,65289.6,43002.5
Bolivia,BOL,1991,,,,17039,132194,41183,51804
Bolivia,BOL,1992,,,,17150.12,126086,43340,53782
Bolivia,BOL,1993,,,,17370,130255,45654,71199
Bolivia,BOL,1994,,,,18628.21,135882,48110,88206
Bolivia,BOL,1995,,,,19556.7,139597,50605,96212
Bolivia,BOL,1996,,,,19954,143199,53140,105435
Bolivia,BOL,1997,,,,20401.7,147250,55453,115866
Bolivia,BOL,1998,,,,20594.7,155230,57998,134950
Bolivia,BOL,1999,,,,21021,155252,60739,138099
Bolivia,BOL,2000,,,,19219,159794,63365,134653
Bolivia,BOL,2001,,,,19897,160943,65711,128280
Bolivia,BOL,2002,,,,20695,164551,67717,142991
Bolivia,BOL,2003,,,,21629,168226,69449,149236
Bolivia,BOL,2004,,,,22198,172000,71205,175140
Bolivia,BOL,2005,,,,15752,175000,72892,217702
Bolivia,BOL,2006,,,,16040,200000,74695,251519
Bolivia,BOL,2007,,,,16309,244375,76380,284465
Bolivia,BOL,2008,,,,16628,248680,78311,303545
Bolivia,BOL,2009,,,,17301,202026,80464,321052
Bolivia,BOL,2010,,,,17846,202347,83881,383594.62
Bolivia,BOL,2011,,,,18348,205187,86302,393738.34
Bolivia,BOL,2012,,,,18703.98,212594.94,89606.23,426535.38
Bolivia,BOL,2013,,,,18309.55,215179.23,90599.15,453611.44
Bolivia,BOL,2014,,,,18384.29,224651,92168.21,452812.12
Bolivia,BOL,2015,,,,20852,243000,93627.77,461218.53
Bolivia,BOL,2016,,,,24000,252000,100000,465680
Bolivia,BOL,2017,,,,29000,260000,106000,504093
Bolivia,BOL,2018,,,,33491,268000,109204,487191
Bolivia,BOL,2019,,,,37603,266499,117767,484957
Bolivia,BOL,2020,,,,36620,276448.25,115406,486878
Bolivia,BOL,2021,,,,37748.12,284195.16,116361,506148.12
Bolivia,BOL,2022,,,,39109,298566,122864,537247
Bolivia,BOL,2023,,,,40844.34,326596,128257,550178.3
Bolivia,BOL,2024,,,,42410.57,349417.25,135958.84,579764.1
Bosnia and Herzegovina,BIH,1992,,,,1900,27000,10000,13600
Bosnia and Herzegovina,BIH,1993,,,,1600,26000,9500,11000
Bosnia and Herzegovina,BIH,1994,,,,1200,21000,10500,10000
Bosnia and Herzegovina,BIH,1995,,,,1070,15900,11000,11400
Bosnia and Herzegovina,BIH,1996,,,,1030,13000,8000,12000
Bosnia and Herzegovina,BIH,1997,,,,580,13343,5000,7400
Bosnia and Herzegovina,BIH,1998,,,,1289,16200,7600,4000
Bosnia and Herzegovina,BIH,1999,,,,1378,15000,7000,6100
Bosnia and Herzegovina,BIH,2000,,,,1460,16300,6300,6500
Bosnia and Herzegovina,BIH,2001,,,,1165,13700,4300,5600
Bosnia and Herzegovina,BIH,2002,,,,1450,16000,6400,9400
Bosnia and Herzegovina,BIH,2003,,,,1500,17700,7400,12000
Bosnia and Herzegovina,BIH,2004,,,,1486,19313,8207,16316
Bosnia and Herzegovina,BIH,2005,,,,1706,23583,8850,11957
Bosnia and Herzegovina,BIH,2006,,,,1894,22378,9784,14363
Bosnia and Herzegovina,BIH,2007,,,,1709,23809,9011,19688
Bosnia and Herzegovina,BIH,2008,,,,1622,26335,8507,28869
Bosnia and Herzegovina,BIH,2009,,,,1591,23363,9717,33219
Bosnia and Herzegovina,BIH,2010,,,,2001,23390,13290,37569
Bosnia and Herzegovina,BIH,2011,,,,2331,22424,16570,45745
Bosnia and Herzegovina,BIH,2012,,,,2270,22900,15695,53399
Bosnia and Herzegovina,BIH,2013,,,,1468,16415,13013,41549
Bosnia and Herzegovina,BIH,2014,,5,,1484,11429,9663,43461
Bosnia and Herzegovina,BIH,2015,,7,,1366,22849,8534,48754
Bosnia and Herzegovina,BIH,2016,,5.1,,1278,15958,8523,57480
Bosnia and Herzegovina,BIH,2017,,4.35,,1304,15530,8771,61040
Bosnia and Herzegovina,BIH,2018,,7,,1444,11509,7296,62144
Bosnia and Herzegovina,BIH,2019,,9,,1393,11802,7749,67234
Bosnia and Herzegovina,BIH,2020,,9,,926,14465,7621,66012
Bosnia and Herzegovina,BIH,2021,,7,,1332,12355,8364,63916
Bosnia and Herzegovina,BIH,2022,,6,,1205,10719,7953,67206
Bosnia and Herzegovina,BIH,2023,,0,,1365,10125,6819,70708
Bosnia and Herzegovina,BIH,2024,,0,,1081,9792,5459,76558
Botswana,BWA,1961,6000,,,2170,13560,142.5,170.51
Botswana,BWA,1962,6000,,,2300,17025,180,195.52
Botswana,BWA,1963,7000,,,2430,21090,205,221.2
Botswana,BWA,1964,7000,,,2504,26625,215,245.52
Botswana,BWA,1965,7000,,,2550,31350,245,270.48
Botswana,BWA,1966,8000,,,2750,27968,260,295.52
Botswana,BWA,1967,8000,,,2771.4,24610,280,320.48
Botswana,BWA,1968,8000,,,3208.32,18160,290,338.95
Botswana,BWA,1969,8000,,,4077.79,18160,375,275.61
Botswana,BWA,1970,8000,,,4172,29250,300,344.2
Botswana,BWA,1971,7000,,,4030.2,30929,550,190.68
Botswana,BWA,1972,7000,,,3938.3,32499,535,393.61
Botswana,BWA,1973,7000,,,3982,40546,560,379.2
Botswana,BWA,1974,8000,,,4100,37572,595,416
Botswana,BWA,1975,5000,,,3664,39480,550,480
Botswana,BWA,1976,5000,,,3432,43542.13,500,560
Botswana,BWA,1977,5000,,,3348,40846.38,450,640
Botswana,BWA,1978,5000,,,3440,30317.24,350,720
Botswana,BWA,1979,5000,,,3571.2,47234.66,250,760
Botswana,BWA,1980,5000,,,3266,28593.03,245,840
Botswana,BWA,1981,5000,,,3004.4,42695.53,200,1000
Botswana,BWA,1982,5000,,,3284,47000.16,200,1160
Botswana,BWA,1983,5000,,,3516,42156.2,165,1200
Botswana,BWA,1984,5000,,,3664,51092.98,360,1480
Botswana,BWA,1985,5000,,,3888,46402.99,360,2120
Botswana,BWA,1986,5000,,,4530,43956.14,385,2320
Botswana,BWA,1987,5000,,,4960,35597.44,390,2000
Botswana,BWA,1988,5000,,,5630,34448.66,450,2480
Botswana,BWA,1989,5000,,,6292,36567.07,570,3440
Botswana,BWA,1990,5536,,,6948,41934.37,660,3840
Botswana,BWA,1991,5260.09,,,8412,44227.3,350,4080
Botswana,BWA,1992,5428.66,,,8134,47378.73,285.69,3097.28
Botswana,BWA,1993,6000,,,6414,48666.85,135.43,2286.35
Botswana,BWA,1994,7000,,,6004,38238.76,115.29,4359.8
Botswana,BWA,1995,9000,,,9340,45928.75,76.67,7800
Botswana,BWA,1996,8917.68,,,7730,44124.55,153.63,3046.61
Botswana,BWA,1997,9408.95,,,9110,38208.58,154.59,3672.39
Botswana,BWA,1998,10000,,,8170,37286.4,311.99,3589.27
Botswana,BWA,1999,11000,,,7620,26616.58,314.04,3540.19
Botswana,BWA,2000,11242.23,,,7100,28980.36,354.42,3732.98
Botswana,BWA,2001,11486.92,,,6960,33750.4,333.94,3853.22
Botswana,BWA,2002,11786.8,,,6220,29000,298.42,4017.57
Botswana,BWA,2003,12114.08,,,5050,26856,299.89,4573.1
Botswana,BWA,2004,12476.71,,,5910,35000,338.82,5061.1
Botswana,BWA,2005,12850.64,,,7010,35000,377.76,5502.72
Botswana,BWA,2006,11500,,,7206,35000,462.19,5917.24
Botswana,BWA,2007,14682.81,,,7206,35000,591.08,6308.2
Botswana,BWA,2008,16444.43,,,7480,36000,447,6609
Botswana,BWA,2009,18224.3,,,7319,40000,443,5836
Botswana,BWA,2010,19988.25,,,7460,46000,454.97,7545.03
Botswana,BWA,2011,23200,,,7548,47000,463.15,5583.53
Botswana,BWA,2012,23800,,,7636,50204.18,333.08,3325.65
Botswana,BWA,2013,24073.61,,,6718.87,50280.44,293.25,2400.23
Botswana,BWA,2014,24884.82,,,6560.94,53368.2,423.51,1700.08
Botswana,BWA,2015,27072.21,,,5540.03,55451.39,389.7,1238.57
Botswana,BWA,2016,25343.55,,,5689.93,55503.25,327.61,1593.62
Botswana,BWA,2017,25489.87,,,6200,53157.73,157.98,1316.43
Botswana,BWA,2018,25863.78,,,6129.37,58244.57,217.81,1642.95
Botswana,BWA,2019,26439.53,,,5674.47,61348.1,298.23,1779.15
Botswana,BWA,2020,27096.3,,,5610.98,66566.56,417.23,1882.53
Botswana,BWA,2021,26577.74,,,5626.12,65406,659,1332.58
Botswana,BWA,2022,27055.93,,,5376.9,76853,465,1270.98
Botswana,BWA,2023,27532.6,,,5122.29,68756,989,1219.15
Botswana,BWA,2024,27967.39,,,4849.37,64888.95,703.51,1584.46
Brazil,BRA,1961,,39700,,42432,1369078,534119,129710.8
Brazil,BRA,1962,,40100,,45462,1355958,588408,137621.4
Brazil,BRA,1963,,41700,,47217,1360928,574880,166029.4
Brazil,BRA,1964,,42800,,50480,1437185,577989,175298
Brazil,BRA,1965,,44300,,54898,1496849,595849,223846.6
Brazil,BRA,1966,,44800,,55602,1452331,665106,240200.3
Brazil,BRA,1967,,43900,,51801,1505502,667993,270808.6
Brazil,BRA,1968,,44300,,56791,1694447,717524,291378.8
Brazil,BRA,1969,,43700,,55829,1826440,719313,332319.6
Brazil,BRA,1970,,43200,,57160,1845182,766523,378400.2
Brazil,BRA,1971,,43200,,60673,1794200,802186,380231.4
Brazil,BRA,1972,,44100,,57606,2095200,772000,436177
Brazil,BRA,1973,,60000,,58700,2202000,700560,524006
Brazil,BRA,1974,,48600,,58900,2030000,723000,551220.5
Brazil,BRA,1975,,48635,,64500,2156979,760000,554183.1
Brazil,BRA,1976,,53769,,65160,2370000,784500,621021
Brazil,BRA,1977,,36167,,56900,2445520,834000,716495
Brazil,BRA,1978,,43075,,47800,2570000,850000,876890
Brazil,BRA,1979,,43088,,51600,2650000,900000,1118280
Brazil,BRA,1980,,33149,,51600,2850000,980000,1396540
Brazil,BRA,1981,,30077,,51600,3000000,980000,1518800
Brazil,BRA,1982,,24609,,51600,3050000,870000,1625334
Brazil,BRA,1983,,18880,,59600,3250000,885000,1612914
Brazil,BRA,1984,,24021,,67600,3420000,757000,1403279
Brazil,BRA,1985,,20762,,78570,3480000,780000,1534606
Brazil,BRA,1986,,12339,,88500,3600000,825000,1666947
Brazil,BRA,1987,,6392,,93990,3690000,1000000,1853632
Brazil,BRA,1988,,6179,,103920,4050000,1100000,2000124
Brazil,BRA,1989,,7109,,108000,4225000,1020000,2145300
Brazil,BRA,1990,,6223,,111800,4115000,1050000,2421565
Brazil,BRA,1991,,12322,,114000,4510800,1200000,2703854.8
Brazil,BRA,1992,,20047,,115340,4715500,1260000,2957042.2
Brazil,BRA,1993,,21191,,119000,4806900,1500000,3235056
Brazil,BRA,1994,,18337,,120000,5136000,1700000,3511565.8
Brazil,BRA,1995,,15500,,134300,5710200,1800000,4153667.8
Brazil,BRA,1996,,14200,,95600,6186900,1900000,4152494.8
Brazil,BRA,1997,,14300,,97600,5921500,2050000,4571000
Brazil,BRA,1998,,15400,,96000,5794300,2400000,4969050
Brazil,BRA,1999,,16500,,100700,6413300,2400000,5646800
Brazil,BRA,2000,,18400,,100800,6578800,2600000,6124750
Brazil,BRA,2001,,21000,,101100,6823600,2637000,6380150
Brazil,BRA,2002,,21000,,99076,7139000,2798000,7239215
Brazil,BRA,2003,,21100,,97472,7230000,3059000,7967410
Brazil,BRA,2004,,21200,,105400,7774000,3110000,8895410
Brazil,BRA,2005,,21200,,105400,6345810,2800000,8148190
Brazil,BRA,2006,,21400,,106400,6886583,2830000,8461543
Brazil,BRA,2007,,21500,,107440,7048995,2990000,9390575
Brazil,BRA,2008,,21500,,108350,6621374,3015000,10688080
Brazil,BRA,2009,,21600,,108450,6661633,3130000,10414020
Brazil,BRA,2010,,22000,,111300,6977484,3195000,11037226
Brazil,BRA,2011,,21800,,113150,6783537,3227000,11734823
Brazil,BRA,2012,,23000,,114500,7351147,3149726,11985110
Brazil,BRA,2013,,23000,,115800,8166720,3117087,12335811
Brazil,BRA,2014,,22080.45,,116183.38,9723000,3192918.2,12838927
Brazil,BRA,2015,,21813.95,,121509.09,8063225,3430734,13483986
Brazil,BRA,2016,,21262.72,,121874.31,7358778,3711235.2,13609998
Brazil,BRA,2017,,21189.74,,123777.64,7681538,3824682.2,14005429
Brazil,BRA,2018,,21596.31,,128263.36,7989516,3950758.5,13699481
Brazil,BRA,2019,,22120.08,,134729.8,8218851,4125727.5,13693515
Brazil,BRA,2020,,22647.6,,139976.48,7824888,4482047.5,13951320
Brazil,BRA,2021,,22138.38,,139314.31,7456261,4898967,12791763
Brazil,BRA,2022,,22466.85,,146081.22,8012320,5189423.5,13042446
Brazil,BRA,2023,,22466.14,,149442.81,8962423,5297415.5,13431852
Brazil,BRA,2024,,22234.5,,151427.45,10237584,5358897,13871140
Brunei,BRN,1961,,,,1.3,546,367.5,375
Brunei,BRN,1962,,,,2.2,1080,385,432
Brunei,BRN,1963,,,,3.8,960,420,441
Brunei,BRN,1964,,,,4,765,367.5,447
Brunei,BRN,1965,,,,1.1,491.25,472.5,622.5
Brunei,BRN,1966,,,,2.3,483.75,469,879
Brunei,BRN,1967,,,,3,483,372.75,837.16
Brunei,BRN,1968,,,,3.3,618.75,402.5,918
Brunei,BRN,1969,,,,5.2,681.75,409.5,1010.4
Brunei,BRN,1970,,,,3.4,612.06,406,1109.1
Brunei,BRN,1971,,,,2.5,620.7,423.64,1654.8
Brunei,BRN,1972,,,,2.55,620.22,374.5,1267.2
Brunei,BRN,1973,,,,2.4,578.22,345.45,1899.6
Brunei,BRN,1974,,,,1,774.75,385,1536
Brunei,BRN,1975,,,,1.4,546.45,351.75,2194.2
Brunei,BRN,1976,,,,1,837,393.75,2346
Brunei,BRN,1977,,,,1,721.32,329,2438.4
Brunei,BRN,1978,,,,1,506.49,448,2071.2
Brunei,BRN,1979,,,,1.75,1097.22,420,2343.6
Brunei,BRN,1980,,,,1,665.43,484.33,3333.6
Brunei,BRN,1981,,,,1,927.06,398.26,4518
Brunei,BRN,1982,,,,1,907.86,441.7,5337.6
Brunei,BRN,1983,,,,1,1179.54,455,5676.3
Brunei,BRN,1984,,,,2.8,1521.75,759.5,4966.8
Brunei,BRN,1985,,,,5,2868.75,598.5,5772
Brunei,BRN,1986,,,,5.4,1203.6,546,5958
Brunei,BRN,1987,,,,6,1727.1,689.5,3604.5
Brunei,BRN,1988,,,,5,1824.75,829.5,2508.9
Brunei,BRN,1989,,,,9,1884,966,2512.5
Brunei,BRN,1990,,,,12.73,1815,367.5,3093.3
Brunei,BRN,1991,,,,25.25,1977,350,3852.9
Brunei,BRN,1992,,,,40.5,1600.5,175,4287.6
Brunei,BRN,1993,,,,56.2,1438.5,122.5,4275
Brunei,BRN,1994,,,,31.72,1750.5,87.5,4479.6
Brunei,BRN,1995,,,,50,1251,38.5,4240.5
Brunei,BRN,1996,,,,27.5,1588.5,31.5,4226.7
Brunei,BRN,1997,,,,51.6,1806,49,5765.1
Brunei,BRN,1998,,,,115,2214,45.5,7580.4
Brunei,BRN,1999,,,,90.8,4389,45.5,10171.8
Brunei,BRN,2000,,,,39.4,3357.6,49,11904.3
Brunei,BRN,2001,,,,53,3243,49,14129.1
Brunei,BRN,2002,,,,68.8,3780,45.5,16950
Brunei,BRN,2003,,,,65.8,3675,49,18810
Brunei,BRN,2004,,,,62.5,2883,42,17797.5
Brunei,BRN,2005,,,,65.8,2213.1,42,15634.5
Brunei,BRN,2006,,,,46.3,1551,52.5,18138
Brunei,BRN,2007,,,,59.3,1323,52.5,19348.5
Brunei,BRN,2008,,,,84.3,882,52.5,19761
Brunei,BRN,2009,,,,61.3,936,50.4,19809.6
Brunei,BRN,2010,,,,69.3,824,48.3,20910.3
Brunei,BRN,2011,,,,58.1,1126,46.2,23241.6
Brunei,BRN,2012,,,,55.15,1039.76,44.1,24184.5
Brunei,BRN,2013,,,,54.2,669.83,49.58,26845.23
Brunei,BRN,2014,,,,55.39,888.64,52.63,24277.42
Brunei,BRN,2015,,,,51.88,899.53,52.08,23504
Brunei,BRN,2016,,,,49.33,1546.53,52.5,24691.7
Brunei,BRN,2017,,,,36.5,1767.77,52.5,23522.7
Brunei,BRN,2018,,,,43.6,1576.5,51.16,25612.41
Brunei,BRN,2019,,,,48.96,1564.34,48.3,24806.96
Brunei,BRN,2020,,,,58.3,2309.4,41.32,26576.48
Brunei,BRN,2021,,,,76.34,4157.71,43.08,30774.69
Brunei,BRN,2022,,,,48.22,2280.34,35.93,30868.35
Brunei,BRN,2023,,,,54.73,1460.99,29.11,28869.2
Brunei,BRN,2024,,,,55.42,1412.13,22.13,29091.44
Bulgaria,BGR,1961,,1800,,48715,52804,140634,38052
Bulgaria,BGR,1962,,700,,58137,66674,137300,36426
Bulgaria,BGR,1963,,400,,54318,70604,117169,36312
Bulgaria,BGR,1964,,200,,64024,67530,131418,40097
Bulgaria,BGR,1965,,150,,65493,65601,164625,44219
Bulgaria,BGR,1966,,160,,72275,81263,158451,48457
Bulgaria,BGR,1967,,146,,74875,83618,168486,62091
Bulgaria,BGR,1968,,574,,75928,91285,184680,69863
Bulgaria,BGR,1969,,492,,76317,85511,164075,78337
Bulgaria,BGR,1970,,528,,70780,82652,147115,92712
Bulgaria,BGR,1971,,671,,77397,78116,169222,110973
Bulgaria,BGR,1972,,441,,76274,86511,201380,107732
Bulgaria,BGR,1973,,474,,76778,98945,185370,113231
Bulgaria,BGR,1974,,538,,80516,94793,176244,131323
Bulgaria,BGR,1975,,500,,67899,90321,269406,122815
Bulgaria,BGR,1976,,394,,76517,99827,316524,129717
Bulgaria,BGR,1977,,118,,63828,113910,275499,148458
Bulgaria,BGR,1978,,136,,65602,113679,275523,157748
Bulgaria,BGR,1979,,127,,62266,117678,307100,162229
Bulgaria,BGR,1980,,65,,63717,122852,313081,145426
Bulgaria,BGR,1981,,17,,73450,120958,326020,146730
Bulgaria,BGR,1982,,22,,76059,126481,323884,153549
Bulgaria,BGR,1983,,24,,77605,128839,333560,160460
Bulgaria,BGR,1984,,19,,83932,130180,334823,166074
Bulgaria,BGR,1985,,11,,94203,134338,334260,158278
Bulgaria,BGR,1986,,29,,89413,129876,371749,166899
Bulgaria,BGR,1987,,7,,80048,128620,371855,168664
Bulgaria,BGR,1988,,5,,70555,121583,393657,183323
Bulgaria,BGR,1989,,0,,72260,124665,411514,188448
Bulgaria,BGR,1990,,60,,63167,121373,405780,181770
Bulgaria,BGR,1991,,22,,73346,108403,361523,105139
Bulgaria,BGR,1992,,20,,59883,134886,311430,92909.86
Bulgaria,BGR,1993,,10,,56235,116500,276761,101963.85
Bulgaria,BGR,1994,,7,,46843,89243,207096,89820.13
Bulgaria,BGR,1995,,0,,44895,64802,256430,103324.96
Bulgaria,BGR,1996,,0,,55643,78829,252420,109273.88
Bulgaria,BGR,1997,,0,,50249,56317,226700,109694.67
Bulgaria,BGR,1998,,0,,53000,55000,248050,113371.01
Bulgaria,BGR,1999,,0,,57900,61500,267132,115449.55
Bulgaria,BGR,2000,,0,,58800,60700,242865,115124.9
Bulgaria,BGR,2001,,0,,20335,21650,50211,120042.82
Bulgaria,BGR,2002,,0,,19621,23804,61784,131603.19
Bulgaria,BGR,2003,,0,,19366,28727,70644,72045
Bulgaria,BGR,2004,,0,,20467,30887,78320,84673
Bulgaria,BGR,2005,,4,,24428,30025,74532,98432
Bulgaria,BGR,2006,,0.7,,23773,22989,77009,107413
Bulgaria,BGR,2007,,,,21278,21778,76303,116389
Bulgaria,BGR,2008,,,,20862,20029,73757,108552
Bulgaria,BGR,2009,,,,17393,22040,73659,130134.02
Bulgaria,BGR,2010,,,,17019,19809,70471,106903.98
Bulgaria,BGR,2011,,,,15925,20991,72506,103838
Bulgaria,BGR,2012,,,,17025,20684,73159,107617.17
Bulgaria,BGR,2013,,,,12817,19366,72905,98387.34
Bulgaria,BGR,2014,,,,13134,17632,67442,102191.57
Bulgaria,BGR,2015,,,,11677,18666,69259,105654.02
Bulgaria,BGR,2016,,,,11747,17638,72737,109350.9
Bulgaria,BGR,2017,,,,10511,17373,75133,106954.83
Bulgaria,BGR,2018,,,,8440,17254.96,81820,110846
Bulgaria,BGR,2019,,,,9360,18300.12,81590,108851
Bulgaria,BGR,2020,,,,7650,17445.16,65550,109672.19
Bulgaria,BGR,2021,,,,10580,19470.92,80650,110585.5
Bulgaria,BGR,2022,,,,8410,21005.56,85030,113063.8
Bulgaria,BGR,2023,,,,9220,16581.45,79630,115494.34
Bulgaria,BGR,2024,,,,9670,19107.27,86290,118956.29
Burkina Faso,BFA,1961,5000,330,240,9009,14950,1092.75,6726.96
Burkina Faso,BFA,1962,5000,330,240,9386,15600,1003.45,6467.52
Burkina Faso,BFA,1963,5000,330,240,9763,17550,1039.4,6469.52
Burkina Faso,BFA,1964,5000,330,240,10634,18850,1282.39,6313.92
Burkina Faso,BFA,1965,5000,330,240,11401,20800,1394.72,5731.44
Burkina Faso,BFA,1966,5000,330,240,12571,21840,1634.8,6160
Burkina Faso,BFA,1967,5000,330,240,12064,22750,1514.88,6800
Burkina Faso,BFA,1968,5000,330,240,11791,21450,1517.77,6560
Burkina Faso,BFA,1969,5000,330,240,13416,26000,1611.49,7200
Burkina Faso,BFA,1970,5000,330,240,14079,28210,1762.5,7280
Burkina Faso,BFA,1971,5000,330,240,14456,28990,1997.5,7360
Burkina Faso,BFA,1972,5000,330,240,14261,24180,1762.5,7360
Burkina Faso,BFA,1973,5000,275,186,10729,15200,1410,7520
Burkina Faso,BFA,1974,5000,275,186,10768,14250,1410,7200
Burkina Faso,BFA,1975,5000,275,186,11368,17100,1715.5,7600
Burkina Faso,BFA,1976,5000,319,237.6,9302.5,20000,1762.5,9040
Burkina Faso,BFA,1977,5000,294.8,240,9831,21000,1844.75,8320
Burkina Faso,BFA,1978,5000,314.6,152.4,10890,22360,1903.5,7600
Burkina Faso,BFA,1979,5000,301.4,240,10990,24990,1974,8000
Burkina Faso,BFA,1980,5000,363,226.8,12900,21973,2044.5,8960
Burkina Faso,BFA,1981,5000,294.8,232.8,14590,20944,2937.5,9360
Burkina Faso,BFA,1982,5000,308,214.8,17080,24645,3525,10400
Burkina Faso,BFA,1983,5000,314.6,264,18500,28340,4112.5,11760
Burkina Faso,BFA,1984,5000,292.6,210,19100,27030,4700,11360
Burkina Faso,BFA,1985,5000,292.6,210,20550,32648,4982,12800
Burkina Faso,BFA,1986,5000,292.6,210,21650,34450,5170,14400
Burkina Faso,BFA,1987,5000,308,216,22990,35934,5334.5,16000
Burkina Faso,BFA,1988,5000,319,222,23900,36570,5640,17600
Burkina Faso,BFA,1989,5000,330,228,26487.5,36850,5875,17840
Burkina Faso,BFA,1990,4777,173.7,187.1,28433.03,56753.58,9822,19163.2
Burkina Faso,BFA,1991,3615.7,179.95,190.36,29994.18,59032.54,76500,90960
Burkina Faso,BFA,1992,3738.25,186.35,193.44,30811.54,58571.37,83723.3,93480
Burkina Faso,BFA,1993,3860.79,193.06,196.51,31640.98,59738.25,92876.34,89284.07
Burkina Faso,BFA,1994,3983.34,200.08,200.34,32520.03,60930.87,102328.03,90875.27
Burkina Faso,BFA,1995,4105.88,207.4,204.37,33567.98,62146.37,113115.29,92914.02
Burkina Faso,BFA,1996,4228.43,214.72,208.6,34574.2,63390.47,122468.64,90720.22
Burkina Faso,BFA,1997,4350.98,222.5,212.63,35611.76,64657.45,135932.06,96570.75
Burkina Faso,BFA,1998,4473.52,230.43,217.04,36680.45,65949.73,149488.3,97249.88
Burkina Faso,BFA,1999,4596.07,238.81,222.22,37779.71,67269.18,164325.48,100787.3
Burkina Faso,BFA,2000,4718.61,247.35,226.63,38913.1,68614.59,181981.95,104432.19
Burkina Faso,BFA,2001,4841.16,256.2,231.24,40080.49,69986.95,198353.06,119160
Burkina Faso,BFA,2002,4963.7,265.5,235.85,41282.9,71386.7,217748.28,111829.88
Burkina Faso,BFA,2003,5086.25,274.96,227.4,42341.85,104555.11,239002.22,115522.94
Burkina Faso,BFA,2004,5208.79,284.87,231.82,43611.99,106645.88,241415.1,119237.42
Burkina Faso,BFA,2005,5270.73,295.09,236.54,44577.22,111745,245748.7,139000
Burkina Faso,BFA,2006,5218.66,305,241.15,45914.7,113980,251733.14,143797.6
Burkina Faso,BFA,2007,5020,309.57,245.95,47282.62,116259,256869.98,153743.23
Burkina Faso,BFA,2008,5634.63,350.75,250.75,48710.44,118584,262125.97,170300.1
Burkina Faso,BFA,2009,5816.1,350.75,255.74,50171.63,120955,267431.34,178704.55
Burkina Faso,BFA,2010,5975.7,350.75,260.93,51676,123374,273577.9,189118.28
Burkina Faso,BFA,2011,6400,366,265.92,53227,125841,277463.9,197170.95
Burkina Faso,BFA,2012,6300,366,271.1,54823,128357,282148.8,156931.06
Burkina Faso,BFA,2013,6410,366,277,56468,130700,290000,170000
Burkina Faso,BFA,2014,6493.35,348.24,272,55675.42,103000,295000,175000
Burkina Faso,BFA,2015,6646.21,350,205,51597,103000,302000,180000
Burkina Faso,BFA,2016,6787.26,360,281,41258,92000,305000,183000
Burkina Faso,BFA,2017,6921.63,380,285,41319,94000,311000,188000
Burkina Faso,BFA,2018,7049.62,367.35,310.01,51106.11,90000,315000,192000
Burkina Faso,BFA,2019,7158.93,353.28,316.85,50935.93,131000,321000,204000
Burkina Faso,BFA,2020,7291.26,155.37,428,49606,123371,210437.4,147358
Burkina Faso,BFA,2021,7168.84,116.19,436,50058,126242,176160.36,149121
Burkina Faso,BFA,2022,7274.67,88.77,444,50515,129172,180423,150905
Burkina Faso,BFA,2023,7376.91,179.58,453.12,50976.95,132162.31,184788.77,152711
Burkina Faso,BFA,2024,7479.3,167.74,455.37,44539.26,136145.88,192428.55,168997.38
Burundi,BDI,1961,,,,2100,5239,194,1485
Burundi,BDI,1962,,,,1936,5785,206.8,1620
Burundi,BDI,1963,,,,1760,5915,206.4,1755
Burundi,BDI,1964,,,,1621,6474,132.8,1953
Burundi,BDI,1965,,,,1784,7124,192,2088
Burundi,BDI,1966,,,,1968,7202,384,2223
Burundi,BDI,1967,,,,2024,8023.99,300,2430
Burundi,BDI,1968,,,,2075,8294,852,2628
Burundi,BDI,1969,,,,2207,9178,1060,2700
Burundi,BDI,1970,,,,2258,9542,848,2835
Burundi,BDI,1971,,,,2374,9503,1120,2970
Burundi,BDI,1972,,,,2725,10101,1348,3105
Burundi,BDI,1973,,,,2813,10556,1420,3240
Burundi,BDI,1974,,,,2897,10491,1532,3375
Burundi,BDI,1975,,,,3000,10777,1768,3510
Burundi,BDI,1976,,,,2915,10699,2632,3645
Burundi,BDI,1977,,,,2649,11440,1568,3780
Burundi,BDI,1978,,,,2522,12467,1680,3915
Burundi,BDI,1979,,,,2700.6,12779,1792,4050
Burundi,BDI,1980,,,,2957.4,11700,3076,4185
Burundi,BDI,1981,,,,3160,9321,2680,4320
Burundi,BDI,1982,,,,3049,9516,3160,4455
Burundi,BDI,1983,,,,3462.6,9568,4260,4455
Burundi,BDI,1984,,,,3545,9711,4400,4590
Burundi,BDI,1985,,,,3705,9334,3368,4725
Burundi,BDI,1986,,,,3701.4,11219,4440,4860
Burundi,BDI,1987,,,,3793,11570,4660,5130
Burundi,BDI,1988,,,,4076,11700,6900,5400
Burundi,BDI,1989,,,,4190,12090,5280,5670
Burundi,BDI,1990,,,,4120,10200,1160,5940
Burundi,BDI,1991,,,,4432,10540,1000,6337.94
Burundi,BDI,1992,,,,4810,8670,1200,6600.29
Burundi,BDI,1993,,,,4831.5,8840,1080,6772.63
Burundi,BDI,1994,,,,5320,7480,960,6674.98
Burundi,BDI,1995,,,,4124,5440,1000,6487.32
Burundi,BDI,1996,,,,3736,5100,960,6394.29
Burundi,BDI,1997,,,,2960,4930,980,6205.51
Burundi,BDI,1998,,,,2848,5440,1240,6565
Burundi,BDI,1999,,,,3734,9150,1600,6150
Burundi,BDI,2000,,,,3213.52,8600,1567.32,5694.69
Burundi,BDI,2001,,,,1903.75,8613.4,1526.28,5376.67
Burundi,BDI,2002,,,,2053.51,7775.4,1164.08,5018.84
Burundi,BDI,2003,,,,1518.27,8739.4,1425.56,4417.31
Burundi,BDI,2004,,,,1398.19,7368,994.8,4122.05
Burundi,BDI,2005,,,,4002.93,8888.4,2302.51,2475.25
Burundi,BDI,2006,,,,4060.12,12000.6,3440.08,2991.42
Burundi,BDI,2007,,,,3601,10732.2,2977.52,3514.85
Burundi,BDI,2008,,,,3203.66,9738.2,1208.06,4089.99
Burundi,BDI,2009,,,,4829.25,7974,3773.42,4230.8
Burundi,BDI,2010,,,,4644.13,7800,3692,4666.2
Burundi,BDI,2011,,,,3150.56,9938,3735,7083.12
Burundi,BDI,2012,,,,5959.35,12067.8,5117,6300
Burundi,BDI,2013,,,,4308.37,7412.6,5351,6300
Burundi,BDI,2014,,,,4868.37,10218.43,7939.23,7524.87
Burundi,BDI,2015,,,,5340.06,11794.72,7370.23,6959.63
Burundi,BDI,2016,,,,7347.86,11092.68,7791.71,6922.65
Burundi,BDI,2017,,,,9060.75,15526.96,8850,7320.76
Burundi,BDI,2018,,,,10142.18,14210.5,9095.27,9324.19
Burundi,BDI,2019,,,,10878.11,15543.04,9752.8,9570.54
Burundi,BDI,2020,,,,3398.41,10953.3,9434.53,13960.07
Burundi,BDI,2021,,,,2683.75,16734.54,13250.53,8521.46
Burundi,BDI,2022,,,,3811.82,16633.63,15120.55,8957.46
Burundi,BDI,2023,,,,4310.94,16720.71,16163.69,9461.84
Burundi,BDI,2024,,,,3504.51,16871.09,16461.74,9962.91
Cambodia,KHM,1961,,,,,13680,9550,3993
Cambodia,KHM,1962,,,,,13920,11600,4301
Cambodia,KHM,1963,,,,,14440,15000,4168
Cambodia,KHM,1964,,,,,14760,19850,4962
Cambodia,KHM,1965,,,,,15160,23300,5765
Cambodia,KHM,1966,,,,,15496,26250,5895.5
Cambodia,KHM,1967,,,,,18896,29600,6565
Cambodia,KHM,1968,,,,,21848,31800,7490.5
Cambodia,KHM,1969,,,,,23248,35700,8052.5
Cambodia,KHM,1970,,,,,27800,39000,8190
Cambodia,KHM,1971,,,,,28080,39100,8295
Cambodia,KHM,1972,,,,,27720,39050,8550
Cambodia,KHM,1973,,,,,27360,38850,8640
Cambodia,KHM,1974,,,,,26640,30800,8527.5
Cambodia,KHM,1975,,,,,19920,24000,8400
Cambodia,KHM,1976,,,,,16800,16000,8400
Cambodia,KHM,1977,,,,,13680,12000,9000
Cambodia,KHM,1978,,,,,13960,8000,8100
Cambodia,KHM,1979,,,,,12720,5300,7200
Cambodia,KHM,1980,,,,,13568,5250,5800
Cambodia,KHM,1981,,,,,15784,9000,6850
Cambodia,KHM,1982,,,,,19000,28900,9742.5
Cambodia,KHM,1983,,,,,21480,32950,9465
Cambodia,KHM,1984,,,,,24400,40350,10710
Cambodia,KHM,1985,,,,,26840,48100,12787.5
Cambodia,KHM,1986,,,,,29320,46450,14300
Cambodia,KHM,1987,,,,,31960,50050,14425
Cambodia,KHM,1988,,,,,33240,60000,17740
Cambodia,KHM,1989,,,,,36720,69500,16975
Cambodia,KHM,1990,,,,,38760,60600,16300
Cambodia,KHM,1991,,,,,40960,62000,17450
Cambodia,KHM,1992,,,,,44800,81700,19350
Cambodia,KHM,1993,,,,,46944,84900,20700
Cambodia,KHM,1994,,,,,47680,81000,19800
Cambodia,KHM,1995,,,,,50640,81500,19800
Cambodia,KHM,1996,,,,,52000,86000,21950
Cambodia,KHM,1997,,,,,53040,97000,23250
Cambodia,KHM,1998,,,,,52960,100000,24100
Cambodia,KHM,1999,,,,,53320,102500,25400
Cambodia,KHM,2000,,,,,68700,105000,26100
Cambodia,KHM,2001,,,,,67000,107750,27200
Cambodia,KHM,2002,,,,,62200,107400,26508
Cambodia,KHM,2003,,,,,63120,117000,26500
Cambodia,KHM,2004,,,,,64080,122650,26550
Cambodia,KHM,2005,,,,,67120,135000,26200
Cambodia,KHM,2006,,,,,70320,138500,25450
Cambodia,KHM,2007,,,,,71440,120000,26250
Cambodia,KHM,2008,,,,,72800,112500,27250
Cambodia,KHM,2009,,,,,75000,115000,31300
Cambodia,KHM,2010,,,,,72672,105000,28200
Cambodia,KHM,2011,,,,,72800,110000,28000
Cambodia,KHM,2012,,,,,73200,98500,28150
Cambodia,KHM,2013,,,,,69683.33,102821.01,26927.57
Cambodia,KHM,2014,,,,,64738.43,112536.5,26864.28
Cambodia,KHM,2015,,,,,63767.71,111618.09,26222.09
Cambodia,KHM,2016,,,,,64032.01,111437.06,26667.84
Cambodia,KHM,2017,,,,,65125.66,112432.74,27025.03
Cambodia,KHM,2018,,,,,64737.27,111729.35,27152.77
Cambodia,KHM,2019,,,,,65509.66,112830.2,27251.23
Cambodia,KHM,2020,,,,,63886.99,107000,27445.95
Cambodia,KHM,2021,,,,,64600.38,105000,27294.19
Cambodia,KHM,2022,,,,,64599.86,98576.88,27239.73
Cambodia,KHM,2023,,,,,64780.17,100158.3,27285.52
Cambodia,KHM,2024,,,,,64962.18,100565.2,27330.32
Cameroon,CMR,1961,25000,650,,8664,22400,3048,2800
Cameroon,CMR,1962,26000,702,,8898,22400,3000,2960
Cameroon,CMR,1963,26000,741,,9162,24360,3120,3360
Cameroon,CMR,1964,26000,650,,9390,19880,3120,4576
Cameroon,CMR,1965,27000,624,,9615,22120,3108,4960
Cameroon,CMR,1966,27000,702,,10630,23800,3348,5840
Cameroon,CMR,1967,27000,702,,11240,25760,3000,6576
Cameroon,CMR,1968,28000,715,,11700,26600,4164,7056
Cameroon,CMR,1969,28000,715,,12000,29400,4560,8016
Cameroon,CMR,1970,29000,637,,12450,34000,5160,8008
Cameroon,CMR,1971,29000,585,,12600,35700,5760,8000
Cameroon,CMR,1972,29000,481,,12900,36410,6360,7944
Cameroon,CMR,1973,30000,455,,11370,37700,6360,8400
Cameroon,CMR,1974,30000,390,,11700,38780,6600,8640
Cameroon,CMR,1975,30000,325,,11940,39900,6600,8160
Cameroon,CMR,1976,32000,260,,12334.8,42000,9744,8800
Cameroon,CMR,1977,32000,221,,14352,43400,10908,8960
Cameroon,CMR,1978,32000,234,,15286,44800,12144,9280
Cameroon,CMR,1979,32000,234,,15012,46430,13344,9600
Cameroon,CMR,1980,33000,234,,14796,47460,14400,7680
Cameroon,CMR,1981,34000,312,,13960,41890,13253.7,6560
Cameroon,CMR,1982,35000,312,,13388,46460,10800,6640
Cameroon,CMR,1983,36000,325,,13360,48770,9120,8000
Cameroon,CMR,1984,37000,325,,14000,59710,9600,11520
Cameroon,CMR,1985,40000,325,,15051.77,55740,13500,11040
Cameroon,CMR,1986,41000,299,,19316.43,53240,17411.34,12800
Cameroon,CMR,1987,42000,273,,20282.22,61690,14137.2,13440
Cameroon,CMR,1988,43000,234,,22313.4,68480,14844,15600
Cameroon,CMR,1989,43000,234,,24500,70560,15600,15840
Cameroon,CMR,1990,44000,234,,26940,72380,16380,16960
Cameroon,CMR,1991,44406.68,247,,26580,74300,14400,18000
Cameroon,CMR,1992,45000,247,,26860,75000,14251.1,18400
Cameroon,CMR,1993,46000,247,,27146,77342.01,13239.16,19200
Cameroon,CMR,1994,46344.47,247,,27432,70702,13526.21,20400
Cameroon,CMR,1995,46790.24,253.5,,27718,73000,13815.87,21200
Cameroon,CMR,1996,47000,253.5,,28044,87510,14107.68,24000
Cameroon,CMR,1997,48000,260,,28440,76000,14401.5,26800
Cameroon,CMR,1998,50000,260,,28836,77000,17636.89,30000
Cameroon,CMR,1999,51000,266.5,,29448,91200,14995.58,28800
Cameroon,CMR,2000,52000,266.5,,31900,93000,20588.78,21200
Cameroon,CMR,2001,53000,266.5,,32080,94800,21783.72,30000
Cameroon,CMR,2002,55000,273,,32080,90000,23327.55,30000
Cameroon,CMR,2003,56000,273,,32080,89827,25156.41,30000
Cameroon,CMR,2004,57000,143,,32080,93000,24869.84,46000
Cameroon,CMR,2005,58000,159.9,,32080,94000,25181.83,53200
Cameroon,CMR,2006,60000,162.5,,32080,94500,25676.71,60800
Cameroon,CMR,2007,62000,227.5,,32080,95000,26712.45,64600
Cameroon,CMR,2008,63443.38,234,,31000,109600,32600,67700
Cameroon,CMR,2009,64920.69,273,,29600,109600,31100,63900
Cameroon,CMR,2010,66500,286,,36609,81910,41862.82,68000
Cameroon,CMR,2011,66500,299,,37724.67,85998,45378.72,70000
Cameroon,CMR,2012,67433.9,284.21,,28043.69,87495,34228.6,70400
Cameroon,CMR,2013,69686.56,268.46,,38535.71,92163,34998.89,72000
Cameroon,CMR,2014,70727.41,256.8,,44522.51,107377.14,41355.63,74452.93
Cameroon,CMR,2015,72428.32,247.25,,46172.54,114459.83,43273.32,96558.97
Cameroon,CMR,2016,73811.26,236.27,,51748.99,122306,50442,124000
Cameroon,CMR,2017,75101.76,246.96,,39398.07,133625,51741,125006
Cameroon,CMR,2018,76383.86,204.36,,40003,150826,53250,105002
Cameroon,CMR,2019,77639.45,189.17,,43000,107000,43103,103002
Cameroon,CMR,2020,78888.71,207.84,,43000,110006,42067,43999
Cameroon,CMR,2021,77766.89,168.78,,43595.27,119233.68,46701.26,105289.53
Cameroon,CMR,2022,79099.97,159.01,,52285.84,126512,46031,118479.2
Cameroon,CMR,2023,80446.87,152.92,,53270.71,130169,49435,107080.97
Cameroon,CMR,2024,81812.9,147.49,,44401.4,127280.8,51291.63,113200.11
Canada,CAN,1961,,13000,,15672,655323,534150,257409
Canada,CAN,1962,,8000,,14425,665216,539120,257064
Canada,CAN,1963,,8000,,14310,702979,537200,279580
Canada,CAN,1964,,8500,,14040,777694,580390,301969
Canada,CAN,1965,,8000,,11381,867470,551130,322087
Canada,CAN,1966,,10000,,9611,858537,555940,358539
Canada,CAN,1967,,9000,,9730,845945,654440,369716
Canada,CAN,1968,,10000,,8577,891938,644260,366789
Canada,CAN,1969,,10000,,7762,846394,614520,406971
Canada,CAN,1970,,10000,,7499,850629,745720,446810
Canada,CAN,1971,,9000,,7929,896349,813150,424080
Canada,CAN,1972,,11000,,8304,897588,787080,434735
Canada,CAN,1973,,18000,,9002,906266,763364,463031
Canada,CAN,1974,,17000,,7479,953071,767201,460613
Canada,CAN,1975,,20000,,7781,1087684,654655,403159
Canada,CAN,1976,,17500,,6759,1165559,643187,447736
Canada,CAN,1977,,18000,,5516,1142105,647734,457627
Canada,CAN,1978,,19000,,4827,1063113,741444,477518
Canada,CAN,1979,,19317,,4748,947455,889285,536583
Canada,CAN,1980,,18680,,5246,970706,1033616,527155
Canada,CAN,1981,,17110,,6450,1013663,1015170,532668
Canada,CAN,1982,,16300,,7773,1025155,1005920,533469
Canada,CAN,1983,,14000,,8464,1032456,1029610,533123
Canada,CAN,1984,,16800,,8902,990722,1043770,565343
Canada,CAN,1985,,18000,,8205,1028790,1088420,614694
Canada,CAN,1986,,22000,,8183,1028240,1093920,625240
Canada,CAN,1987,,25000,,7910,953380,1121800,682773
Canada,CAN,1988,,28000,,8428,947380,1181600,691856
Canada,CAN,1989,,27800,,8932,951930,1177154,691057
Canada,CAN,1990,,27000,,9290,900100,1123849,733334
Canada,CAN,1991,,28000,,10421,865960,1096230,737446
Canada,CAN,1992,,22000,,11257,898800,1207700,738716
Canada,CAN,1993,,20000,,10844,859630,1194320,772937
Canada,CAN,1994,,15000,,10493,899460,1229380,860878
Canada,CAN,1995,,14500,,10229,928210,1275760,870140
Canada,CAN,1996,,14000,,10624,1016500,1227760,900079
Canada,CAN,1997,,18500,,10183,1089480,1256700,924913
Canada,CAN,1998,,18000,,10610,1181920,1393610,973170
Canada,CAN,1999,,18000,,11420,1263530,1563870,1014850
Canada,CAN,2000,,18000,,12544,1263440,1639980,1064810
Canada,CAN,2001,,30675,,14246,1261610,1731130,1115040
Canada,CAN,2002,,18000,,14750,1297530,1857180,1111550
Canada,CAN,2003,,18000,,15760,1203610,1880740,1113620
Canada,CAN,2004,,18000,,17470,1500140,1934740,1124140
Canada,CAN,2005,,18000,,17550,1469980,1918460,1164600
Canada,CAN,2006,,18000,,17040,1328700,1899660,1169480
Canada,CAN,2007,,18000,,16810,1277650,1906720,1208600
Canada,CAN,2008,,30000,,16230,1303630,1952610,1230000
Canada,CAN,2009,,25000,,15960,1239440,1950140,1212480
Canada,CAN,2010,,25600,,16155,1240625,1938220,1217530
Canada,CAN,2011,,27000,,17707,1105995,1975340,1225070
Canada,CAN,2012,,28500,,16306,1026027,2004420,1233851
Canada,CAN,2013,,26343.32,,16941,1023995,1981460,1257960
Canada,CAN,2014,,22798.08,,16894,1068591,1962760,1276588.2
Canada,CAN,2015,,21593.93,,16845,1017551,2064140,1318404.1
Canada,CAN,2016,,21606.22,,16437,1111992,2080880,1372248.9
Canada,CAN,2017,,21168.95,,16151,1203026,2127600,1418675.8
Canada,CAN,2018,,20400.23,,16106,1265935,2124359,1480115.2
Canada,CAN,2019,,19974.21,,16602,1341994,2173209,1507550.2
Canada,CAN,2020,,18683.66,,16826,1330281,2299446,1474612.9
Canada,CAN,2021,,18953.07,,16850,1383483,2285743,1495345.8
Canada,CAN,2022,,18698.27,,17124,1412231,2257252,1532016.6
Canada,CAN,2023,,18627.42,,17510,1343172,2286861,1586401
Canada,CAN,2024,,18554.41,,17138,1291344,2275356,1588134.4
Cape Verde,CPV,1961,,,,146,160,310,40
Cape Verde,CPV,1962,,,,156,140,330,40
Cape Verde,CPV,1963,,,,158,180,370,40
Cape Verde,CPV,1964,,,,168,190,450,40
Cape Verde,CPV,1965,,,,176,170,550,45
Cape Verde,CPV,1966,,,,187,160,700,45
Cape Verde,CPV,1967,,,,180,170,700,45
Cape Verde,CPV,1968,,,,182,190,725,50
Cape Verde,CPV,1969,,,,182,150,750,50
Cape Verde,CPV,1970,,,,178,250,750,50
Cape Verde,CPV,1971,,,,178,230,800,50
Cape Verde,CPV,1972,,,,161,270,850,50
Cape Verde,CPV,1973,,,,146,280,990,55
Cape Verde,CPV,1974,,,,166,230,775,60
Cape Verde,CPV,1975,,,,181,250,725,65
Cape Verde,CPV,1976,,,,216,210,625,75
Cape Verde,CPV,1977,,,,226,230,750,90
Cape Verde,CPV,1978,,,,236,230,825,140
Cape Verde,CPV,1979,,,,241,160,925,190
Cape Verde,CPV,1980,,,,234,180,1050,230
Cape Verde,CPV,1981,,,,284,240,1150,280
Cape Verde,CPV,1982,,,,335,242,1837,308
Cape Verde,CPV,1983,,,,293,180,1470,295
Cape Verde,CPV,1984,,,,296,122,1379,392
Cape Verde,CPV,1985,,,,246,195,2374,337
Cape Verde,CPV,1986,,,,289,224,2513,463
Cape Verde,CPV,1987,,,,303,254,3000,451
Cape Verde,CPV,1988,,,,492,350,3185,462
Cape Verde,CPV,1989,,,,408,365,3413,490
Cape Verde,CPV,1990,,,,419,370,3711,475
Cape Verde,CPV,1991,,,,480,310,3911,480
Cape Verde,CPV,1992,,,,485,341,7327,500
Cape Verde,CPV,1993,,,,515,355,7000,540
Cape Verde,CPV,1994,,,,520,365,4696,575
Cape Verde,CPV,1995,,,,464,320,8350,525
Cape Verde,CPV,1996,,,,457,694,3060,560
Cape Verde,CPV,1997,,,,457,530,5000,570
Cape Verde,CPV,1998,,,,538,600,6480,570
Cape Verde,CPV,1999,,,,508,442,7000,534
Cape Verde,CPV,2000,,,,480,480,6500,420
Cape Verde,CPV,2001,,,,480,500,5271.63,420
Cape Verde,CPV,2002,,,,502,450,5083.62,405
Cape Verde,CPV,2003,,,,505.9,450,4890.36,365
Cape Verde,CPV,2004,,,,658.4,455,4701.1,395
Cape Verde,CPV,2005,,,,548.41,565,4456.04,430
Cape Verde,CPV,2006,,,,450.43,670,4267.95,430
Cape Verde,CPV,2007,,,,480.47,770,3896.14,540
Cape Verde,CPV,2008,,,,400.86,890,3756.89,560
Cape Verde,CPV,2009,,,,519.61,905,3621.04,605
Cape Verde,CPV,2010,,,,632.14,964.29,3485.3,789
Cape Verde,CPV,2011,,,,860,544,2900,677
Cape Verde,CPV,2012,,,,883,545,2930,753
Cape Verde,CPV,2013,,,,907,546,2960,929
Cape Verde,CPV,2014,,,,931.01,551.46,2990.05,943
Cape Verde,CPV,2015,,,,956.42,548.23,3020.99,980
Cape Verde,CPV,2016,,,,982,550,3049,932.4
Cape Verde,CPV,2017,,,,540,710,2342,902
Cape Verde,CPV,2018,,,,540,709,2338,443
Cape Verde,CPV,2019,,,,554,711,2362,605
Cape Verde,CPV,2020,,,,677,708,2457,538
Cape Verde,CPV,2021,,,,694.91,710.01,2482,611
Cape Verde,CPV,2022,,,,712,712,2507,538.36
Cape Verde,CPV,2023,,,,729.06,706.16,2537.42,485.57
Cape Verde,CPV,2024,,,,759.29,701.57,2564.01,590.12
Caribbean (FAO),,1961,,3707.2,,9273.88,211389.48,74439.9,63090.25
Caribbean (FAO),,1962,,3798.85,,9349.93,217986.38,76448.6,68722.52
Caribbean (FAO),,1963,,3923.95,,9145.98,224817.36,78584.3,74772.19
Caribbean (FAO),,1964,,4059.25,,9085.6,238901.44,80333,81325.86
Caribbean (FAO),,1965,,4130.15,,8948.72,245809.95,83287.7,85811.12
Caribbean (FAO),,1966,,4266,,9076.72,251802.34,86731.4,94216.8
Caribbean (FAO),,1967,,4400.95,,10163.7,254585.81,87753.1,100885.5
Caribbean (FAO),,1968,,4540.2,,10192.15,315405.62,89354.3,105425.55
Caribbean (FAO),,1969,,4675.25,,9618.38,307649.34,93476.5,112108.2
Caribbean (FAO),,1970,,4754.25,,9669.5,289014.25,96729,120892.1
Caribbean (FAO),,1971,,4913.5,,9846.58,279464.3,105745.9,131909.8
Caribbean (FAO),,1972,,5031.55,,9754.78,276185.6,110591.4,135540.75
Caribbean (FAO),,1973,,5152,,9916.82,257685.19,118109.4,148233.4
Caribbean (FAO),,1974,,5236.25,,9667.22,236042.28,114054.8,148272.2
Caribbean (FAO),,1975,,5341.75,,9754.52,219777.33,114889.8,157801.75
Caribbean (FAO),,1976,,5462.25,,9885.31,256308.97,130544.8,166355.5
Caribbean (FAO),,1977,,5526.5,,9914.03,273072.1,168937.8,181061.8
Caribbean (FAO),,1978,,5917.25,,9377.67,274039.62,150159.5,199852.8
Caribbean (FAO),,1979,,5823.25,,9402.76,262999.94,142402.8,214940.45
Caribbean (FAO),,1980,,6035,,9849.01,265405.56,116428.5,240477.55
Caribbean (FAO),,1981,,6113.5,,9887.04,260958.17,109893.2,253553.6
Caribbean (FAO),,1982,,6203.25,,10051.78,264693,115576.9,233990.84
Caribbean (FAO),,1983,,6333.5,,10555.7,275154.44,117196.5,261124.3
Caribbean (FAO),,1984,,6363.25,,10754.11,277967.97,129354.6,293859.1
Caribbean (FAO),,1985,,6388,,10928.37,285681.03,144998.73,289999.9
Caribbean (FAO),,1986,,6395,,10866.44,292955.8,157094.62,299024.3
Caribbean (FAO),,1987,,6407,,10586.9,287160.9,162130.34,312421.2
Caribbean (FAO),,1988,,6448.5,,10558.23,294028.12,159879,333587.2
Caribbean (FAO),,1989,,6548.5,,14381.19,289477.44,167030.8,348639
Caribbean (FAO),,1990,,6573.5,,15307.33,288461.88,182472.9,355320.2
Caribbean (FAO),,1991,,6417,,15042.12,215485.02,165602.97,410002.1
Caribbean (FAO),,1992,,6657.75,,14838.64,209923.72,149652.88,393487.16
Caribbean (FAO),,1993,,6456.5,,14512.49,197674.53,177608.58,396482.66
Caribbean (FAO),,1994,,6532.5,,14304.54,201300.48,186715.86,354363.4
Caribbean (FAO),,1995,,6596.5,,11639.92,203391.27,218422.16,359090.5
Caribbean (FAO),,1996,,6660.5,,11890.75,212740.8,231341.62,382193.53
Caribbean (FAO),,1997,,6564.5,,13099.7,194708.72,181483.34,394778.2
Caribbean (FAO),,1998,,6480.5,,14660.53,202747.22,202169.44,407788.47
Caribbean (FAO),,1999,,6540.5,,14896.07,213883.03,209797.1,428235.78
Caribbean (FAO),,2000,,6640.5,,18227.22,222791.81,208745.98,474167.7
Caribbean (FAO),,2001,,6704.5,,18749.32,219659.47,231307.3,549314
Caribbean (FAO),,2002,,6716.5,,20139.11,211923.48,256942.7,515252.34
Caribbean (FAO),,2003,,6828.5,,20213.53,201296.03,243530.77,496259.72
Caribbean (FAO),,2004,,6458.5,,20504.59,201243.6,231315.03,544120.9
Caribbean (FAO),,2005,,6360.5,,21340.28,202411.39,247334.53,608777.5
Caribbean (FAO),,2006,,5889.25,,19827.69,206463.34,262333.06,623734.6
Caribbean (FAO),,2007,,5849.5,,22510.07,216102.97,332196.88,646293.9
Caribbean (FAO),,2008,,5826,,23837.04,222280.34,338862.78,605296.2
Caribbean (FAO),,2009,,5794,,23357.05,227535.02,324457.88,619089.25
Caribbean (FAO),,2010,,5807,,22828.99,237978.16,299518,560728.75
Caribbean (FAO),,2011,,5817,,24389.89,229239.69,339202.88,564798.44
Caribbean (FAO),,2012,,5811,,24766.19,223968.19,303927.03,542557.1
Caribbean (FAO),,2013,,5807,,23990.01,229324.84,329809.94,557646.3
Caribbean (FAO),,2014,,5645.36,,24379.24,210656.34,326315.38,585512
Caribbean (FAO),,2015,,5540.65,,23281.28,233585.94,333019.5,579441.6
Caribbean (FAO),,2016,,5458.73,,25097.49,238119.28,355581.28,608100.1
Caribbean (FAO),,2017,,5532.74,,24375.92,203127.02,366729.84,628491.94
Caribbean (FAO),,2018,,5308.44,,24488.99,214517.56,366622.56,646068.6
Caribbean (FAO),,2019,,5251.22,,29693.9,197130.4,369606.5,630899.5
Caribbean (FAO),,2020,,5248.11,,30738.93,191091.7,267495.1,544490.25
Caribbean (FAO),,2021,,5209.83,,34510.63,206865.2,288225.72,592026.2
Caribbean (FAO),,2022,,5190.77,,29115.77,211325.4,310766.2,632528.4
Caribbean (FAO),,2023,,5136.79,,28257.21,197223.7,136883.31,635054.8
Caribbean (FAO),,2024,,5065.53,,30318.66,191917.39,136187.62,670224.06
Central African Republic,CAF,1961,5670,,,1725,9100,450,500
Central African Republic,CAF,1962,5760,,,1770,9360,540,560
Central African Republic,CAF,1963,5870,,,1800,9750,600,595
Central African Republic,CAF,1964,5990,,,1815,9750,750,630
Central African Republic,CAF,1965,6100,,,1890,9750,900,665
Central African Republic,CAF,1966,6200,,,1943,10400,1239,686
Central African Republic,CAF,1967,6380,,,1988,11050,1320,700
Central African Republic,CAF,1968,6520,,,1988,11700,1371,700
Central African Republic,CAF,1969,6660,,,2063,12350,1404,735
Central African Republic,CAF,1970,6800,,,2152,13390,1485,749
Central African Republic,CAF,1971,6900,,,2212,14300,1551,770
Central African Republic,CAF,1972,7000,,,2355,15600,1602,805
Central African Republic,CAF,1973,7180,,,2490,16900,1650,833
Central African Republic,CAF,1974,7300,,,2623,18200,1692,875
Central African Republic,CAF,1975,7480,,,2677.5,19240,3000,980
Central African Republic,CAF,1976,7640,,,2760,20800,3900,1050
Central African Republic,CAF,1977,7820,,,2880,20150,3900,1155
Central African Republic,CAF,1978,8000,,,2985,20800,4500,1260
Central African Republic,CAF,1979,8200,,,3240,17420,4500,1425
Central African Republic,CAF,1980,8400,,,3395,20966,4500,1500
Central African Republic,CAF,1981,8700,,,3490,23400,5700,1650
Central African Republic,CAF,1982,8900,,,3570,26000,5700,1688
Central African Republic,CAF,1983,9000,,,3680,30560,5900,1725
Central African Republic,CAF,1984,9350,,,4101,29133,6100,1800
Central African Republic,CAF,1985,9450,,,4149,29637,6200,1800
Central African Republic,CAF,1986,9950,,,4200,30524,6500,2025
Central African Republic,CAF,1987,10200,,,4705,34710,6870,2275
Central African Republic,CAF,1988,10400,,,4866,37310,7080,2342
Central African Republic,CAF,1989,10650,,,5042,39130,7290,2413
Central African Republic,CAF,1990,10900,,,5088,40560,7950,2496
Central African Republic,CAF,1991,11200,,,5925,42000,8000,2500
Central African Republic,CAF,1992,11500,,,6138.5,44000,8100,2500
Central African Republic,CAF,1993,11800,,,6300,45000,8700,2600
Central African Republic,CAF,1994,12200,,,6945,45000,9300,2800
Central African Republic,CAF,1995,12500,,,7705,48000,9900,2900
Central African Republic,CAF,1996,12800,,,7998,61425,11319,3200
Central African Republic,CAF,1997,13150,,,8422,50000,11800,3300
Central African Republic,CAF,1998,13500,,,8930,51000,11900,2700
Central African Republic,CAF,1999,13750,,,9060,51000,12000,2600
Central African Republic,CAF,2000,14000,,,11320,67100,12000,3200
Central African Republic,CAF,2001,14250,,,11610,67000,12500,3300
Central African Republic,CAF,2002,14500,,,12424,69000,12500,4118
Central African Republic,CAF,2003,14700,,,13000,65500,12900,4200
Central African Republic,CAF,2004,15000,,,13150,74000,13500,4200
Central African Republic,CAF,2005,15200,,,13900,76000,13360.38,4350
Central African Republic,CAF,2006,15500,,,14675,78000,13242.88,4400
Central African Republic,CAF,2007,15700,,,15700,84000,13200,5000
Central African Republic,CAF,2008,15800,,,18125,81000,16950,5200
Central African Republic,CAF,2009,15900,,,19075,82500,17650,5500
Central African Republic,CAF,2010,17881.93,,,20235,85000,18729.51,5700
Central African Republic,CAF,2011,20000,,,23550,88000,18184.63,5860
Central African Republic,CAF,2012,21000,,,23592,90000,16350,6000
Central African Republic,CAF,2013,22292.53,,,23740,91928.57,17000,6000
Central African Republic,CAF,2014,23561.63,,,23537.74,92239.46,18366,5927.56
Central African Republic,CAF,2015,21698.12,,,23744.87,93231.97,18008.92,5918.5
Central African Republic,CAF,2016,22517.43,,,24133.47,93654.56,17552.33,5973.67
Central African Republic,CAF,2017,22558.91,,,24753.51,96934.31,18641.24,6006.44
Central African Republic,CAF,2018,22852.04,,,23630.83,96642.61,20722.01,6035.22
Central African Republic,CAF,2019,23244,,,23903.85,99085.55,19308.43,6073.23
Central African Republic,CAF,2020,23632.25,,,24012.09,100276.81,18378.56,6035.27
Central African Republic,CAF,2021,23285.32,,,24213.76,101726.31,20168.63,6008.11
Central African Republic,CAF,2022,23617.31,,,24415.09,100908.08,20538.06,6013.05
Central African Republic,CAF,2023,23939.34,,,24611.37,102268.13,20879.31,6036.91
Central African Republic,CAF,2024,24231.65,,,24352.46,103630.23,21218.3,6061.57
Central America (FAO),,1961,,45306.4,,33877.68,525710,469258.6,153175.7
Central America (FAO),,1962,,45431.4,,33816.46,600248,468180.2,167529.3
Central America (FAO),,1963,,45656.4,,34436.63,639007,471325.8,175379.78
Central America (FAO),,1964,,45882.2,,36045.73,657369,473034.4,184184.86
Central America (FAO),,1965,,46112.2,,37336.88,665552,478943,200354.73
Central America (FAO),,1966,,46333,,35129.44,675038,484763.6,209054.52
Central America (FAO),,1967,,46563,,36314.29,702390,496712,216883.48
Central America (FAO),,1968,,47013.8,,36459.83,735550,500397.6,224766.23
Central America (FAO),,1969,,47313.8,,40346.27,753867,517500.2,234673
Central America (FAO),,1970,,48084.6,,40935.23,754353,542610.6,251075.77
Central America (FAO),,1971,,48794.6,,41890.16,766535,566960,268058.7
Central America (FAO),,1972,,49605,,51380.66,784461,638421,282348.16
Central America (FAO),,1973,,49769.2,,51717.84,758890,704660.4,311203.5
Central America (FAO),,1974,,49899.2,,51772.32,753652,784764,339057.12
Central America (FAO),,1975,,50200,,51886.85,870442,877318,359256.03
Central America (FAO),,1976,,50369,,52178.57,1020100,977769,390677.8
Central America (FAO),,1977,,50768.8,,52775.1,1094509,1080584,416668.7
Central America (FAO),,1978,,52065.8,,53634.26,1087560,1157310,446179.2
Central America (FAO),,1979,,51185.6,,54865.69,1004657,1247506,482270.1
Central America (FAO),,1980,,51342.6,,55484.25,1061096,1321763,540743.8
Central America (FAO),,1981,,62240.9,,57933.52,1143025,1380081,579890.3
Central America (FAO),,1982,,62514.6,,59810.18,1150840,1442720,616263
Central America (FAO),,1983,,63832.3,,57284.29,1228731,1561583,650607.2
Central America (FAO),,1984,,65050,,54769.62,1218350,1531699,680180.7
Central America (FAO),,1985,,66415.5,,62132.71,1231576,1371246,758617
Central America (FAO),,1986,,68985.5,,64991.96,1524106,1038828,879246.7
Central America (FAO),,1987,,71258.1,,60288.04,1570995,989580,884135.8
Central America (FAO),,1988,,73746.95,,64974.45,1568399,937537,853403.9
Central America (FAO),,1989,,75019.55,,64573.35,1498486,801342,846048.1
Central America (FAO),,1990,,77093.75,,63674.52,1464220,840286,1001592.1
Central America (FAO),,1991,,78985.15,,67877.53,1510798,888632,1133787.1
Central America (FAO),,1992,,80969.07,,73041.19,1545237,903373,1192076.2
Central America (FAO),,1993,,81414.3,,72482.54,1571901,905824,1349403.2
Central America (FAO),,1994,,82399.4,,71515.23,1724077,953628,1448664.2
Central America (FAO),,1995,,83374.5,,70200.73,1764746,1003333,1644441.2
Central America (FAO),,1996,,83928.1,,68053.92,1692191,991567,1635954.2
Central America (FAO),,1997,,85281.2,,67969.02,1703643,1032727,1853055.2
Central America (FAO),,1998,,87510.9,,70882.42,1730276,1058458,2054163.2
Central America (FAO),,1999,,83493.64,,70186.93,1753476,1098171,2197884.2
Central America (FAO),,2000,,85136.5,,73852.53,1765838,1132260.8,2351193.2
Central America (FAO),,2001,,87286.5,,77902.27,1793775,1163953.9,2470909.2
Central America (FAO),,2002,,88649.3,,82971.42,1820352,1180341.5,2683746.2
Central America (FAO),,2003,,88903.1,,86594.55,1859788,1145653.6,2764368.5
Central America (FAO),,2004,,91228.09,,88620.79,1907920,1180706.8,2924386
Central America (FAO),,2005,,93084.1,,91231.25,1937341,1224945,3114623
Central America (FAO),,2006,,84408.5,,93378.57,2004862,1245410,3172413
Central America (FAO),,2007,,84869.5,,94272.51,2046786,1296347,3311368
Central America (FAO),,2008,,86185.35,,97258.8,2101128.2,1306207,3351438
Central America (FAO),,2009,,87249.55,,99855.28,2163659,1309268,3419078
Central America (FAO),,2010,,88732,,101724.06,2241237.5,1314027,3482308.8
Central America (FAO),,2011,,88957.2,,103295.16,2323520.5,1350931.8,3591082.5
Central America (FAO),,2012,,89071.31,,102151.06,2340874.5,1396236.5,3625833.5
Central America (FAO),,2013,,89209.54,,100636.57,2325211,1440432.1,3697765.5
Central America (FAO),,2014,,86520.9,,101026.23,2396147,1457669.9,3879805
Central America (FAO),,2015,,83889.09,,101844.41,2405484.2,1489282,4010886
Central America (FAO),,2016,,82594.52,,102972.77,2422953.5,1547855.1,4179570.2
Central America (FAO),,2017,,80264.85,,104385.24,2513203,1616055.5,4339298.5
Central America (FAO),,2018,,76873.03,,105708.08,2556657.5,1685515.1,4532930
Central America (FAO),,2019,,76474.52,,106862.42,2632234.2,1765316.1,4703264.5
Central America (FAO),,2020,,76832.41,,107663.72,2691815.8,1818269.6,4821266.5
Central America (FAO),,2021,,77043.86,,109349.92,2791771.2,1862533.5,4916055
Central America (FAO),,2022,,76288.8,,111104.98,2803119.2,1910050,5119142.5
Central America (FAO),,2023,,75873.67,,112515.98,2954602.5,1947506.2,5262359.5
Central America (FAO),,2024,,75458.71,,113064.16,2979345.5,2054568.8,5357269.5
Central Asia (FAO),,1992,,68251.66,5614.43,435400,1094200,298700,212200
Central Asia (FAO),,1993,,73083.83,5530.37,488700,1205500,251890,166200
Central Asia (FAO),,1994,,83031.8,5546.26,457900,1192900,200720,116600
Central Asia (FAO),,1995,,72070.82,5664.99,403700,1107900,160855,76262
Central Asia (FAO),,1996,,82896.64,5638.45,361700,992277,142626,56410
Central Asia (FAO),,1997,,83121.44,5671.81,319890.12,960394,112359,38701
Central Asia (FAO),,1998,,84757.78,5600,319610,918261,124885.69,48997
Central Asia (FAO),,1999,,82021.3,5666,294838,887513,146885.7,54804
Central Asia (FAO),,2000,,79879.65,5720,301005,883722,119085.04,60043
Central Asia (FAO),,2001,,81988.1,5860,304620,888465,148721.31,61974
Central Asia (FAO),,2002,,80596.74,5900,320517,937968,137436.25,63502
Central Asia (FAO),,2003,,86090,5944,329889,987335,138881.06,72951
Central Asia (FAO),,2004,,80838,6000,338542,1044995,154934.2,76107
Central Asia (FAO),,2005,,82206,5949,349974,1086950,145050.88,86581
Central Asia (FAO),,2006,,84979,5787,373542,1134947,147435.98,108135
Central Asia (FAO),,2007,,86047,5950,418518.4,1190908,145944.11,111667
Central Asia (FAO),,2008,,86816,5960,435352.3,1240545,148795.16,115220
Central Asia (FAO),,2009,,92188,5768,451933,1279317,144220.64,132409
Central Asia (FAO),,2010,,94344,6050,516125.62,1212389.1,140544.14,154597
Central Asia (FAO),,2011,,97366.1,6480,539101.56,1210097.9,159005.06,166888
Central Asia (FAO),,2012,,109983,6511,552826.9,1244815.6,151763.02,199847
Central Asia (FAO),,2013,,115187,6917,574875.94,1310399.9,151462.88,203575.1
Central Asia (FAO),,2014,,116256,7317,614701.56,1383233.1,153072.7,202498.16
Central Asia (FAO),,2015,,130234.3,7227,639162.2,1500230.8,150901.14,219759.14
Central Asia (FAO),,2016,,136395.17,16510.05,663211.1,1604004.6,147992.02,231467.56
Central Asia (FAO),,2017,,146301.45,16001.62,699847.56,1682892.1,132609.88,280950.25
Central Asia (FAO),,2018,,157401.34,17609.91,693361.44,1935858.9,107201.41,317919.16
Central Asia (FAO),,2019,,162005.39,19293.74,661143.75,1913857.4,81928.64,387171.53
Central Asia (FAO),,2020,,175050.88,21788.37,668321.44,1935365.9,80993.36,391914
Central Asia (FAO),,2021,,185049.19,24282.58,687062.56,1991711.1,74851,459727.72
Central Asia (FAO),,2022,,193344.55,22756.07,709893.94,2022421.2,67003.61,517492.34
Central Asia (FAO),,2023,,203544.39,22286.97,730220.8,2133336.8,63554.26,587627.8
Central Asia (FAO),,2024,,196916.23,29861.12,731659.94,2239180.2,58308.35,626011.56
Chad,TCD,1961,3000,100,180,9456,29040,93.75,1400
Chad,TCD,1962,3000,100,180,9707,33660,93.75,1400
Chad,TCD,1963,3000,100,360,10296,34980,93.75,1400
Chad,TCD,1964,3000,100,360,10440,35640,93.75,1400
Chad,TCD,1965,3000,100,360,10560,38280,93.75,1456
Chad,TCD,1966,3000,60,360,12540,33150,93.75,1540
Chad,TCD,1967,3000,60,360,12540,36975,93.75,1645
Chad,TCD,1968,3000,60,360,12825,38250,93.75,1750
Chad,TCD,1969,3000,60,360,12825,29707.5,93.75,1855
Chad,TCD,1970,3000,60,360,12960,31250,103.13,1960
Chad,TCD,1971,3000,60,360,12330,31250,106.88,2100
Chad,TCD,1972,3000,75,450,14424,28800,112.5,2100
Chad,TCD,1973,3000,75,450,12000,25200,112.5,2100
Chad,TCD,1974,3000,75,540,13050,25300,103.13,2240
Chad,TCD,1975,3000,75,540,14400,25800,93.75,2380
Chad,TCD,1976,3000,77,540,16374,51120,112.5,2520
Chad,TCD,1977,3000,80,540,17496,53760,131.25,2625
Chad,TCD,1978,3000,80,540,18708,56640,140.63,2800
Chad,TCD,1979,3000,81,540,19992,59640,150,2940
Chad,TCD,1980,3000,83,540,21378,62880,159.38,3010
Chad,TCD,1981,3000,85,576,22854,66240,168.75,3010
Chad,TCD,1982,3000,85,630,24432,69720,178.13,3010
Chad,TCD,1983,3200,88,720,26124,73440,191.25,3080
Chad,TCD,1984,3200,88,720,27936,77280,193.13,3080
Chad,TCD,1985,3200,89,635.94,29880,81360,202.5,3220
Chad,TCD,1986,3200,91,627.12,31962,85680,212.5,3290
Chad,TCD,1987,3200,93,684,34170,90240,222.5,3395
Chad,TCD,1988,3200,95,702,36558,95040,235,3395
Chad,TCD,1989,3200,98,929.34,39114,100080,247.5,3535
Chad,TCD,1990,3242,100,942.3,41844,105360,260,3780
Chad,TCD,1991,1033.83,105,1020.1,44766,111000,327,4389
Chad,TCD,1992,1060.55,110,1103.56,47886,116880,342,4468.8
Chad,TCD,1993,1087.26,110,1194.37,51258,123120,360,4628.4
Chad,TCD,1994,1113.98,120,1291.22,54840,129600,378,4708.2
Chad,TCD,1995,1198.4,125,1396.61,58692,136560,396,4827.9
Chad,TCD,1996,1396.31,125,1510.04,62814,143760,414,4867.8
Chad,TCD,1997,1594.22,125,1632.53,67224,151440,432,4987.5
Chad,TCD,1998,1792.13,130,1764.36,71964,159480,465,5147.1
Chad,TCD,1999,1990.04,135,1906.62,77034,167880,480,5306.7
Chad,TCD,2000,2187.95,140,2059.62,82470,176760,510,5306.7
Chad,TCD,2001,2385.86,255,2224.49,88296,186120,673.8,5346.6
Chad,TCD,2002,2583.77,260,2402.45,94518,196080,776.38,5346.6
Chad,TCD,2003,2781.68,270,2593.85,101208,206520,897.99,5346.6
Chad,TCD,2004,2979.59,275,2800.84,108372,217440,1025.34,5586
Chad,TCD,2005,3088.14,277,3022.95,116058,228960,1170.23,5586
Chad,TCD,2006,2969.19,291,3262.41,124290,241080,1297.08,5649.84
Chad,TCD,2007,3250,350,3520.59,133116,253920,1658.35,5825.4
Chad,TCD,2008,3574.42,400,3798.92,142572,267360,2724.19,5881.26
Chad,TCD,2009,3878.02,400,4097.95,152718,281640,2384.64,5937.12
Chad,TCD,2010,4182.06,430,4420.11,163614,296520,2389.45,5985
Chad,TCD,2011,4500,430,4766.96,175266,312240,2420.82,6048.84
Chad,TCD,2012,4750,450,5140.12,187782,328800,2411.04,6080.76
Chad,TCD,2013,4750,470,5542.23,201204,346320,2445.28,6104.7
Chad,TCD,2014,4751.34,490,5974.02,215586,364680,2713.39,6304.2
Chad,TCD,2015,5183.38,480,5411.46,230358.06,384022,2200,6120.66
Chad,TCD,2016,4894.91,979.1,4882.68,247585.34,397527,2700,6155.65
Chad,TCD,2017,5079.97,986.85,5828.35,265632.9,420468,2500,6172.4
Chad,TCD,2018,5151.6,929.51,5281.67,283053.47,438794.22,2468.15,6188.18
Chad,TCD,2019,5275.15,971.98,5029.28,301716.62,457635.75,2480.56,6253.87
Chad,TCD,2020,5413.49,1015.65,4765.03,322195.94,474788.5,2520.82,6305.24
Chad,TCD,2021,5309.14,1060.74,6542.23,345217.47,489081.1,2580.94,6390.54
Chad,TCD,2022,5437.28,1107.83,6773.18,369913.47,524007.53,2561.5,6373.51
Chad,TCD,2023,5572.72,1157.01,7094.11,396401.5,550493.8,2574.35,6391.96
Chad,TCD,2024,5705.07,1198.54,7423.91,424653.84,578029.25,2587.21,6410.32
Chile,CHL,1961,,3320,,29385,147839,29000,19800
Chile,CHL,1962,,3100,,28014,157793,25000,20000
Chile,CHL,1963,,3300,,28461,159805,25000,22000
Chile,CHL,1964,,4500,,23979,132678,27000,24000
Chile,CHL,1965,,4500,,27045,137012,32516,26000
Chile,CHL,1966,,4450,,26651,151443,34430,36000
Chile,CHL,1967,,4300,,29027,157292,36625,42000
Chile,CHL,1968,,4900,,33200,172154,41639,47000
Chile,CHL,1969,,6335,,32250,166698,42184,54000
Chile,CHL,1970,,5637,,28407,176065,44387,55700
Chile,CHL,1971,,6806,,30892,152069,45161,45000
Chile,CHL,1972,,6905,,22588,117782,51346,61100
Chile,CHL,1973,,3818,,18521,89185,49176,50800
Chile,CHL,1974,,2701,,22005,175232,49902,55800
Chile,CHL,1975,,3069,,23665,215479,29960,43800
Chile,CHL,1976,,3734,,20423,198148,24880,38000
Chile,CHL,1977,,4926,,20580,173287,28891,44227
Chile,CHL,1978,,6220,,19627,164858,33815,58572
Chile,CHL,1979,,8806,,21993,167468,42541,78900
Chile,CHL,1980,,9743,,19778,162267,49743,109600
Chile,CHL,1981,,7706,,19920,184624,55839,127800
Chile,CHL,1982,,6103,,19196,194566,57703,120100
Chile,CHL,1983,,11036,,17627,208125,59228,87400
Chile,CHL,1984,,13800,,16208,196832,59133,74300
Chile,CHL,1985,,12377,,17785,174832,66046,72735
Chile,CHL,1986,,9121,,17444,177112,75495,79301
Chile,CHL,1987,,9170,,18778,174617,88255,99716
Chile,CHL,1988,,8741,,18383,196816,100113,111392
Chile,CHL,1989,,10248,,17313,221379,113225,111009
Chile,CHL,1990,,10807,,19200,242452,123171,124330
Chile,CHL,1991,,11533,,17771,229790,128835,140700
Chile,CHL,1992,,9513,,17194,199972,137571,207578
Chile,CHL,1993,,6582,,17692,224099,147282,246795
Chile,CHL,1994,,7162,,16500,239615,160814,299216
Chile,CHL,1995,,10800,,14549,257792,172410,314296
Chile,CHL,1996,,11500,,13468,259488,184698,337904
Chile,CHL,1997,,11965,,15121,262105,208703,346128
Chile,CHL,1998,,11213,,16645,256343,235014,376460
Chile,CHL,1999,,9512,,17793,226361,243693,385858
Chile,CHL,2000,,9491,,16487,226363,261477,431703
Chile,CHL,2001,,10770,,15960,217640,303006,477533
Chile,CHL,2002,,11055,,15167,199957,350721,445310
Chile,CHL,2003,,10275,,14755,191784,365343,458518
Chile,CHL,2004,,9565,,14759,208258,372845,528517
Chile,CHL,2005,,8826,,14537,215584,410664,543651
Chile,CHL,2006,,9418,,16530,237553,467866,613670
Chile,CHL,2007,,8606,,16071,241677,498706,580971
Chile,CHL,2008,,8926,,16800,240257,522423,611442
Chile,CHL,2009,,7281,,16458,209853,513741,603966
Chile,CHL,2010,,7448,,16305,210744,498489,593722
Chile,CHL,2011,,8324,,16907.2,190979,527857,650972
Chile,CHL,2012,,8909,,15372,197459,583671,669348
Chile,CHL,2013,,7615,,14606.24,206200,550033,675597
Chile,CHL,2014,,7554,,15713.72,224112,520074,663806
Chile,CHL,2015,,8489.24,,14202.62,225261.42,523831.5,710762.9
Chile,CHL,2016,,8008.17,,13292.99,215022.73,520566.8,741732.5
Chile,CHL,2017,,7477.44,,14261.57,203104.02,490341.8,703031.94
Chile,CHL,2018,,6917.03,,15482.96,199314.02,520857.75,762317.56
Chile,CHL,2019,,6875.5,,14419.7,208313.1,536011.2,769172.25
Chile,CHL,2020,,8933.85,,14644.31,223362.7,574165.2,767924.5
Chile,CHL,2021,,10615.73,,14000.5,209971.6,589585.2,751903.7
Chile,CHL,2022,,9754.51,,14263.22,190745.17,576402.4,769159.7
Chile,CHL,2023,,7937.1,,14257.85,187564.11,582651.6,759948.3
Chile,CHL,2024,,7817.56,,13896.44,197958.3,585385.75,759117
China,CHN,1961,,21600,7040,100000,59500,1370000,622000
China,CHN,1962,,22320,7040,100000,80000,1780000,648500
China,CHN,1963,,22800,8140,120000,107000,3300000,672500
China,CHN,1964,,24720,9240,140000,120000,4500000,694000
China,CHN,1965,,26520,10120,160000,134000,5250000,723000
China,CHN,1966,,28440,11000,190000,146000,5700000,744500
China,CHN,1967,,28800,11000,197000,152500,6000000,776000
China,CHN,1968,,29160,11000,202000,153000,5900000,797500
China,CHN,1969,,29880,11000,206000,158000,5700000,833000
China,CHN,1970,,31320,11000,210000,158000,5635000,855500
China,CHN,1971,,34680,11000,235000,180000,6550000,897000
China,CHN,1972,,35760,11000,255000,193000,7300000,948500
China,CHN,1973,,37200,11000,280000,214000,7300000,990000
China,CHN,1974,,38640,11000,290000,226000,7250000,1041500
China,CHN,1975,,39960,11000,309000,235000,7460000,1073000
China,CHN,1976,,40680,11000,290000,229000,7330000,1143500
China,CHN,1977,,41160,11000,305000,239000,7300000,1196000
China,CHN,1978,,41160,11000,320000,239000,8048000,1257500
China,CHN,1979,,40440,11000,377000,273000,10015000,1306500
China,CHN,1980,,40080,11000,450000,300000,11341000,1355500
China,CHN,1981,,39960,12100,475000,310000,11884000,1387000
China,CHN,1982,,39480,13200,525000,320000,12718000,1443500
China,CHN,1983,,40200,12980,545000,357000,13161000,1485000
China,CHN,1984,,40800,13640,586000,409000,14447000,1524000
China,CHN,1985,,43200,14300,593000,467000,16547000,1592000
China,CHN,1986,,45600,14960,622000,589000,17167000,1879000
China,CHN,1987,,49800,15400,719000,792000,18349008,2194000
China,CHN,1988,,50400,15840,802000,950400,19974250,2744000
China,CHN,1989,,52200,16500,962000,1063000,21015720,2820000
China,CHN,1990,,54000,17160,1068000,1234000,22354800,3159000
China,CHN,1991,,57600,7040,1180000,1494500,24523000,3900000
China,CHN,1992,,63960,9020,1250000,1738450,26353000,4500000
China,CHN,1993,,58320,10010,1373000,2189000,28544000,5736000
China,CHN,1994,,115776,11682,1480000,2384500,32048300,6500000
China,CHN,1995,,138120,11000,1745000,2870500,36483700,8000000
China,CHN,1996,,168000,10340,1810000,3226300,31580000,8063000
China,CHN,1997,,152760,10560,2128000,3953300,35963000,9416000
China,CHN,1998,,151200,13420,2346000,4351000,38837000,10436000
China,CHN,1999,,163320,14740,2513000,5054000,40056000,10965000
China,CHN,2000,,175320,14740,2641300,5131200,39659900,11890000
China,CHN,2001,,185400,14300,2718000,5086000,40517000,11760800
China,CHN,2002,,178680,15180,2835000,5219000,41231000,11969000
China,CHN,2003,,188040,14300,3087000,5425000,42386000,12388000
China,CHN,2004,,187512,14432,3329000,5604000,43410000,12511000
China,CHN,2005,,188004,14388,3500600,5681000,45553300,13357000
China,CHN,2006,,184584,14960,3677300,5903300,46504500,13583000
China,CHN,2007,,181440,16280,3856800,6262200,42878200,14476000
China,CHN,2008,,169920,17820,3932400,6176800,46205000,15336000
China,CHN,2009,,174240,13860,3994300,6261800,48907600,15949000
China,CHN,2010,,178080,14300,4060200,6290700,50712400,16561000
China,CHN,2011,,193080,14740,3979600,6107100,50604000,17088000
China,CHN,2012,,192000,14740,4045000,6147500,53427000,18230000
China,CHN,2013,,179112,16940,4099000,6130900,54930300,17980000
China,CHN,2014,,195000,16966.09,4276300,6157200,56713900,17510000
China,CHN,2015,,198000,16834.64,4399300,6168900,56454000,18260000
China,CHN,2016,,192633.55,17310.21,4602500,6169100,54255000,18880000
China,CHN,2017,,163417.22,16613.8,4710700,6346200,54517970,18970000
China,CHN,2018,,175582.31,22115.2,4750700,6440600,54037356,19940000
China,CHN,2019,,205195.64,28350.73,4875200,6673080,42553070,22390000
China,CHN,2020,,236833.11,28895.03,4923100,6724500,41133300,23610000
China,CHN,2021,,191180.88,32593.95,5140800,6975100,52959300,23800000
China,CHN,2022,,254584.69,37748.47,5245300,7182600,55414300,24430000
China,CHN,2023,,184287.9,40797.65,5312600,7526800,57943200,25630000
China,CHN,2024,,180715.69,45033.38,5177500,7790900,57060000,26600000
China (FAO),,1961,0,21600,7040,100393.97,79408.45,1606569,693078
China (FAO),,1962,0,22320,7040,100436.51,107441.02,2042428,720804
China (FAO),,1963,0,22800,8140,120396.76,134653.67,3606120,746756
China (FAO),,1964,0,24720,9240,140461.77,152531.42,4825433,772082
China (FAO),,1965,0,26520,10120,160476.36,167751.88,5595767,810372
China (FAO),,1966,1105,28440,11000,190556.52,181122.88,6089111,836899.8
China (FAO),,1967,2064,28800,11000,197591.34,185539.16,6418969,875880.8
China (FAO),,1968,2980,29160,11000,202515.64,188982.34,6332979,905396
China (FAO),,1969,4800,29880,11000,206510.89,196169.34,6153643,946180
China (FAO),,1970,4560,31320,11000,210589.58,197592.84,6138780,970739.4
China (FAO),,1971,4840,34680,11000,235754.64,215086.8,7091292,1025255.2
China (FAO),,1972,4600,35760,11000,255617.06,229905.2,7874478,1101831
China (FAO),,1973,3320,37200,11000,280603.06,250499,7941115,1141440
China (FAO),,1974,3800,38640,11000,290579.22,258422.95,7849644,1196960
China (FAO),,1975,3800,39960,11000,309686.06,270470.94,7995669,1239438.2
China (FAO),,1976,4000,40680,11000,290737.66,270353.72,7983648,1330340.5
China (FAO),,1977,4000,41160,11000,305702.34,284675.78,8018553,1441254
China (FAO),,1978,4000,41160,11000,320502.94,282126,8772206,1531492
China (FAO),,1979,4500,40440,11000,377482.16,315437,10868606,1590558
China (FAO),,1980,4500,40080,11000,450500.53,342066,12125430,1662942.5
China (FAO),,1981,4500,39960,12100,475509.62,352093,12674096,1733891.8
China (FAO),,1982,5000,39480,13200,525461.2,363741.5,13527814,1809193.2
China (FAO),,1983,5000,40200,12980,545459,401873,14008882,1903139.8
China (FAO),,1984,5150,40800,13640,586536.5,453312,15366156,1939011
China (FAO),,1985,5300,43200,14300,593523,511136,17566976,2016599.9
China (FAO),,1986,5350,45600,14960,622601.7,634091,18239358,2321471.2
China (FAO),,1987,5480,49800,15400,719565.56,838172,19490156,2687372.5
China (FAO),,1988,5480,50400,15840,802627.94,997068,21092872,3254625
China (FAO),,1989,5600,52200,16500,962676.1,1108536.8,22133652,3370523.8
China (FAO),,1990,5700,54000,17160,1068576.4,1279924.5,23559488,3740003.5
China (FAO),,1991,5800,57600,7040,1180614.8,1538585.2,25824122,4479763.5
China (FAO),,1992,5900,63960,9020,1250755,1780731,27647176,5120819
China (FAO),,1993,6000,58320,10010,1374674.2,2227504,29836492,6407831.5
China (FAO),,1994,6098.4,115776,11682,1482525.1,2420201.8,33426476,7173750
China (FAO),,1995,6195.22,138120,11000,1748698.5,2903232.5,37885024,8674031
China (FAO),,1996,6290.2,168000,10340,1814550.2,3253778.8,33014694,8794685
China (FAO),,1997,6383.26,152760,10560,2132432.2,3975263.2,37156348,10219776
China (FAO),,1998,6474.32,151200,13420,2349977.2,4376425.5,39900430,11222433
China (FAO),,1999,6563.3,163320,14740,2517015,5079177,41049332,11761396
China (FAO),,2000,6650.11,175320,14740,2644988.2,5155924,40751530,12688865
China (FAO),,2001,6734.67,185400,14300,2721251.2,5107845,41654252,12524013
China (FAO),,2002,6797.92,178680,15180,2838057.2,5239939,42322776,12732083
China (FAO),,2003,6896.7,188040,14300,3089977.2,5445101,43433464,13135215
China (FAO),,2004,6969.25,187512,14432,3331887.2,5624749,44478788,13236763
China (FAO),,2005,7039.22,188004,14388,3503949.2,5702119,46622210,14055218
China (FAO),,2006,7106.51,184584,14960,3681356.2,5924165,47590464,14285777
China (FAO),,2007,7171.04,181440,16280,3860513.2,6281250,43933236,15171768
China (FAO),,2008,7232.72,169920,17820,3935723,6191894,47190350,15992412
China (FAO),,2009,7291.48,174240,13860,3997467,6277307,49897956,16616631
China (FAO),,2010,7347.23,178080,14300,4063074.8,6306441,51693864,17243044
China (FAO),,2011,7400,193080,14740,3982223.2,6122687,51593350,17799826
China (FAO),,2012,7450,192000,14740,4047428.8,6162275,54435720,18893962
China (FAO),,2013,7500,179112,16940,4101028.2,6146293,55917320,18622144
China (FAO),,2014,7550.5,195000,16966.09,4278401.5,6172446,57661870,18195050
China (FAO),,2015,7652.47,198000,16834.64,4401429,6183522.5,57415740,18911104
China (FAO),,2016,7741.22,192633.55,17310.21,4604513.5,6183351,55206920,19565248
China (FAO),,2017,7831.25,163417.22,16613.8,4712595,6360638,55455396,19647366
China (FAO),,2018,7921.35,175582.31,22115.2,4752443.5,6454910,54991736,20664824
China (FAO),,2019,8010.83,205195.64,28350.73,4876934,6687685,43497804,23149858
China (FAO),,2020,8100.05,236833.11,28895.03,4924777.5,6739352,42102156,24395260
China (FAO),,2021,7963.31,191180.88,32593.95,5142347.5,6990080.5,53892870,24606384
China (FAO),,2022,8025.67,254584.69,37748.47,5246791,7198144,56346010,25241470
China (FAO),,2023,8091.18,184287.9,40797.65,5313985.5,7542344,58840336,26408864
China (FAO),,2024,8156.7,180715.69,45033.38,5179028,7805831.5,57947564,27408824
Colombia,COL,1961,,2500,,5550,328000,75115,30140
Colombia,COL,1962,,2500,,6180,361400,72250,33000
Colombia,COL,1963,,2500,,6745,375000,71720,38500
Colombia,COL,1964,,2500,,7175,390000,65755,40150
Colombia,COL,1965,,3125,,7900,392300,64350,41800
Colombia,COL,1966,,2500,,8225,362600,65050,39500
Colombia,COL,1967,,2500,,8140,359100,72830,41000
Colombia,COL,1968,,2500,,8485,376500,69030,43000
Colombia,COL,1969,,2500,,8300,390000,66690,45000
Colombia,COL,1970,,3750,,8885,417800,69030,46000
Colombia,COL,1971,,6250,,9160,462000,71140,44000
Colombia,COL,1972,,2500,,8780,425000,72070,46000
Colombia,COL,1973,,2500,,8400,408000,83450,48536
Colombia,COL,1974,,2500,,8820,423000,83000,62460
Colombia,COL,1975,,3125,,8770,470000,98245,63043
Colombia,COL,1976,,3125,,9285,544502,99646,69836
Colombia,COL,1977,,3750,,9810,540468,99934,79141
Colombia,COL,1978,,3750,,10230,570400,104677,89348
Colombia,COL,1979,,5000,,10780,597085,95130,102751
Colombia,COL,1980,,5000,,10965,593223,93955,108910
Colombia,COL,1981,,5000,,11600,624254,105400,109806
Colombia,COL,1982,,5000,,12200,587004,100800,125000
Colombia,COL,1983,,5000,,13000,553055,111000,126160
Colombia,COL,1984,,5000,,12316,587889,113859,137400
Colombia,COL,1985,,6875,,12652,585859,118160,151300
Colombia,COL,1986,,5125,,12440,580541,122960,186310
Colombia,COL,1987,,5250,,12604,569390,122000,214675
Colombia,COL,1988,,5250,,13307,622408,131000,276675
Colombia,COL,1989,,5250,,12460,691676,125900,280395
Colombia,COL,1990,,5250,,12502,746107,133490,297648
Colombia,COL,1991,,5250,,11901.78,701007,133430,386100
Colombia,COL,1992,,5250,,12500.97,594586,134710,408200
Colombia,COL,1993,,5250,,13397.91,602550,134000,445095
Colombia,COL,1994,,5250,,13397.1,646274,133200,498781
Colombia,COL,1995,,5250,,13419.45,702334,133185,553055
Colombia,COL,1996,,5250,,12275.63,730034,128700,464527
Colombia,COL,1997,,5250,,13495.28,762988,103000,432750
Colombia,COL,1998,,5250,,12377.06,766000,75409,507000
Colombia,COL,1999,,5375,,12075,716000,107000,496000
Colombia,COL,2000,,5437.5,,13597.78,745000,105000,504395
Colombia,COL,2001,,5500,,11842.04,700000,98431,595586
Colombia,COL,2002,,5562.5,,10528.42,675000,109189,649037
Colombia,COL,2003,,5675,,9850.69,642242,123886,678070
Colombia,COL,2004,,5750,,8506.2,717288,129866,709182
Colombia,COL,2005,,5625,,7289.74,792168,127679,762870
Colombia,COL,2006,,5125,,6198.62,827220,148239,849830
Colombia,COL,2007,,5312.5,,5373.19,856261,177196,924896
Colombia,COL,2008,,5375,,4240.63,917368,169821,1010659
Colombia,COL,2009,,5562.5,,495.48,810068,171254,1019864.25
Colombia,COL,2010,,4712.5,,515.4,766591,196614.05,1066943
Colombia,COL,2011,,4300,,653.74,822781.7,216234.62,1074958.8
Colombia,COL,2012,,3875,,541.63,856256.6,330798.2,1112246
Colombia,COL,2013,,3500,,703,858565.25,244307,1274270
Colombia,COL,2014,,2432.28,,939,840559.1,263151,1359153
Colombia,COL,2015,,2500,,1035,858839.8,305105,1424388
Colombia,COL,2016,,3656.36,,1423,801762.2,349125,1478922.8
Colombia,COL,2017,,3701.18,,1469,767330.9,351867.47,1563607.1
Colombia,COL,2018,,3333.97,,1586,778878.25,382942.62,1629659.1
Colombia,COL,2019,,3952.96,,1819,776679.9,422076.66,1693178.4
Colombia,COL,2020,,5841.53,,1027,751038,439682,1619784
Colombia,COL,2021,,5549.51,,1005.7,767002.06,460707.28,1694334.9
Colombia,COL,2022,,5463.15,,1028,717977,517038,1820126
Colombia,COL,2023,,5139.89,,902,718630,550959,1817130
Colombia,COL,2024,,3344.19,,940.82,743677.9,587816.44,1821768.1
Comoros,COM,1961,,,,308.25,636.9,,148
Comoros,COM,1962,,,,305.63,709.5,,148
Comoros,COM,1963,,,,300.38,780.45,,152
Comoros,COM,1964,,,,298.13,851.4,,154.4
Comoros,COM,1965,,,,296.63,924,,156
Comoros,COM,1966,,,,289.5,1100,,156
Comoros,COM,1967,,,,273,1210,,160
Comoros,COM,1968,,,,270,1265,,164
Comoros,COM,1969,,,,267.75,1320,,168
Comoros,COM,1970,,,,265.5,1375,,172
Comoros,COM,1971,,,,267.38,1430,,177.6
Comoros,COM,1972,,,,269.25,1430,,184
Comoros,COM,1973,,,,271.13,1430,,190.4
Comoros,COM,1974,,,,276,1485,,196
Comoros,COM,1975,,,,278.25,1540,,204
Comoros,COM,1976,,,,293.75,1606,,212
Comoros,COM,1977,,,,288.13,1672,,216
Comoros,COM,1978,,,,300,1738,,220
Comoros,COM,1979,,,,303,1364,,224
Comoros,COM,1980,,,,305.63,1320,,232
Comoros,COM,1981,,,,313.25,1276,,280
Comoros,COM,1982,,,,321.25,1232,,296
Comoros,COM,1983,,,,332.55,1188,,328
Comoros,COM,1984,,,,341.38,1144,,336
Comoros,COM,1985,,,,352.55,1100,,344
Comoros,COM,1986,,,,374.25,1056,,352
Comoros,COM,1987,,,,417.8,1017.5,,376
Comoros,COM,1988,,,,432.25,1034,,392
Comoros,COM,1989,,,,444.85,1045,,400
Comoros,COM,1990,,,,414.5,944.9,,416
Comoros,COM,1991,,,,413.5,970.2,,429.6
Comoros,COM,1992,,,,413.5,990,,444
Comoros,COM,1993,,,,423.5,1012,,457.6
Comoros,COM,1994,,,,431.5,1019.92,,472
Comoros,COM,1995,,,,434.25,1005.4,,464
Comoros,COM,1996,,,,440.75,1012,,480
Comoros,COM,1997,,,,445.5,902,,480
Comoros,COM,1998,,,,507.25,951.5,,496
Comoros,COM,1999,,,,601,968,,504
Comoros,COM,2000,,,,432.5,1012,,512
Comoros,COM,2001,,,,435.5,1100,,520
Comoros,COM,2002,,,,442.5,1265,,524
Comoros,COM,2003,,,,439.75,1100,,560
Comoros,COM,2004,,,,442.75,1243,,576
Comoros,COM,2005,,,,453,1100,,560
Comoros,COM,2006,,,,464.5,1265,,568
Comoros,COM,2007,,,,472.25,1232,,544
Comoros,COM,2008,,,,471.5,1232,,544
Comoros,COM,2009,,,,468.5,1243,,536
Comoros,COM,2010,,,,473.5,1243,,568
Comoros,COM,2011,,,,478.5,1243,,576
Comoros,COM,2012,,,,480,1265,,576
Comoros,COM,2013,,,,481.5,1265,,576
Comoros,COM,2014,,,,478.21,1232.92,,564.35
Comoros,COM,2015,,,,475.45,1224.55,,562.87
Comoros,COM,2016,,,,472.75,1212.16,,569.91
Comoros,COM,2017,,,,471.43,1225,,574.73
Comoros,COM,2018,,,,471.81,1231.89,,578.32
Comoros,COM,2019,,,,472.16,1232.51,,580.81
Comoros,COM,2020,,,,473.27,1225.53,,582.91
Comoros,COM,2021,,,,474.08,1226.64,,588.54
Comoros,COM,2022,,,,473.85,1223.16,,588.73
Comoros,COM,2023,,,,474.42,1224.62,,590.47
Comoros,COM,2024,,,,474.99,1226.08,,592.21
Congo,COG,1961,7000,,,248.5,301.08,1164.8,970
Congo,COG,1962,7200,,,243.3,407.47,1209.6,970
Congo,COG,1963,7500,,,238.1,535.08,1254.4,990
Congo,COG,1964,7600,,,232.9,605.28,1120,990
Congo,COG,1965,7700,,,227.7,577.2,1030.4,960
Congo,COG,1966,7800,,,222.5,624,940.8,960
Congo,COG,1967,7900,,,222.5,780,806.4,1100
Congo,COG,1968,8000,,,236,1154.4,1120,1050
Congo,COG,1969,8100,,,249.5,1154.4,1344,1060
Congo,COG,1970,8200,,,260.5,1185.6,1657.6,1080
Congo,COG,1971,8300,,,271.5,1060.8,1657.6,1230
Congo,COG,1972,8400,,,285,1092,1657.6,1230
Congo,COG,1973,8500,,,294,1170,1612.8,1400
Congo,COG,1974,8600,,,316.8,1326,1612.8,1200
Congo,COG,1975,8700,,,342.4,1404,1775.2,1500
Congo,COG,1976,8800,,,374.6,1638,2004.8,2500
Congo,COG,1977,8900,,,403.8,1638,2055.2,2600
Congo,COG,1978,9000,,,452.4,2340,2178.4,2780
Congo,COG,1979,10000,,,491,2340,1568,2730
Congo,COG,1980,10200,,,550.2,2106,1181.6,3400
Congo,COG,1981,10300,,,618.6,2184,985.6,4540
Congo,COG,1982,10400,,,650.6,2340,1080.8,4600
Congo,COG,1983,10500,,,684.4,2449.2,1114.4,4680
Congo,COG,1984,10600,,,755,2324.4,1377.6,4700
Congo,COG,1985,10600,,,787.4,2028,1556.8,5000
Congo,COG,1986,10700,,,881.6,1778.4,1982.4,5060
Congo,COG,1987,10800,,,963.5,1606.8,2122.4,5100
Congo,COG,1988,10800,,,1031.3,1521,2234.4,5150
Congo,COG,1989,11000,,,1092.7,1372.8,1988,5200
Congo,COG,1990,11143,,,1199.7,1716,2016,5300
Congo,COG,1991,11200,,,1158.7,1372.8,2060.8,5300
Congo,COG,1992,11500,,,1156.5,1216.8,2072,5400
Congo,COG,1993,11800,,,1164.2,1263.6,2128,5500
Congo,COG,1994,12000,,,1166.9,1294.8,2184,5600
Congo,COG,1995,12200,,,1164.2,1310.4,2240,5700
Congo,COG,1996,12400,,,1156.5,1341.6,2296,5800
Congo,COG,1997,13000,,,1142.2,1404,2324,5800
Congo,COG,1998,15000,,,1126,1341.6,2380,5700
Congo,COG,1999,16000,,,1126,1560,1350,5800
Congo,COG,2000,16647.03,,,1090.5,1622.4,1395,5800
Congo,COG,2001,17539.26,,,1090.5,1684.8,1410,5800
Congo,COG,2002,18000,,,1123,1716,1440,5000
Congo,COG,2003,19839.27,,,1123,1872,1450,5200
Congo,COG,2004,21000,,,1190,2808,1500,5500
Congo,COG,2005,24000,,,1242,3744,1520,5650
Congo,COG,2006,26000,,,1245,4680,1560,5640
Congo,COG,2007,28000,,,1275.02,5538,1600,5690
Congo,COG,2008,30000,,,1327,6080,1716,5850
Congo,COG,2009,32000,,,1446,5638,1831,6000
Congo,COG,2010,35597.82,,,1470,6150,1850,6250
Congo,COG,2011,41000,,,1495,6396,1890,6500
Congo,COG,2012,43621.76,,,1515,6552,1925,6600
Congo,COG,2013,40305.52,,,1535.89,6153.84,2000,6700
Congo,COG,2014,38766.63,,,1505.69,5891.81,1885.33,6541.25
Congo,COG,2015,46931.19,,,1482.94,5799.84,1739.26,6495.46
Congo,COG,2016,42001.11,,,1475.45,5783.51,1716.08,6563.91
Congo,COG,2017,43969.73,,,1474.14,5828.24,1517.81,6536.76
Congo,COG,2018,44914.56,,,1472.47,5443.67,1352.15,6623.81
Congo,COG,2019,44767.94,,,1475.84,5584.39,1486.95,6748.7
Congo,COG,2020,45399.94,,,1478.3,5565.57,1442.91,6709.91
Congo,COG,2021,45277.04,,,1497.76,5550.86,1337.17,6849.94
Congo,COG,2022,45892.93,,,1500.62,5475.27,1294.48,6806.42
Congo,COG,2023,46434.78,,,1507.24,5428.5,1252.4,6823.8
Congo,COG,2024,47120.88,,,1513.87,5382.63,1209.78,6840.7
Cook Islands,COK,1961,,,,8.78,4.8,165,40
Cook Islands,COK,1962,,,,8.97,4.95,168,40
Cook Islands,COK,1963,,,,9.15,5.25,172.5,40.8
Cook Islands,COK,1964,,,,9.38,5.4,165,41.6
Cook Islands,COK,1965,,,,9.53,5.7,219,43.2
Cook Islands,COK,1966,,,,7.5,14.11,72,44.8
Cook Islands,COK,1967,,,,7.5,4.65,145.2,46.4
Cook Islands,COK,1968,,,,6.75,4.96,145.2,48
Cook Islands,COK,1969,,,,6,5.27,145.2,49.6
Cook Islands,COK,1970,,,,5.25,5.58,145.2,52
Cook Islands,COK,1971,,,,15,6.08,145.2,54.4
Cook Islands,COK,1972,,,,3.75,6.4,90,56
Cook Islands,COK,1973,,,,3.3,6.56,120,57.6
Cook Islands,COK,1974,,,,7.5,7.2,210,57.6
Cook Islands,COK,1975,,,,7.5,8,240,59.2
Cook Islands,COK,1976,,,,8.25,6.76,424.98,59.2
Cook Islands,COK,1977,,,,9,8.25,465,60
Cook Islands,COK,1978,,,,9,8.25,465,60
Cook Islands,COK,1979,,,,8.85,6.6,465,60.8
Cook Islands,COK,1980,,,,8.7,6.6,468,56
Cook Islands,COK,1981,,,,8.55,6.8,471,52
Cook Islands,COK,1982,,,,8.4,6.8,480,48
Cook Islands,COK,1983,,,,8.25,6.8,478.5,44
Cook Islands,COK,1984,,,,8.1,6.8,480,40
Cook Islands,COK,1985,,,,7.95,6.8,480,36
Cook Islands,COK,1986,,,,7.8,7,480,32
Cook Islands,COK,1987,,,,7.65,7,450,24
Cook Islands,COK,1988,,,,7.5,7,420,16
Cook Islands,COK,1989,,,,7.5,6.13,390,16
Cook Islands,COK,1990,,,,8.25,5.4,360,20
Cook Islands,COK,1991,,,,8.25,2.5,330,20
Cook Islands,COK,1992,,,,18,1,270,24
Cook Islands,COK,1993,,,,6,2,360,8
Cook Islands,COK,1994,,,,7.5,4,420,12
Cook Islands,COK,1995,,,,7.5,3,480,16
Cook Islands,COK,1996,,,,4.96,2,600,72
Cook Islands,COK,1997,,,,5.07,2,688.67,80
Cook Islands,COK,1998,,,,9.38,10,735.21,80
Cook Islands,COK,1999,,,,5.16,3.94,612.57,64
Cook Islands,COK,2000,,,,3.54,3.84,586.65,48
Cook Islands,COK,2001,,,,2.49,3.75,520.14,32
Cook Islands,COK,2002,,,,2.2,3.65,511.3,32
Cook Islands,COK,2003,,,,2.18,3.02,519.9,24
Cook Islands,COK,2004,,,,2.25,3.63,549.9,32.44
Cook Islands,COK,2005,,,,2.8,3.7,549.9,32.16
Cook Islands,COK,2006,,,,3.25,3.78,549.9,32.36
Cook Islands,COK,2007,,,,4.15,3.86,555,33.98
Cook Islands,COK,2008,,,,4.85,3.95,555,34.6
Cook Islands,COK,2009,,,,5.57,4.04,555,35.26
Cook Islands,COK,2010,,,,6.29,4.14,555,35.94
Cook Islands,COK,2011,,,,7.09,4.69,555,40.8
Cook Islands,COK,2012,,,,8.75,4.28,555,46.46
Cook Islands,COK,2013,,,,8.8,4.32,555,45.94
Cook Islands,COK,2014,,,,9.13,4.36,555,45.32
Cook Islands,COK,2015,,,,9.17,4.4,543.56,44.57
Cook Islands,COK,2016,,,,9.18,4.44,517.83,43.76
Cook Islands,COK,2017,,,,9.23,4.48,468.75,42.93
Cook Islands,COK,2018,,,,9.82,4.52,500.53,42.14
Cook Islands,COK,2019,,,,8.13,4.87,471.06,43.59
Cook Islands,COK,2020,,,,7.15,4.98,435.65,43.34
Cook Islands,COK,2021,,,,7.57,5.45,410,45.69
Cook Islands,COK,2022,,,,7.61,6.9,405,47.42
Cook Islands,COK,2023,,,,7.56,7.06,381.1,48.21
Cook Islands,COK,2024,,,,7.52,7.21,311.57,49.01
Costa Rica,CRI,1961,,,,10.2,30000,5174,1566
Costa Rica,CRI,1962,,,,10.4,26200,5046,1750
Costa Rica,CRI,1963,,,,10.44,34000,5366,1956
Costa Rica,CRI,1964,,,,11.81,34800,5446,2197
Costa Rica,CRI,1965,,,,12.74,32300,6334,2476
Costa Rica,CRI,1966,,,,13.19,26274,6420,2525
Costa Rica,CRI,1967,,,,11.56,31270,4950,2587
Costa Rica,CRI,1968,,,,12.49,38055,5340,2635
Costa Rica,CRI,1969,,,,12.47,41057,5770,2727
Costa Rica,CRI,1970,,,,13.05,44570,7560,2741
Costa Rica,CRI,1971,,,,13.13,48596,8190,2859
Costa Rica,CRI,1972,,,,9.6,46880,8220,2856
Costa Rica,CRI,1973,,,,13.35,51955,8330,3008
Costa Rica,CRI,1974,,,,13.43,51976,8450,3084
Costa Rica,CRI,1975,,,,13.5,66573,7690,3170
Costa Rica,CRI,1976,,,,13.58,80780,8520,5415
Costa Rica,CRI,1977,,,,13.58,80350,9989,5427
Costa Rica,CRI,1978,,,,13.65,75702,9750,5589
Costa Rica,CRI,1979,,,,14.4,83564,9880,8000
Costa Rica,CRI,1980,,,,15.51,76500,9800,10000
Costa Rica,CRI,1981,,,,16.5,80000,10000,11000
Costa Rica,CRI,1982,,,,17.85,66000,13840,12269
Costa Rica,CRI,1983,,,,18.45,67000,13730,17500
Costa Rica,CRI,1984,,,,19.05,76790,10874,17110
Costa Rica,CRI,1985,,,,19.05,93500,12363,19547
Costa Rica,CRI,1986,,,,19.05,92000,10187,18675
Costa Rica,CRI,1987,,,,19.05,97007,9613,20200
Costa Rica,CRI,1988,,,,19.05,86000,15707,28000
Costa Rica,CRI,1989,,,,19.05,85507,14136,39572
Costa Rica,CRI,1990,,,,19.05,87481,14282,42991
Costa Rica,CRI,1991,,,,191.25,93962,17314,47465
Costa Rica,CRI,1992,,,,180.95,80908,19246,49947
Costa Rica,CRI,1993,,,,182.47,81898,19108,52251
Costa Rica,CRI,1994,,,,196.74,95454,23079,54335
Costa Rica,CRI,1995,,,,202.95,93587,23616,60424
Costa Rica,CRI,1996,,,,200.01,96417,20106,65867
Costa Rica,CRI,1997,,,,197.89,86142,21219,62838
Costa Rica,CRI,1998,,,,198.83,82033,24775,65490
Costa Rica,CRI,1999,,,,191.25,84442,28951,74480
Costa Rica,CRI,2000,,,,191.25,82268,30782,73240
Costa Rica,CRI,2001,,,,216.35,74348,35673,77160
Costa Rica,CRI,2002,,,,234.45,68312,36021,76724
Costa Rica,CRI,2003,,,,233.82,74104,35786,71820
Costa Rica,CRI,2004,,,,251.35,70021,37935,84461
Costa Rica,CRI,2005,,,,268.75,80741,39062,90952
Costa Rica,CRI,2006,,,,267.74,75341,40706,98261
Costa Rica,CRI,2007,,,,300.75,80847,48012,110377
Costa Rica,CRI,2008,,,,284.49,87524,50192,106590
Costa Rica,CRI,2009,,,,301.5,94592,49601,110548
Costa Rica,CRI,2010,,,,293.92,97486,46528,115663
Costa Rica,CRI,2011,,,,282.97,95999,51791,110273
Costa Rica,CRI,2012,,,,303,87520,54315,112973
Costa Rica,CRI,2013,,,,303,85033,53694,119838
Costa Rica,CRI,2014,,,,303.15,88196,55024,123700
Costa Rica,CRI,2015,,,,302.53,82008,57504,124567
Costa Rica,CRI,2016,,,,302.4,72975,60361,128266
Costa Rica,CRI,2017,,,,260.24,77994,60640,133200
Costa Rica,CRI,2018,,,,259.2,81195,63390,135500
Costa Rica,CRI,2019,,,,258.22,88595,65066,145000
Costa Rica,CRI,2020,,,,255.11,89769,67607,137500
Costa Rica,CRI,2021,,,,269.8,93450.15,66279.26,147816
Costa Rica,CRI,2022,,,,281.34,89391.57,68574.85,152238
Costa Rica,CRI,2023,,,,275.07,86510.36,67486.18,145065.45
Costa Rica,CRI,2024,,,,275.39,94191.44,64521.4,143676.56
Cote d'Ivoire,CIV,1961,40000,,,5570,15048.08,2063.25,4185
Cote d'Ivoire,CIV,1962,40000,,,5800,15346.19,2068.5,4464
Cote d'Ivoire,CIV,1963,40000,,,6100,16373.69,2462.25,4510.5
Cote d'Ivoire,CIV,1964,50000,,,6480,19481.4,2782.5,4836
Cote d'Ivoire,CIV,1965,50000,,,6900,20434.92,2929.5,4929
Cote d'Ivoire,CIV,1966,50000,,,7340,23153,3150,5115
Cote d'Ivoire,CIV,1967,55000,,,7840,28085,3155.25,5208
Cote d'Ivoire,CIV,1968,55000,,,8250,34250,4438.88,5301
Cote d'Ivoire,CIV,1969,55000,,,8400,36716,4541.25,5347.5
Cote d'Ivoire,CIV,1970,55000,,,8850,38360,4646.25,5859
Cote d'Ivoire,CIV,1971,60000,,,9350,41785,4725,6045
Cote d'Ivoire,CIV,1972,60000,,,10300,45621,4970,6510
Cote d'Ivoire,CIV,1973,60000,,,10100,37675,5320,7161
Cote d'Ivoire,CIV,1974,65000,,,10250,30140,5705,7905
Cote d'Ivoire,CIV,1975,65000,,,10750,27400,6195,9858
Cote d'Ivoire,CIV,1976,65000,,,9800,27400,6755,12090
Cote d'Ivoire,CIV,1977,70000,,,9850,31510,7630,13299
Cote d'Ivoire,CIV,1978,70000,,,10700,34250,8295,15810
Cote d'Ivoire,CIV,1979,69125,,,9750,38360,8680,18600
Cote d'Ivoire,CIV,1980,70000,,,9450,42470,8820,19530
Cote d'Ivoire,CIV,1981,75000,,,11110,42744,8960,21390
Cote d'Ivoire,CIV,1982,80000,,,9990,34935,9030,20925
Cote d'Ivoire,CIV,1983,80000,,,10500,42196,9100,20460
Cote d'Ivoire,CIV,1984,85000,,,9990,43155,9170,21111
Cote d'Ivoire,CIV,1985,85000,,,10475,42470,9240,21576
Cote d'Ivoire,CIV,1986,90000,,,10115,30140,9310,24645
Cote d'Ivoire,CIV,1987,90000,,,9720,28085,9380,24180
Cote d'Ivoire,CIV,1988,90000,,,9690,29455,9590,24180
Cote d'Ivoire,CIV,1989,95000,,,9900,30825,9800,24645
Cote d'Ivoire,CIV,1990,100000,,,9904,31042.97,10080,24180
Cote d'Ivoire,CIV,1991,99892.81,,,9854,21000,10360,24180
Cote d'Ivoire,CIV,1992,100099.71,,,9880,21050.09,10640,24180
Cote d'Ivoire,CIV,1993,100319.37,,,10555,19705.82,10990,24645
Cote d'Ivoire,CIV,1994,100558.03,,,10670,19212.93,11340,24180
Cote d'Ivoire,CIV,1995,100799.24,,,10785,20396.01,12950,24180
Cote d'Ivoire,CIV,1996,101114.2,,,10950,19084.8,7700,23250
Cote d'Ivoire,CIV,1997,101486.65,,,11353.95,21802.2,7525,23250
Cote d'Ivoire,CIV,1998,101515,,,10857,21700,5841,22236
Cote d'Ivoire,CIV,1999,104865,,,10688,21000,6086,20679
Cote d'Ivoire,CIV,2000,108326,,,10391,21600,6347,22088
Cote d'Ivoire,CIV,2001,111900,,,10483,21000,6624,21479
Cote d'Ivoire,CIV,2002,115593,,,9935,18000,6764,21542
Cote d'Ivoire,CIV,2003,119408,,,9971,17100,6907,20688
Cote d'Ivoire,CIV,2004,123348,,,11197,18500,7054,23859
Cote d'Ivoire,CIV,2005,127418,,,11703,19200,7203,22521
Cote d'Ivoire,CIV,2006,130000,,,12033,20200,7357,22346
Cote d'Ivoire,CIV,2007,132000,,,9339,18800,6920,22576
Cote d'Ivoire,CIV,2008,135000,,,11631,19900,6902,22786
Cote d'Ivoire,CIV,2009,137000,,,11650,21800,7082,23388
Cote d'Ivoire,CIV,2010,137135.88,,,12020,22300,6894,34899
Cote d'Ivoire,CIV,2011,140069.66,,,12300,20400,7195,33683
Cote d'Ivoire,CIV,2012,142071.75,,,12620,20200,7215,41987
Cote d'Ivoire,CIV,2013,144450.06,,,12770,20700,7323,47553
Cote d'Ivoire,CIV,2014,146817.48,,,12020.66,21162.97,7589.27,45623.61
Cote d'Ivoire,CIV,2015,148484.34,,,11553.68,21711.35,7787.92,42951.29
Cote d'Ivoire,CIV,2016,150060.4,,,12797.06,22372.81,8899.88,50837.91
Cote d'Ivoire,CIV,2017,151665.23,,,14390.09,22733.76,9936.75,58459.97
Cote d'Ivoire,CIV,2018,153263.5,,,15752,21605,11311.46,71123
Cote d'Ivoire,CIV,2019,154877.62,,,16953,21966,11621,74097
Cote d'Ivoire,CIV,2020,156501.44,,,18154,22325.75,10351.78,75429.5
Cote d'Ivoire,CIV,2021,159541.9,,,19355,22691.86,10603.68,89113.05
Cote d'Ivoire,CIV,2022,157090.73,,,28844.86,35825,13155,132401
Cote d'Ivoire,CIV,2023,159057.98,,,30718.83,36412,13464,132697.61
Cote d'Ivoire,CIV,2024,161064.98,,,33260.18,37009,13464,163914.94
Croatia,HRV,1992,,,,2554,36778,65000,40120
Croatia,HRV,1993,,,,2253.8,33824,59600,36230
Croatia,HRV,1994,,,,2052,28346,60400,40182
Croatia,HRV,1995,,,,1850.2,25838,55600,38935
Croatia,HRV,1996,,,,1896.6,21517,56374,37389
Croatia,HRV,1997,,,,1979,26276,54510,37751
Croatia,HRV,1998,,,,1934,25691,60120,33112
Croatia,HRV,1999,,,,4317,27614,64240,32400
Croatia,HRV,2000,,,,2253,27854,63700,32770
Croatia,HRV,2001,,,,2218,25570,63900,33670
Croatia,HRV,2002,,,,2588,26602,65100,43082
Croatia,HRV,2003,,,,3198,28150,61750,50362
Croatia,HRV,2004,,,,2429,31507,80000,51309
Croatia,HRV,2005,,,,3097.52,32800,112200,40660
Croatia,HRV,2006,,,,2864.17,36230,112300,38710
Croatia,HRV,2007,,,,2918.46,33400,127900,40900
Croatia,HRV,2008,,,,3061.52,35700,121000,40700
Croatia,HRV,2009,,,,3002.98,36800,131000,37800
Croatia,HRV,2010,,,,3230.1,37500,121000,54400
Croatia,HRV,2011,,,,6015.99,36200,120100,55020
Croatia,HRV,2012,,,,6498.8,47100,126900,64870
Croatia,HRV,2013,,,,6500,47400,106500,59514
Croatia,HRV,2014,,,,6100,44300,95700,60327.99
Croatia,HRV,2015,,,,5600,42000,94000,64044.77
Croatia,HRV,2016,,,,5471,44709,98018,65300.21
Croatia,HRV,2017,,,,5304,42562,104505,65414.82
Croatia,HRV,2018,,,,5770,43780,113500,64342.01
Croatia,HRV,2019,,,,5840,45430,120800,68390.51
Croatia,HRV,2020,,,,5560,43370,110300,72070.7
Croatia,HRV,2021,,,,6110,43180,122500,71727.6
Croatia,HRV,2022,,,,6470,41230,112220,72338.6
Croatia,HRV,2023,,,,7070,41180,110870,73131.34
Croatia,HRV,2024,,,,6110,42480,120050,78206.65
Cuba,CUB,1961,,936,,1131.6,140000,27200,20000
Cuba,CUB,1962,,960,,1134,147700,28000,22000
Cuba,CUB,1963,,1020,,1096.8,152500,29600,25000
Cuba,CUB,1964,,1080,,1074,163400,31200,27000
Cuba,CUB,1965,,1080,,1107.6,169800,32800,30000
Cuba,CUB,1966,,1140,,1152,171000,35000,34000
Cuba,CUB,1967,,1200,,1179.6,173000,33000,35000
Cuba,CUB,1968,,1260,,1231.2,230000,31000,36000
Cuba,CUB,1969,,1320,,1267.2,220000,32000,38000
Cuba,CUB,1970,,1320,,1310.4,202500,32800,40000
Cuba,CUB,1971,,1380,,1342.8,189200,38400,42400
Cuba,CUB,1972,,1416,,1378.8,179100,37600,47200
Cuba,CUB,1973,,1440,,1425.6,155300,40800,52000
Cuba,CUB,1974,,1440,,1470,132000,38000,50100
Cuba,CUB,1975,,1440,,1512,120000,34640,45360
Cuba,CUB,1976,,1440,,1530,150000,41920,49760
Cuba,CUB,1977,,1440,,1560,170000,78320,53280
Cuba,CUB,1978,,1632,,1590,160000,49270,61280
Cuba,CUB,1979,,1440,,1608,145000,48390,64000
Cuba,CUB,1980,,1560,,1626,146500,46080,72700
Cuba,CUB,1981,,1620,,1644,143000,54260,85882
Cuba,CUB,1982,,1620,,1662,140989,56480,63609
Cuba,CUB,1983,,1644,,1692,142128,60560,75442
Cuba,CUB,1984,,1680,,1818,141846,68480,89705
Cuba,CUB,1985,,1716,,1884,142298,75840,95295
Cuba,CUB,1986,,1728,,1926,147519,80160,94712
Cuba,CUB,1987,,1740,,1956,140098,84800,90694
Cuba,CUB,1988,,1680,,1956,141472,83680,95226
Cuba,CUB,1989,,1740,,5964,138185,88300,98178
Cuba,CUB,1990,,1740,,6180,136200,101120,91300
Cuba,CUB,1991,,1656,,6360,90400,91200,89000
Cuba,CUB,1992,,1596,,6504,76809,80669,49875
Cuba,CUB,1993,,1296,,6102,65501,107986,49394
Cuba,CUB,1994,,1272,,6024,63755,116709,53677
Cuba,CUB,1995,,1236,,3840,67306,107465,56724
Cuba,CUB,1996,,1200,,3552,71900,116253,58346
Cuba,CUB,1997,,1104,,4200,70550,64614,61780
Cuba,CUB,1998,,1020,,5130,74061,80718,56654
Cuba,CUB,1999,,1080,,5760,76200,99342,57899
Cuba,CUB,2000,,1080,,7826,75774,94322,57197
Cuba,CUB,2001,,1044,,8049,74953,75856,54832
Cuba,CUB,2002,,1056,,9500,65815,89787,35100
Cuba,CUB,2003,,1068,,9500,56150,93984,33696
Cuba,CUB,2004,,798,,10050,55250,98274,35646
Cuba,CUB,2005,,600,,10150,59900,96690,29484
Cuba,CUB,2006,,228,,9450,55650,99858,31200
Cuba,CUB,2007,,203,,11650,54050,177012,33540
Cuba,CUB,2008,,181,,12400,61950,192720,33072
Cuba,CUB,2009,,149,,12500,65000,178860,33228
Cuba,CUB,2010,,162,,12750,63500,172260,33618
Cuba,CUB,2011,,172,,14250,66500,176220,35412
Cuba,CUB,2012,,166,,14700,67050,166320,35022
Cuba,CUB,2013,,162,,13800,66900,193314,32448
Cuba,CUB,2014,,192,,13650,71350,196944,32994
Cuba,CUB,2015,,189,,12100,75600,204402,33462
Cuba,CUB,2016,,206,,12655,83800,223674,30576
Cuba,CUB,2017,,290,,13436,83550,234300,29250
Cuba,CUB,2018,,241.5,,15344.83,89050,235971.81,24000
Cuba,CUB,2019,,205,,19730.85,70150,235920.39,23000
Cuba,CUB,2020,,225,,20801.34,62200,132888.88,24000
Cuba,CUB,2021,,202,,24500,81600,132997,17918
Cuba,CUB,2022,,206,,18792,86150,183377.28,24000
Cuba,CUB,2023,,174,,18134.65,70000,17000,3900
Cuba,CUB,2024,,124.76,,20238.9,60208.81,17000,3900
Cyprus,CYP,1961,120,,,3983,2235,1829,3077
Cyprus,CYP,1962,120,,,4043,2337,2032,3307.5
Cyprus,CYP,1963,120,,,4216,2438,2540,3538
Cyprus,CYP,1964,120,,,4369,2540,2743,3793
Cyprus,CYP,1965,120,,,4572,2642,3150,4723
Cyprus,CYP,1966,125,,,4979,2692,6706,5032
Cyprus,CYP,1967,125,,,5537,2743,7620,6048
Cyprus,CYP,1968,125,,,6147,2845,8128,7351.5
Cyprus,CYP,1969,125,,,6858,2946,11176,9632
Cyprus,CYP,1970,125,,,7955,3048,12192,9841
Cyprus,CYP,1971,130,,,8788,3251,12700,10503.5
Cyprus,CYP,1972,130,,,9185,3556,13716,10963
Cyprus,CYP,1973,130,,,10576,3962,15951,10460.5
Cyprus,CYP,1974,130,,,6909,2032,14732,8293.5
Cyprus,CYP,1975,135,,,3607,1372,12192,7407.5
Cyprus,CYP,1976,135,,,4145,1575,13614,7965
Cyprus,CYP,1977,135,,,4642,1636,14224,8348
Cyprus,CYP,1978,135,,,5776,1849,15240,8907
Cyprus,CYP,1979,140,,,5492,1829,15646,10437
Cyprus,CYP,1980,140,,,5337,2022,15321,10515
Cyprus,CYP,1981,140,,,5387,2032,17526,10941
Cyprus,CYP,1982,140,,,5570,2002,19609,12192.5
Cyprus,CYP,1983,145,,,5890,2450,21000,13693.5
Cyprus,CYP,1984,145,,,6440,2445,23250,14244.5
Cyprus,CYP,1985,145,,,7430,2750,23600,14093
Cyprus,CYP,1986,145,,,7830,3600,23200,15975.5
Cyprus,CYP,1987,150,,,9000,4100,25300,15202
Cyprus,CYP,1988,150,,,8800,4000,27400,17589.5
Cyprus,CYP,1989,175,,,8250,4100,29300,21124
Cyprus,CYP,1990,148,,,8100,4100,31400,22239.5
Cyprus,CYP,1991,170,,,6960,4600,31900,21127
Cyprus,CYP,1992,160,,,6640,4550,33500,25268
Cyprus,CYP,1993,160,,,7350,4200,39200,26624.5
Cyprus,CYP,1994,500,,,7390,4430,42500,28045.59
Cyprus,CYP,1995,300,,,7820,5030,42800,29446.7
Cyprus,CYP,1996,318,,,7740,4900,45600,31194
Cyprus,CYP,1997,350,,,8080,5400,46100,33244
Cyprus,CYP,1998,417,,,9840,4000,47200,32743.5
Cyprus,CYP,1999,420,,,10750,3950,49150,34676
Cyprus,CYP,2000,425,,,10520,4450,52250,32558.5
Cyprus,CYP,2001,534,,,10990,3900,50700,34136
Cyprus,CYP,2002,268,,,12580,3800,51800,35123
Cyprus,CYP,2003,495,,,8061,4003,54313,33411
Cyprus,CYP,2004,645,,,6990,3804,55215,32782
Cyprus,CYP,2005,440,,,6945,4182,54684,33552
Cyprus,CYP,2006,236,,,7175,4003,52512,27273
Cyprus,CYP,2007,336,,,7106,3920,54978,29142
Cyprus,CYP,2008,292,,,7211,4248,59173,29406
Cyprus,CYP,2009,289,,,5486,4505,58102,27732
Cyprus,CYP,2010,473,,,4843,4479,57058,28146
Cyprus,CYP,2011,548,,,4925,4827,55213,27429
Cyprus,CYP,2012,473,,,5732,5313,51722,25594
Cyprus,CYP,2013,401,,,5294,4562,48664,22271
Cyprus,CYP,2014,473,,,5205,4573,42618,21923
Cyprus,CYP,2015,481.46,,,5449,4953,43774,24174.33
Cyprus,CYP,2016,591,,,4952.9,4953.7,43898.9,24264.24
Cyprus,CYP,2017,327,,,5256.9,5101.1,43143.4,25527.93
Cyprus,CYP,2018,,,,5620,5280,41800,25420
Cyprus,CYP,2019,,,,5430,5610,43350,26850
Cyprus,CYP,2020,,,,4650,4640,42390,26680
Cyprus,CYP,2021,,,,5150,5900,43710,26800
Cyprus,CYP,2022,,,,5610,5490,40320,27260
Cyprus,CYP,2023,,,,4760,5060,37310,27770
Cyprus,CYP,2024,,,,4310,5640,35340,28150
Czechia,CZE,1993,,176,,5289,216241,614933,133940
Czechia,CZE,1994,,155,,4264,170158,470554,123160
Czechia,CZE,1995,,180,,4037,169512,502244,151888
Czechia,CZE,1996,800,240,,3627,163515,502354,147600
Czechia,CZE,1997,1000,280,,3526,155706,463556,176700
Czechia,CZE,1998,,326,,3300,134461,475700,200693
Czechia,CZE,1999,,326,,3483,120690,451631,205165
Czechia,CZE,2000,1500,189,,1100,108161,416600,218565
Czechia,CZE,2001,1215.2,110,,1148,106045,414643,241831
Czechia,CZE,2002,1173.14,99,,1113,109494,415634,227507
Czechia,CZE,2003,1000,82,,1359,108126,411194,221677
Czechia,CZE,2004,1500,65,,875,96660,425502,232168
Czechia,CZE,2005,2000,82,,1453,81031,380290,241256
Czechia,CZE,2006,900,77,,1623,79187,358505,230600
Czechia,CZE,2007,1100,68,,1646,79328,360318,216694
Czechia,CZE,2008,1150.57,65,,1868,80020,336485,210267
Czechia,CZE,2009,900,66,,2020,77026,300136,201397
Czechia,CZE,2010,1122.14,63,,2225,74259,291469,195253
Czechia,CZE,2011,1100,81,,2370,72125,274617,175648
Czechia,CZE,2012,1200,80,,3007,66060,249869,157017
Czechia,CZE,2013,1219.97,74,,3320,65322,242833,152692
Czechia,CZE,2014,1196.22,64,,3493,66151,245610,153836
Czechia,CZE,2015,1196.92,36,,3545,69014,237438,155192
Czechia,CZE,2016,1200.16,27,,3874,72794,229089,160756
Czechia,CZE,2017,1200,22,,3972,67714,220267,163445
Czechia,CZE,2018,,27,,4010,72940,219900,165915
Czechia,CZE,2019,,11,,4020,74450,218610,170455.45
Czechia,CZE,2020,,9,,3670,74300,220610,172125.23
Czechia,CZE,2021,,9,,3430,74520,225880,178942.38
Czechia,CZE,2022,,7,,2950,70690,216750,170558.77
Czechia,CZE,2023,,7,,3030,72410,205550,182412.17
Czechia,CZE,2024,,5,,3040,71040,219160,172662.73
Czechoslovakia,OWID_CZS,1961,,10000,,8600,207153,468802,49100.3
Czechoslovakia,OWID_CZS,1962,,8000,,7700,229100,458991,47499.6
Czechoslovakia,OWID_CZS,1963,,4900,,5900,220278,472589,49600.4
Czechoslovakia,OWID_CZS,1964,,3500,,5000,238465,509144,54899.7
Czechoslovakia,OWID_CZS,1965,,2400,,6742,251060,572985,53227.8
Czechoslovakia,OWID_CZS,1966,,2038,,5645,265465,533531,57116.8
Czechoslovakia,OWID_CZS,1967,,1922,,5655,296362,547646,65388.4
Czechoslovakia,OWID_CZS,1968,,2213,,5506,326657,573757,78500.7
Czechoslovakia,OWID_CZS,1969,,2261,,6340,314427,537083,80528.6
Czechoslovakia,OWID_CZS,1970,,1816,,7492,314691,563282,102553.3
Czechoslovakia,OWID_CZS,1971,,1628,,7747,328414,599642,111400.7
Czechoslovakia,OWID_CZS,1972,,2534,,7598,331401,656909,118793.3
Czechoslovakia,OWID_CZS,1973,,1187,,7910,356128,645647,123907.9
Czechoslovakia,OWID_CZS,1974,,951,,7234,379924,675546,129352.3
Czechoslovakia,OWID_CZS,1975,,869,,6687,380265,708997,134331.6
Czechoslovakia,OWID_CZS,1976,,788,,6537,365200,699181,141283.7
Czechoslovakia,OWID_CZS,1977,,663,,5796,364896,750671,151735.9
Czechoslovakia,OWID_CZS,1978,,615,,5162,371029,797569,161132.8
Czechoslovakia,OWID_CZS,1979,,554,,5802,380827,796665,168468.2
Czechoslovakia,OWID_CZS,1980,,452,,6337,385127,818591,171820.1
Czechoslovakia,OWID_CZS,1981,,455,,7038,372803,853223,170335.2
Czechoslovakia,OWID_CZS,1982,,402,,8150,372547,742711,169556.3
Czechoslovakia,OWID_CZS,1983,,432,,9703,383662,795564,166933.8
Czechoslovakia,OWID_CZS,1984,,495,,11154,405957,814330,169236.1
Czechoslovakia,OWID_CZS,1985,,565,,11490,412605,822886,172059
Czechoslovakia,OWID_CZS,1986,,541,,10008,411983,832419,175614.7
Czechoslovakia,OWID_CZS,1987,,562,,11121,411977,858180,193914.5
Czechoslovakia,OWID_CZS,1988,,526,,10513,405444,914654,198700
Czechoslovakia,OWID_CZS,1989,,397,,11453,406821,933709,233244
Czechoslovakia,OWID_CZS,1990,,238,,9875,403319,912553,245615
Czechoslovakia,OWID_CZS,1991,,160,,8923,354363,826864,229268
Czechoslovakia,OWID_CZS,1992,,150,,8173,318862,834493,194948
Democratic Republic of Congo,COD,1961,80000,,,9350,24300,18000,5200
Democratic Republic of Congo,COD,1962,81000,,,8690,23700,18500,5300
Democratic Republic of Congo,COD,1963,82000,,,8030,23100,19000,5500
Democratic Republic of Congo,COD,1964,84000,,,7340,23800,19500,5600
Democratic Republic of Congo,COD,1965,86000,,,7140,14400,20000,5900
Democratic Republic of Congo,COD,1966,84000,,,6200,16400,20750,5300
Democratic Republic of Congo,COD,1967,82000,,,6590,16900,22000,6100
Democratic Republic of Congo,COD,1968,80000,,,6910,16800,22750,7800
Democratic Republic of Congo,COD,1969,78000,,,7300,18000,23200,9500
Democratic Republic of Congo,COD,1970,76500,,,8400,18400,24500,11400
Democratic Republic of Congo,COD,1971,75200,,,8400,18900,25500,11700
Democratic Republic of Congo,COD,1972,74000,,,8700,19600,25800,12000
Democratic Republic of Congo,COD,1973,72700,,,8800,20100,26600,12300
Democratic Republic of Congo,COD,1974,71800,,,8800,20600,27000,12600
Democratic Republic of Congo,COD,1975,70100,,,8900,20900,27400,13000
Democratic Republic of Congo,COD,1976,69000,,,9200,21200,27500,13300
Democratic Republic of Congo,COD,1977,68000,,,9200,21000,27400,13600
Democratic Republic of Congo,COD,1978,65600,,,9100,20700,26800,13400
Democratic Republic of Congo,COD,1979,68000,,,9500,20200,27300,12900
Democratic Republic of Congo,COD,1980,69000,,,9700,20300,26700,12200
Democratic Republic of Congo,COD,1981,70000,,,9950,20780,27000,12000
Democratic Republic of Congo,COD,1982,71000,,,10160,21240,27300,12450
Democratic Republic of Congo,COD,1983,72000,,,10470,21590,27500,12750
Democratic Republic of Congo,COD,1984,73000,,,11080,22030,27800,13100
Democratic Republic of Congo,COD,1985,74000,,,11200,22920,28900,13200
Democratic Republic of Congo,COD,1986,75000,,,12520,23800,28900,14450
Democratic Republic of Congo,COD,1987,76000,,,14320,24680,29000,15750
Democratic Republic of Congo,COD,1988,76000,,,16500,25560,28000,15400
Democratic Republic of Congo,COD,1989,77000,,,17940,26440,29000,16100
Democratic Republic of Congo,COD,1990,78000,,,19930,21770,31000,15000
Democratic Republic of Congo,COD,1991,78000,,,20341,19315,27376,12676
Democratic Republic of Congo,COD,1992,81000,,,21334,19631,28752,14683
Democratic Republic of Congo,COD,1993,82000,,,21891,20244,28342,13728
Democratic Republic of Congo,COD,1994,84000,,,23148,18506,28652,14357
Democratic Republic of Congo,COD,1995,86000,,,23158,15773,27730,12857
Democratic Republic of Congo,COD,1996,88000,,,22534,15024,28583,14004
Democratic Republic of Congo,COD,1997,90000,,,23857,15619,28640,12468
Democratic Republic of Congo,COD,1998,91000,,,24447,14459,28697,12493
Democratic Republic of Congo,COD,1999,90500,,,22200,14000,27368,12000
Democratic Republic of Congo,COD,2000,90000,,,21856,13500,26090,11600
Democratic Republic of Congo,COD,2001,89505,,,21517,13018,24872,11058
Democratic Republic of Congo,COD,2002,89013,,,21184,12490,23710,10540
Democratic Republic of Congo,COD,2003,88524,,,21215,12466,23760,10572
Democratic Republic of Congo,COD,2004,88037,,,21246,12423,23810,10604
Democratic Republic of Congo,COD,2005,88735,,,21277,12400,23860,10669
Democratic Republic of Congo,COD,2006,88841,,,20437,12380,23910,10669
Democratic Republic of Congo,COD,2007,88948,,,20500,12360,23960,10700
Democratic Republic of Congo,COD,2008,89055,,,20563,12340,24010,10737
Democratic Republic of Congo,COD,2009,89160,,,21440,12320,24060,10760
Democratic Republic of Congo,COD,2010,89179.63,,,21500,12200,24100,10796
Democratic Republic of Congo,COD,2011,88936.66,,,21520,12260,24160,10828
Democratic Republic of Congo,COD,2012,88910.81,,,21382.24,14188.24,24622.04,10774.88
Democratic Republic of Congo,COD,2013,88912.31,,,20853.3,15064.35,24672.73,10808.1
Democratic Republic of Congo,COD,2014,88906.79,,,20841.61,15078.73,24552.83,11022.02
Democratic Republic of Congo,COD,2015,89402.06,,,21045.26,16515.87,25055.21,11131.66
Democratic Republic of Congo,COD,2016,89743.87,,,21016.7,17450.29,25287.21,10565.08
Democratic Republic of Congo,COD,2017,90087.26,,,21374,17063.72,26052.7,10314
Democratic Republic of Congo,COD,2018,90386.74,,,21395,17126.64,26185.89,10341
Democratic Republic of Congo,COD,2019,90651.1,,,19431,17172,25465,10406
Democratic Republic of Congo,COD,2020,90911.79,,,21468,19042,25569,10471
Democratic Republic of Congo,COD,2021,90418.26,,,21503,21116,30073,10532
Democratic Republic of Congo,COD,2022,90476.17,,,21316.45,23359.49,27866.07,10000
Democratic Republic of Congo,COD,2023,90585.75,,,21118.28,25510.54,27553.32,10000
Democratic Republic of Congo,COD,2024,90695.34,,,21150.58,27812.36,27760.29,10000
Denmark,DNK,1961,3300,3600,,1200,140500,614300,83350
Denmark,DNK,1962,3600,2100,,1100,177800,632100,88990
Denmark,DNK,1963,3200,2300,,1100,180100,645400,81220
Denmark,DNK,1964,4000,2100,,1200,156500,688000,95150
Denmark,DNK,1965,4500,1700,,1400,154400,744000,83800
Denmark,DNK,1966,4000,1200,,1900,195200,730900,68000
Denmark,DNK,1967,4000,1000,,2700,218400,735000,66500
Denmark,DNK,1968,2800,800,,3000,207100,715100,64600
Denmark,DNK,1969,2900,700,,2500,193800,684400,68500
Denmark,DNK,1970,2500,700,,2000,191700,717300,78500
Denmark,DNK,1971,2500,700,,1400,194800,764300,80200
Denmark,DNK,1972,2500,800,,1100,170600,765300,85300
Denmark,DNK,1973,2500,800,,900,184500,773900,90100
Denmark,DNK,1974,3100,700,,600,238300,743900,95100
Denmark,DNK,1975,2600,1163,,525,235786,733941,90000
Denmark,DNK,1976,2600,1457,,446,242239,716480,97100
Denmark,DNK,1977,2600,1934,,426,243005,744264,102600
Denmark,DNK,1978,2500,2448,,413,237591,812380,98400
Denmark,DNK,1979,2400,2562,,395,253372,899074,99872
Denmark,DNK,1980,2617,2279,,420,245299,972200,96299
Denmark,DNK,1981,2623,1900,,363,237000,987000,103613
Denmark,DNK,1982,2686,1491,,418,230300,985500,110113
Denmark,DNK,1983,2774,1217,,441,239400,1043000,111657
Denmark,DNK,1984,2610,1058,,564,246708,1034574,110424
Denmark,DNK,1985,2796,983,,663,236473,1083264,114522
Denmark,DNK,1986,2827,907,,812,243151,1143976,115213
Denmark,DNK,1987,2800,900,,915,234603,1148754,112647
Denmark,DNK,1988,2850,1000,,1084,216730,1167446,116460
Denmark,DNK,1989,2900,1000,,1172,204517,1163419,127663
Denmark,DNK,1990,2990,1000,,1464,201699,1208480,131079
Denmark,DNK,1991,3000,990,,1787,212536,1271896,138897
Denmark,DNK,1992,3000,890,,1900,217000,1369700,155156
Denmark,DNK,1993,3000,979,,2000,203100,1503700,167366
Denmark,DNK,1994,4000,900,,1700,189300,1521000,172434
Denmark,DNK,1995,3528,800,,1500,181700,1494000,172960
Denmark,DNK,1996,3316,800,,1642,178000,1493700,170220
Denmark,DNK,1997,3400,900,,1508,174800,1520600,175673
Denmark,DNK,1998,3000,700,,1500,161800,1629300,190270
Denmark,DNK,1999,3000,800,,1483,156588,1641800,202459
Denmark,DNK,2000,3137.38,700,,1453,153900,1624500,201699
Denmark,DNK,2001,3190.51,700,,1587,153400,1716000,216104
Denmark,DNK,2002,3210.27,900,,1495,153500,1759000,217540
Denmark,DNK,2003,3246.95,800,,1500,146500,1762000,199994
Denmark,DNK,2004,3200,682,,1690,150000,1809500,192586
Denmark,DNK,2005,3100,762,,1693,135921,1792829,187563
Denmark,DNK,2006,3000,700,,1743,128650,1748576,171281
Denmark,DNK,2007,3000,700,,1783,129986,1802195,173114.52
Denmark,DNK,2008,3000,700,,1756,128800,1707200,176783.97
Denmark,DNK,2009,3629,753,,1827,127900,1585000,169127.56
Denmark,DNK,2010,3530,496,,1726,132500,1668200,186984.88
Denmark,DNK,2011,3523,529,,1634,134200,1720200,188831.92
Denmark,DNK,2012,3500,502,,1348,126700,1669000,188081.12
Denmark,DNK,2013,3456,437,,1535,128000,1589400,168455.2
Denmark,DNK,2014,3594,305,,1662,125759,1593900,159727.84
Denmark,DNK,2015,3454,342,,1749,120491,1600591,145301.88
Denmark,DNK,2016,3404,381,,1594,129340,1579405,154245.55
Denmark,DNK,2017,3404,321,,1585,124148,1532387,151810.77
Denmark,DNK,2018,,297,,1600,130200,1583100,147634
Denmark,DNK,2019,,206,,1600,125600,1500400,158418
Denmark,DNK,2020,,,,1300,122110,1595630,166425.47
Denmark,DNK,2021,,,,1300,123110,1723730,163121.06
Denmark,DNK,2022,,,,1220,119910,1609480,151917.48
Denmark,DNK,2023,,,,1210,118640,1288590,159191.6
Denmark,DNK,2024,,,,810,116400,1323200,163308.67
Djibouti,DJI,1961,,,216,2233.27,220,,
Djibouti,DJI,1962,,,220.8,2303.26,220,,
Djibouti,DJI,1963,,,224.4,2394.5,220,,
Djibouti,DJI,1964,,,229.2,2442.82,220,,
Djibouti,DJI,1965,,,234,2479.02,220,,
Djibouti,DJI,1966,,,238.5,2583.95,330,,
Djibouti,DJI,1967,,,240,2709.2,330,,
Djibouti,DJI,1968,,,240,2948.85,330,,
Djibouti,DJI,1969,,,252,3094.9,440,,
Djibouti,DJI,1970,,,264,3211,440,,
Djibouti,DJI,1971,,,276,3373.2,440,,
Djibouti,DJI,1972,,,276,3466.8,550,,
Djibouti,DJI,1973,,,279,3435.4,550,,
Djibouti,DJI,1974,,,285,3575.8,660,,
Djibouti,DJI,1975,,,300,3602,660,,
Djibouti,DJI,1976,,,300,3810,864.6,,
Djibouti,DJI,1977,,,405,3685,702.35,,
Djibouti,DJI,1978,,,450,3893,689.7,,
Djibouti,DJI,1979,,,450,4111.63,962.06,,
Djibouti,DJI,1980,,,450,5028.29,1275.56,,
Djibouti,DJI,1981,,,450,3425.75,1685.42,,
Djibouti,DJI,1982,,,465,2951.72,1560.02,,
Djibouti,DJI,1983,,,465,3571.37,1240.03,,
Djibouti,DJI,1984,,,480,4014.44,1208.9,,
Djibouti,DJI,1985,,,495,3977.5,1447.27,,
Djibouti,DJI,1986,,,510,3870.96,1863.95,,
Djibouti,DJI,1987,,,525,3788.12,1863.84,,
Djibouti,DJI,1988,,,540,3878.07,1754.06,,
Djibouti,DJI,1989,,,540,3796.77,1811.04,,
Djibouti,DJI,1990,,,555,4073.54,2242.79,,
Djibouti,DJI,1991,,,570,4497.01,2951.52,,
Djibouti,DJI,1992,,,585,4484,2970,,
Djibouti,DJI,1993,,,600,4398.75,3190,,
Djibouti,DJI,1994,,,600,4405,3487,,
Djibouti,DJI,1995,,,615,4405,3278,,
Djibouti,DJI,1996,,,630,4411.25,3477.1,,
Djibouti,DJI,1997,,,630,4411.25,3520,,
Djibouti,DJI,1998,,,630,4417.5,3740,,
Djibouti,DJI,1999,,,637.5,4469.5,4180,,
Djibouti,DJI,2000,,,645,4534,6050,,
Djibouti,DJI,2001,,,652.5,4534,6050,,
Djibouti,DJI,2002,,,660,4534,6050,,
Djibouti,DJI,2003,,,660,4534,6050,,
Djibouti,DJI,2004,,,660,4534,3630,,
Djibouti,DJI,2005,,,750,4546.5,5170,,
Djibouti,DJI,2006,,,660,4667.91,2200,,
Djibouti,DJI,2007,,,660,4538,6000,,
Djibouti,DJI,2008,,,660,4534,6050,,
Djibouti,DJI,2009,,,660,4534,6050,,
Djibouti,DJI,2010,,,660,4534,6050,,
Djibouti,DJI,2011,,,675,4534,6050,,
Djibouti,DJI,2012,,,687.13,4663.1,5914.02,,
Djibouti,DJI,2013,,,684.59,4611.81,5917.88,,
Djibouti,DJI,2014,,,681.53,4550.21,5776.91,,
Djibouti,DJI,2015,,,681.64,4527.3,5973.94,,
Djibouti,DJI,2016,,,682.76,4529.79,5915.78,,
Djibouti,DJI,2017,,,682.97,4529.19,6012.2,,
Djibouti,DJI,2018,,,682.05,4533.65,6117.01,,
Djibouti,DJI,2019,,,682.3,4529.98,6200.6,,
Djibouti,DJI,2020,,,683.9,4563.63,6169.13,,
Djibouti,DJI,2021,,,688.78,4568.15,6252.03,,
Djibouti,DJI,2022,,,689.72,4568.09,6333.56,,
Djibouti,DJI,2023,,,691.06,4571.21,6402.6,,
Djibouti,DJI,2024,,,692.4,4574.33,6471.79,,
Dominica,DMA,1961,,,,34.5,246.6,276,65
Dominica,DMA,1962,,,,34.41,234,282,70
Dominica,DMA,1963,,,,34.44,216,285,77
Dominica,DMA,1964,,,,34.4,212.4,288,82
Dominica,DMA,1965,,,,34.5,198,291,89
Dominica,DMA,1966,,,,34.48,180,294,95
Dominica,DMA,1967,,,,34.44,171,300,101
Dominica,DMA,1968,,,,34.48,162,306,107
Dominica,DMA,1969,,,,34.38,153,312,113
Dominica,DMA,1970,,,,34.08,144,318,118
Dominica,DMA,1971,,,,34.48,144,324,123
Dominica,DMA,1972,,,,34.86,153,336,129
Dominica,DMA,1973,,,,35.24,158.4,342,135
Dominica,DMA,1974,,,,35.62,162,348,141
Dominica,DMA,1975,,,,35.86,162,354,145
Dominica,DMA,1976,,,,36.38,171,360,150
Dominica,DMA,1977,,,,36.66,180,366,155
Dominica,DMA,1978,,,,37.04,180,372,155
Dominica,DMA,1979,,,,39.4,198,378,160
Dominica,DMA,1980,,,,40.6,216,390,165
Dominica,DMA,1981,,,,42.5,225,402,170
Dominica,DMA,1982,,,,45.8,234,432,175
Dominica,DMA,1983,,,,48.44,252,432,180
Dominica,DMA,1984,,,,53.2,280.8,370,180
Dominica,DMA,1985,,,,59.9,320.4,381,180
Dominica,DMA,1986,,,,60.92,360,400,185
Dominica,DMA,1987,,,,61.04,452,420,190
Dominica,DMA,1988,,,,62.14,464,366,200
Dominica,DMA,1989,,,,60.92,509,336,200
Dominica,DMA,1990,,,,61.44,495,366,220
Dominica,DMA,1991,,,,61.8,486,366,230
Dominica,DMA,1992,,,,62.5,486,390,250
Dominica,DMA,1993,,,,62.5,484.2,408,270
Dominica,DMA,1994,,,,62.5,482.4,420,300
Dominica,DMA,1995,,,,62.5,482.4,420,300
Dominica,DMA,1996,,,,62.5,522,420,310
Dominica,DMA,1997,,,,62.5,522,420,315
Dominica,DMA,1998,,,,62.5,522,420,340
Dominica,DMA,1999,,,,64.4,540,420,340
Dominica,DMA,2000,,,,64.4,540,420,340
Dominica,DMA,2001,,,,64.4,540,420,340
Dominica,DMA,2002,,,,64.4,540,420,340
Dominica,DMA,2003,,,,64.4,540,420,340
Dominica,DMA,2004,,,,64.4,540,420,340
Dominica,DMA,2005,,,,64.4,540,420,340
Dominica,DMA,2006,,,,65.1,540,420,340
Dominica,DMA,2007,,,,65.1,540,420,340
Dominica,DMA,2008,,,,65.1,540,420,340
Dominica,DMA,2009,,,,65.1,540,420,340
Dominica,DMA,2010,,,,65.1,540,420,340
Dominica,DMA,2011,,,,65.8,558,420,340
Dominica,DMA,2012,,,,66.5,576,420,359.87
Dominica,DMA,2013,,,,66.13,567.28,418.73,362.48
Dominica,DMA,2014,,,,66.07,559.37,419.56,361.12
Dominica,DMA,2015,,,,65.99,551.27,420.2,362.1
Dominica,DMA,2016,,,,66.03,548.22,420.86,362.76
Dominica,DMA,2017,,,,66.18,548.52,421.7,363.81
Dominica,DMA,2018,,,,66.26,548.68,420.79,364.42
Dominica,DMA,2019,,,,66.35,548.14,421.53,365.83
Dominica,DMA,2020,,,,66.52,545.1,421.74,366.15
Dominica,DMA,2021,,,,66.74,544.7,421.86,369.28
Dominica,DMA,2022,,,,66.94,544.42,421.11,370.14
Dominica,DMA,2023,,,,67.12,544.19,421.2,371.52
Dominica,DMA,2024,,,,67.31,543.97,421.29,372.88
Dominican Republic,DOM,1961,,,,746.4,25000,9200,19000
Dominican Republic,DOM,1962,,,,778.8,25000,9700,20000
Dominican Republic,DOM,1963,,,,811.2,25000,9200,21000
Dominican Republic,DOM,1964,,,,843.6,26000,9000,22000
Dominican Republic,DOM,1965,,,,876,24000,8700,23000
Dominican Republic,DOM,1966,,,,908.4,25000,9900,24000
Dominican Republic,DOM,1967,,,,940.8,25000,9600,25000
Dominican Republic,DOM,1968,,,,973.2,30100,10800,26000
Dominican Republic,DOM,1969,,,,1005.6,32000,10350,27000
Dominican Republic,DOM,1970,,,,1038,31000,11000,28000
Dominican Republic,DOM,1971,,,,1188,33000,14000,30000
Dominican Republic,DOM,1972,,,,1230,37123,16000,31000
Dominican Republic,DOM,1973,,,,1251.6,38800,17100,32000
Dominican Republic,DOM,1974,,,,1272,39013,18000,30000
Dominican Republic,DOM,1975,,,,1297.2,37106,19000,36000
Dominican Republic,DOM,1976,,,,1329.6,41985,21000,37000
Dominican Republic,DOM,1977,,,,1404,39100,22500,39200
Dominican Republic,DOM,1978,,,,1464,44600,22700,47000
Dominican Republic,DOM,1979,,,,1562.4,45800,23000,53600
Dominican Republic,DOM,1980,,,,1824,49442,11500,66088
Dominican Republic,DOM,1981,,,,1860,51619,500,64028
Dominican Republic,DOM,1982,,,,1880.4,54137,348,60718
Dominican Republic,DOM,1983,,,,1897.2,56254,1935,73702
Dominican Republic,DOM,1984,,,,1929.6,53545,6771,84114
Dominican Republic,DOM,1985,,,,2046,63308,13000,81086
Dominican Republic,DOM,1986,,,,1896,64484,14000,82789
Dominican Republic,DOM,1987,,,,1796.4,66640,16500,89313
Dominican Republic,DOM,1988,,,,1752,78737,17500,103372
Dominican Republic,DOM,1989,,,,1723.2,81099,20000,108290
Dominican Republic,DOM,1990,,,,1680,82478,20700,109716
Dominican Republic,DOM,1991,,,,1632,55837.79,13199.67,158123.92
Dominican Republic,DOM,1992,,,,1584,58241.86,15694.46,184477.9
Dominican Republic,DOM,1993,,,,1536,59965.53,15875.9,188741.72
Dominican Republic,DOM,1994,,,,1488,66860.2,17962.44,141522.27
Dominican Republic,DOM,1995,,,,1444.8,69899.3,57380.02,137031.66
Dominican Republic,DOM,1996,,,,1384.8,73981.67,59965.53,148689.1
Dominican Republic,DOM,1997,,,,1264.8,56835.71,61779.91,156264.17
Dominican Republic,DOM,1998,,,,1144.8,61190.24,64000,169191.69
Dominican Republic,DOM,1999,,,,926.4,65500,57656,182709
Dominican Republic,DOM,2000,,,,1046.4,68964.98,61173,211017.88
Dominican Republic,DOM,2001,,,,1075.2,70788.9,98816.98,281287.94
Dominican Republic,DOM,2002,,,,1122,71692.01,109898.31,251943.95
Dominican Republic,DOM,2003,,,,1134,72167.29,90914.71,230634.53
Dominican Republic,DOM,2004,,,,1390,72893.04,70352.9,268957.8
Dominican Republic,DOM,2005,,,,1661,71985.85,87060.36,334974.4
Dominican Republic,DOM,2006,,,,1674,84232.97,101228.04,354346.28
Dominican Republic,DOM,2007,,,,1667,101097,96344.75,363292.22
Dominican Republic,DOM,2008,,,,1671,99278,85321.6,326094.12
Dominican Republic,DOM,2009,,,,1625,101759,84792.71,338578.1
Dominican Republic,DOM,2010,,,,1670,112954,67638.79,278422.5
Dominican Republic,DOM,2011,,,,1649.46,102035,104344.52,285097.7
Dominican Republic,DOM,2012,,,,1808.86,95861,78210.61,263081.38
Dominican Republic,DOM,2013,,,,1899.21,100654.21,79082.45,284242
Dominican Republic,DOM,2014,,,,1872.8,78653.79,73072.46,307181.66
Dominican Republic,DOM,2015,,,,1827.99,95289.77,74152.12,316385.25
Dominican Republic,DOM,2016,,,,1816.53,92634.5,75621.43,325769.84
Dominican Republic,DOM,2017,,,,1779.51,58034.41,77304.98,338636.8
Dominican Republic,DOM,2018,,,,1786.47,63391.29,75954.45,349157.56
Dominican Republic,DOM,2019,,,,1800.31,64299.57,79943.36,354713.72
Dominican Republic,DOM,2020,,,,1750.02,66450.22,80809.17,292134.62
Dominican Republic,DOM,2021,,,,1698.05,62317,100829.5,347491.62
Dominican Republic,DOM,2022,,,,1642.49,61252.53,73228.58,365450.75
Dominican Republic,DOM,2023,,,,1593.04,63161.2,64597.76,391322.44
Dominican Republic,DOM,2024,,,,1545.05,67693.11,64684.75,421615.2
East Timor,TLS,1961,,,,790,1574,5200,520
East Timor,TLS,1962,,,,800,1527,5120,552
East Timor,TLS,1963,,,,825,1576,5360,576
East Timor,TLS,1964,,,,800,1740,5400,640
East Timor,TLS,1965,,,,870,1877,5600,640
East Timor,TLS,1966,,,,870,1940,5440,640
East Timor,TLS,1967,,,,750,1860,4280,640
East Timor,TLS,1968,,,,710,1881,4640,640
East Timor,TLS,1969,,,,600,1940,4320,640
East Timor,TLS,1970,,,,720,2040,4880,680
East Timor,TLS,1971,,,,770,2150,5400,680
East Timor,TLS,1972,,,,765,2365,5640,680
East Timor,TLS,1973,,,,727,2220,5200,680
East Timor,TLS,1974,,,,696,2240,5320,680
East Timor,TLS,1975,,,,670,2060,3600,680
East Timor,TLS,1976,,,,658,1570,2920,680
East Timor,TLS,1977,,,,515,1380,2400,680
East Timor,TLS,1978,,,,370,1200,1920,680
East Timor,TLS,1979,,,,195,1020,1680,680
East Timor,TLS,1980,,,,118,1160,1560,720
East Timor,TLS,1981,,,,145,1040,1920,720
East Timor,TLS,1982,,,,184,950,2400,720
East Timor,TLS,1983,,,,200,860,3120,720
East Timor,TLS,1984,,,,237,760,3840,680
East Timor,TLS,1985,,,,256,730,4400,800
East Timor,TLS,1986,,,,242,760,4800,800
East Timor,TLS,1987,,,,262,760,4760,760
East Timor,TLS,1988,,,,263,870,5160,600
East Timor,TLS,1989,,,,292,1010,6280,680
East Timor,TLS,1990,,,,307,1030,6680,800
East Timor,TLS,1991,,,,318,1154,7680,960
East Timor,TLS,1992,,,,368,1184.3,9440,960
East Timor,TLS,1993,,,,400,1317.3,10880,1000
East Timor,TLS,1994,,,,491,1101.9,8640,960
East Timor,TLS,1995,,,,539,1307.6,8680,1040
East Timor,TLS,1996,,,,591,1520.6,4320,1096
East Timor,TLS,1997,,,,640,1424.1,10160,1160
East Timor,TLS,1998,,,,698,2146.84,9200,1240
East Timor,TLS,1999,,,,620,1627,5600,1320
East Timor,TLS,2000,,,,257,1839,6400,1040
East Timor,TLS,2001,,,,275,1664.08,7600,1040
East Timor,TLS,2002,,,,333,2281,8000,800
East Timor,TLS,2003,,,,390,1859,8000,600
East Timor,TLS,2004,,,,447,1427,8000,656
East Timor,TLS,2005,,,,448,1437,8120,688
East Timor,TLS,2006,,,,459,1467.6,8440,712
East Timor,TLS,2007,,,,470,1488.2,8760,744
East Timor,TLS,2008,,,,481,1518.8,9120,768
East Timor,TLS,2009,,,,492,1549.4,9480,800
East Timor,TLS,2010,,,,504,1600.3,9760,696
East Timor,TLS,2011,,,,535,1661.8,10200,720
East Timor,TLS,2012,,,,578,1712.4,10760,800
East Timor,TLS,2013,,,,620,1763,11320,800
East Timor,TLS,2014,,,,623.85,1666.76,11123.11,845.97
East Timor,TLS,2015,,,,522.53,1991.93,11393.04,921.53
East Timor,TLS,2016,,,,469.1,2006.58,11668.84,925.84
East Timor,TLS,2017,,,,524.12,2033.68,10880.16,907.51
East Timor,TLS,2018,,,,538.08,2048.89,10794.12,956.64
East Timor,TLS,2019,,,,558.69,2428.74,12930.91,1158.73
East Timor,TLS,2020,,,,597.69,2059.86,10377.53,875.02
East Timor,TLS,2021,,,,633.57,1874.03,6814.94,538.92
East Timor,TLS,2022,,,,645.53,1941.13,9942.56,902.19
East Timor,TLS,2023,,,,454.17,2012.34,10743.31,571.33
East Timor,TLS,2024,,,,428.54,1981.28,10802.77,492
Eastern Africa (FAO),,1961,61500,34.4,24994,258593.8,718428.9,46212.2,111002.2
Eastern Africa (FAO),,1962,62500,32.45,25596.8,267079.03,719663.25,48043,114613.15
Eastern Africa (FAO),,1963,64200,33.95,28290.4,262994.62,718095.75,50702.46,116633.63
Eastern Africa (FAO),,1964,66700,33.35,27221.2,266619.94,729314.2,53735.9,120952.73
Eastern Africa (FAO),,1965,68500,23.8,27366,269512.1,735768.7,55107.7,125853.52
Eastern Africa (FAO),,1966,70500,11.35,27680.5,277281.28,792142,54876.5,135242.2
Eastern Africa (FAO),,1967,73800,18.95,27822,280481.28,796741.2,58143.44,142034.86
Eastern Africa (FAO),,1968,76000,18,32372.4,281729.6,823503.25,63438.94,147829.89
Eastern Africa (FAO),,1969,77500,18.4,31892,278483.1,841511.6,63627,163163.94
Eastern Africa (FAO),,1970,80000,15.45,31702,279062.9,885700.56,64354.41,172870.17
Eastern Africa (FAO),,1971,81700,16.15,32730,275970.28,842431.5,70632.87,181738.69
Eastern Africa (FAO),,1972,83200,14.3,33838,277230.2,865931.1,77920.4,189545.33
Eastern Africa (FAO),,1973,88000,13.35,32569,278166.22,881455.6,76490.36,196958.06
Eastern Africa (FAO),,1974,92000,12.45,34403,259498.69,872804.5,76523.46,199810.02
Eastern Africa (FAO),,1975,96900,11,34190,273882.97,847638.3,77777.04,212807.7
Eastern Africa (FAO),,1976,96000,9.5,34342,290288.72,885095.1,75378.94,222541.86
Eastern Africa (FAO),,1977,102000,7.6,35439,297842.06,941474.2,80355.22,237566.58
Eastern Africa (FAO),,1978,105300,10.9,36607.2,305896.8,1020293.06,84144.26,246590.36
Eastern Africa (FAO),,1979,108616,11.8,37220.4,311026.6,988707.7,81840.02,256168
Eastern Africa (FAO),,1980,113540,11.5,38513.6,317441.4,969447.56,91718.9,251636.5
Eastern Africa (FAO),,1981,117150,10.45,39646.8,321734.03,950404.4,100538.02,252230.5
Eastern Africa (FAO),,1982,122125,9.75,40275,327550.3,993770.25,96383.1,257534.6
Eastern Africa (FAO),,1983,125625,17.35,39448.2,329572.62,1011353.3,102890.7,261674.4
Eastern Africa (FAO),,1984,129525,17,42611.4,346799.2,1009507.06,110488.03,252398.6
Eastern Africa (FAO),,1985,133425,13.68,45118.2,361322.2,1027926.25,108822.6,276498.75
Eastern Africa (FAO),,1986,137250,18.57,48350,347538.72,1092400,119466.1,291678.94
Eastern Africa (FAO),,1987,140575,15.25,48770.4,363550.97,1028753.7,140848.88,285088.16
Eastern Africa (FAO),,1988,144100,15.07,49749.6,377962.72,1074610.5,145908.31,298844.6
Eastern Africa (FAO),,1989,147625,14.9,56572.8,389416.75,1105969.5,166501.5,309731.16
Eastern Africa (FAO),,1990,151150,23.07,62391,395636.22,1124384.6,230374.6,299393.1
Eastern Africa (FAO),,1991,154375,18.9,66509,372828.5,1517367.8,211037.5,313408.78
Eastern Africa (FAO),,1992,106355,17.73,61927,355747.53,1584003.9,227457.5,319966.88
Eastern Africa (FAO),,1993,157010.38,15.38,58500,279371.38,1412238.1,241249.6,292261.38
Eastern Africa (FAO),,1994,159219.69,25.7,60407.2,283006.56,1416445.1,255327.44,298043.97
Eastern Africa (FAO),,1995,162518.03,33.98,63380.6,285503.22,1463496.5,284347.8,313927.3
Eastern Africa (FAO),,1996,163857.7,15.9,65052.8,288662.4,1568647.6,285786,321884.28
Eastern Africa (FAO),,1997,163816.23,16.07,63560.6,290056.94,1587716.6,302192.12,332521.12
Eastern Africa (FAO),,1998,169296.86,17.43,67768.4,308867.8,1650866.4,296509,342978.5
Eastern Africa (FAO),,1999,168559.98,18.6,65683.1,318744.62,1792443.5,300169.62,348012
Eastern Africa (FAO),,2000,172663.69,18.95,67409,322298.6,1706779.8,299413,367388.7
Eastern Africa (FAO),,2001,178369.34,18.77,74373.7,357343.88,1730384.5,299890,427730.66
Eastern Africa (FAO),,2002,183413.64,19.77,74219.6,372707.34,1771421.5,289706.28,430613.94
Eastern Africa (FAO),,2003,188279.3,17.77,78786.8,396609.66,1780708.6,274828.94,436800.4
Eastern Africa (FAO),,2004,194470.88,18.77,85805.2,420144.47,1777856.8,295533.4,436628.06
Eastern Africa (FAO),,2005,199737.31,19.77,79873,433508.06,1905768.6,320363.94,444038.16
Eastern Africa (FAO),,2006,203161.75,20.13,81411.4,460252.22,1955010.6,303687.56,436895.22
Eastern Africa (FAO),,2007,210489.23,6.13,130940,478173.12,1965778.8,316244.28,445800.34
Eastern Africa (FAO),,2008,215757.23,7.35,150980,477452.3,2057817.5,346579.03,460644.44
Eastern Africa (FAO),,2009,219622.88,6.13,132168,496451.88,2163792,353391.1,499845.66
Eastern Africa (FAO),,2010,223175.12,6.13,143290,555465.44,2319705,347174.56,545971.7
Eastern Africa (FAO),,2011,226795.73,6.3,139959,588872.9,2374073,376495.3,588416.9
Eastern Africa (FAO),,2012,239223.44,6.3,141672.12,663384.7,2398068,432341.66,642297.8
Eastern Africa (FAO),,2013,241393.9,6.13,142334.6,674435,2469894.2,455771.28,662280.5
Eastern Africa (FAO),,2014,243839.12,5.92,136969.34,705993.5,2416631,479057.97,690178.2
Eastern Africa (FAO),,2015,251018.81,5.89,143678.94,714165.6,2521689.5,488245.4,758113.4
Eastern Africa (FAO),,2016,251422.86,5.92,140101.44,699594.25,2256224.8,497460.75,797466
Eastern Africa (FAO),,2017,255343.75,5.89,139175.36,643415.1,2344778.5,554303.94,884585.06
Eastern Africa (FAO),,2018,258426.58,5.66,122359.85,694789.56,2458069.8,671114.9,985504.06
Eastern Africa (FAO),,2019,260765.02,5.62,164189.94,815645.9,2656617.2,626596,906991.94
Eastern Africa (FAO),,2020,263251.16,5.6,147508.2,849736.9,2594031,767983.6,918238.56
Eastern Africa (FAO),,2021,263348.2,5.53,130717.7,811115.8,2663464,835558.1,1011888.7
Eastern Africa (FAO),,2022,265133,5.44,115897.84,789304.2,2690422.8,900275.3,1007924.3
Eastern Africa (FAO),,2023,265750.16,5.36,147084.8,868499.25,2870360.2,934569.7,1065841.6
Eastern Africa (FAO),,2024,268290.84,5.29,163800.39,937255.2,2971760.5,1008954.56,1081544.2
Eastern Asia (FAO),,1961,0,70940,20040,172686.89,322316.44,1925202,858323.3
Eastern Asia (FAO),,1962,0,68230,21040,173175.56,339785.03,2456836,908432
Eastern Asia (FAO),,1963,0,67940,20140,194825.11,406742.66,3995277,958762
Eastern Asia (FAO),,1964,0,66260,22240,210456.7,495424.4,5288825,984929
Eastern Asia (FAO),,1965,0,71760,23620,231511.8,488427.88,6134777,1052693
Eastern Asia (FAO),,1966,1105,65731,24000,261434.12,434721.88,6809967,1114287.6
Eastern Asia (FAO),,1967,2064,68224,23000,274472.88,450700.16,7159881,1211524.8
Eastern Asia (FAO),,1968,2980,68923,23000,285774.5,469262.34,7049716,1287248
Eastern Asia (FAO),,1969,4800,65019,21400,296970.1,538091.3,6887781,1408816
Eastern Asia (FAO),,1970,4560,64817,20000,304115.56,586543.8,7040920,1527141.4
Eastern Asia (FAO),,1971,4840,67068,19700,327145.62,621643.8,8105816,1637255.2
Eastern Asia (FAO),,1972,4600,66818,19600,351264.28,672328.2,8950414,1802363
Eastern Asia (FAO),,1973,3320,66456,20000,374446.16,618484,9102261,1903688
Eastern Asia (FAO),,1974,3800,71922,21600,401919.8,712660.94,9158421,2002490
Eastern Asia (FAO),,1975,3800,75743,21700,440386.44,793894.94,9259759,2064532.4
Eastern Asia (FAO),,1976,4000,76313,21300,403544.16,737049.75,9288997,2246321.5
Eastern Asia (FAO),,1977,4000,81208,23000,407445.53,799765.8,9479694,2450054.5
Eastern Asia (FAO),,1978,4000,83429,23500,445632.62,858953,10378891,2652348
Eastern Asia (FAO),,1979,4500,76548,22000,500352.97,910346,12732860,2806831
Eastern Asia (FAO),,1980,4500,72821,21300,571111.3,954576,14059965,2919910.5
Eastern Asia (FAO),,1981,4500,71377,22000,607075.6,1023104,14507902,2989039.8
Eastern Asia (FAO),,1982,5000,70632,21900,662684.25,1038714.5,15431330,3132218.2
Eastern Asia (FAO),,1983,5000,72491,22680,675064.2,1093840,15992846,3303953.8
Eastern Asia (FAO),,1984,5150,73720,23040,719057.7,1216192,17406314,3397476
Eastern Asia (FAO),,1985,5300,78118,24000,715855,1337892,19729840,3541832
Eastern Asia (FAO),,1986,5350,81219,24628,751206.94,1515038,20315426,3947101.2
Eastern Asia (FAO),,1987,5480,84307,24433,846133.3,1724702,21657216,4386284.5
Eastern Asia (FAO),,1988,5480,82188,23564,920759.94,1859119,23315768,4985465
Eastern Asia (FAO),,1989,5600,86337,26101,1090778.5,1892257.8,24433080,5089668
Eastern Asia (FAO),,1990,5700,89437,28760,1207794.9,2057895.5,25897604,5450411.5
Eastern Asia (FAO),,1991,5800,98907,27740,1324454.9,2359748.2,28075748,6212331.5
Eastern Asia (FAO),,1992,5900,107791,27820,1375569.4,2652391,30010082,6883746
Eastern Asia (FAO),,1993,6000,88134,24710,1496096.6,3121400,32196800,8133965.5
Eastern Asia (FAO),,1994,6098.4,143195,18782,1605465.1,3332437.8,35738464,8844657
Eastern Asia (FAO),,1995,6195.22,169253,18400,1868096.5,3836534.5,40099320,10351411
Eastern Asia (FAO),,1996,6290.2,214023,19540,1944023.8,4167935.8,35270136,10488584
Eastern Asia (FAO),,1997,6383.26,200531,19360,2246392.5,4948861.5,39424590,11879499
Eastern Asia (FAO),,1998,6474.32,199030,21420,2481378.5,5400288.5,42242290,12833758
Eastern Asia (FAO),,1999,6563.3,216144,23740,2658641.5,6086533,43456756,13429722
Eastern Asia (FAO),,2000,6650.11,222324,27740,2779283.8,6125655,43064124,14332391
Eastern Asia (FAO),,2001,6734.67,224007,25100,2840333.5,5887374,43959044,14199249
Eastern Asia (FAO),,2002,6797.92,224729,22496,2947794.5,6069643,44737068,14439968
Eastern Asia (FAO),,2003,6896.7,221499,18901,3186009.2,6194451,46019360,14848824
Eastern Asia (FAO),,2004,6969.25,234691,21572,3445484.8,6397949,46866280,14957498
Eastern Asia (FAO),,2005,7039.22,235533,21288,3614707.2,6463339,48934864,15910460
Eastern Asia (FAO),,2006,7106.51,223033,21060,3786317.8,6686957,49987188,16260516
Eastern Asia (FAO),,2007,7171.04,216527,21580,3984202,7072502,46357050,17152248
Eastern Asia (FAO),,2008,7232.72,214073,24620,4072370.2,7033723,49605530,17969606
Eastern Asia (FAO),,2009,7291.48,215556,19600,4183583.8,7157642,52380344,18686076
Eastern Asia (FAO),,2010,7347.23,207007,20056,4206798,7137742,54206690,19355824
Eastern Asia (FAO),,2011,7400,223422,19693,4124178,6978443,53807896,19905764
Eastern Asia (FAO),,2012,7450,227978,20036,4188373.5,7074604,56931590,21090988
Eastern Asia (FAO),,2013,7500,214337,23658,4274896,7076689,58591780,21454754
Eastern Asia (FAO),,2014,7550.5,229913.9,23321.29,4447277.5,7085926,60231050,21160150
Eastern Asia (FAO),,2015,7652.47,253755.3,24996.54,4639364.5,7101895.5,60000740,21955018
Eastern Asia (FAO),,2016,7741.22,238037.55,23765.31,4814895.5,7037902.5,57877360,22667996
Eastern Asia (FAO),,2017,7831.25,209120.22,23735.8,4937019.5,7229204.5,58133548,22743164
Eastern Asia (FAO),,2018,7921.35,236624.98,31804.53,5005186,7356692,57728572,23871594
Eastern Asia (FAO),,2019,8010.83,280109.25,40896.73,5151594.5,7580153,46257670,26443198
Eastern Asia (FAO),,2020,8100.05,346739.5,45870.31,5284480,7687095,44920704,27819562
Eastern Asia (FAO),,2021,7963.31,260285.38,45748.92,5399959,7903028.5,56725052,28027704
Eastern Asia (FAO),,2022,8025.67,340232.12,52735.04,5575330.5,8179962,59172996,28643644
Eastern Asia (FAO),,2023,8091.18,268224.5,54430.28,5616628.5,8556392,61685010,29813672
Eastern Asia (FAO),,2024,8156.7,245965.34,56605.84,5393555.5,8765834,60780940,30921884
Eastern Europe (FAO),,1961,5100,45800,,1152515,3727057,6353836,1166152.2
Eastern Europe (FAO),,1962,3700,32800,,1216737,4248874,6649591,1189425.6
Eastern Europe (FAO),,1963,2500,26140,,1260818,4723082,6723058,1182412.4
Eastern Europe (FAO),,1964,2900,26540,,1195924,4576495,5392362,1020896.7
Eastern Europe (FAO),,1965,3000,21610,,1163135,4904261,7081210,1125746.8
Eastern Europe (FAO),,1966,3100,18558,,1088020,5419028,7408582,1209573.8
Eastern Europe (FAO),,1967,3700,21328,,1195530,6247180,7414132,1272679.4
Eastern Europe (FAO),,1968,4400,25347,,1195734,6805342,7168137,1360363.8
Eastern Europe (FAO),,1969,6000,25813,,1147057,6866438,7066858,1453465.6
Eastern Europe (FAO),,1970,4600,31844,,1188072,6633443,7583597,1736065.2
Eastern Europe (FAO),,1971,4600,31699,,1159644,6779430,8532864,1921973.8
Eastern Europe (FAO),,1972,5200,29715,,1098772,6909112,9256289,2038425.2
Eastern Europe (FAO),,1973,5600,23521,,1137088,7177173,9053017,2165139
Eastern Europe (FAO),,1974,5400,25049,,1158450,7850017,9810290,2392475.2
Eastern Europe (FAO),,1975,5400,25349,,1143986,8031386,10136503,2575146.5
Eastern Europe (FAO),,1976,5400,28382,,1049254,8204927,8347705,2539600.8
Eastern Europe (FAO),,1977,7400,29461,,1062424,8507506,9220670,2931894
Eastern Europe (FAO),,1978,6900,28291,,1087964,8697908,9864892,3222280.8
Eastern Europe (FAO),,1979,7300,46181,,1041068,8696805,9974665,3456197.2
Eastern Europe (FAO),,1980,7200,42917,,1022854,8300479,9793972,3581146
Eastern Europe (FAO),,1981,6974,30172,,1015888,8075061,9504843,3752465.2
Eastern Europe (FAO),,1982,8600,16224,,996509,8160128,9533395,3752905.2
Eastern Europe (FAO),,1983,11300,23056,,1020508,8501901,10124624,3938293.8
Eastern Europe (FAO),,1984,10700,26574,,1079486,8833437,10372553,4099210
Eastern Europe (FAO),,1985,12600,31876,,1051793,9017443,10360546,4264937
Eastern Europe (FAO),,1986,13600,26710,,1113221,9448459,10815768,4547513.5
Eastern Europe (FAO),,1987,12500,23889,,1115869,9892297,11166935,4740978.5
Eastern Europe (FAO),,1988,12800,19431,,1194268,10133027,11571511,4870023
Eastern Europe (FAO),,1989,17000,15737,,1203713,10301586,11711723,4858892
Eastern Europe (FAO),,1990,15900,22558,,1223307,10494392,11632268,4879301
Eastern Europe (FAO),,1991,17700,16282,,1130834,9826066,10897397,4455819
Eastern Europe (FAO),,1992,18000,80155,312.75,570542,7225548,9134673,3373420.5
Eastern Europe (FAO),,1993,14600,78098,320.82,575073,6471851,8277989,3032696.2
Eastern Europe (FAO),,1994,14300,73160,322.61,512106,6190865,7319362,2722354.5
Eastern Europe (FAO),,1995,14800,75518,324.37,442241,5220331,7254936,2581063.2
Eastern Europe (FAO),,1996,16300,79366,332.26,408918,4939093,7201643,2460797.2
Eastern Europe (FAO),,1997,14224.71,91291,342.68,355471,4562257,6702192,2413275.5
Eastern Europe (FAO),,1998,15718.05,91413,327.37,324171,4210339,6714659,2624807.8
Eastern Europe (FAO),,1999,15800,79999,300,295012,3762924,6715674,2731746.5
Eastern Europe (FAO),,2000,16280.04,74814,308,282652,3676930,6467145,2838755
Eastern Europe (FAO),,2001,11050.31,76553.72,250,234663,3449108,5936075,3170745.2
Eastern Europe (FAO),,2002,12923.72,74974,200,237917,3573770,6264396,3556871.8
Eastern Europe (FAO),,2003,13434.17,75034,216,247743,3664611,6615624,3491018.2
Eastern Europe (FAO),,2004,13507.61,80922,268,263458,3474482,6070116,3723767.8
Eastern Europe (FAO),,2005,16074.48,80833,194,255443,3311819,5864042,4150227
Eastern Europe (FAO),,2006,16100,75804.7,188,248524,3254780,6215386,4460427.5
Eastern Europe (FAO),,2007,18400,70529,157,267827,3237373,6666044,4881230.5
Eastern Europe (FAO),,2008,18367.28,71322,172,271985,3222992,6376272,5031068.5
Eastern Europe (FAO),,2009,18088.93,77574,89,297639,3212060,6248383,5868770
Eastern Europe (FAO),,2010,15222.14,82037,164,301852,3165910,6639097,6219039.5
Eastern Europe (FAO),,2011,15200,74734.7,103,303361,2998276,6858408,6649312
Eastern Europe (FAO),,2012,15295.87,73027.6,134,312905,2955207,6846560,7510964
Eastern Europe (FAO),,2013,14802.06,72968.64,200,307665,2974991,7018202,7849725.5
Eastern Europe (FAO),,2014,14545.99,71258.68,175,318525,3043896.2,7250573,8269162.5
Eastern Europe (FAO),,2015,14461.64,69518.36,193,319583,3112049,7552138,8681607
Eastern Europe (FAO),,2016,14059.83,69358.56,178,335723.1,3059290.5,7885267,8947746
Eastern Europe (FAO),,2017,13847.39,63181.24,179,338378,3061650,8061373,9279019
Eastern Europe (FAO),,2018,,63421.58,137,309541,3075733,8265495,10256657
Eastern Europe (FAO),,2019,,63144.23,143.45,305745,3098801,8315052,10515235
Eastern Europe (FAO),,2020,,65710.63,131,297193.9,3100607,8584299,10606368
Eastern Europe (FAO),,2021,,63199.92,115,304276.4,3108461,8667579,10441509
Eastern Europe (FAO),,2022,,60656.27,114,299097.6,2988394.5,8525426,11159731
Eastern Europe (FAO),,2023,,61417.09,117,295417.6,3009808.8,8626968,11338879
Eastern Europe (FAO),,2024,,62928,116.41,290464.78,3176036,9062588,11542267
Ecuador,ECU,1961,,,,6564,36841,30150,4641.69
Ecuador,ECU,1962,,,,6661,37463,31725,4873.76
Ecuador,ECU,1963,,,,6758.56,42041,25133.94,5377.22
Ecuador,ECU,1964,,,,6830.02,42992,26595.22,5706.17
Ecuador,ECU,1965,,,,6901.54,45000,28037.84,6558.48
Ecuador,ECU,1966,,,,6929.5,46381,28350,6587.52
Ecuador,ECU,1967,,,,7101,47124,28575,7141.56
Ecuador,ECU,1968,,,,7265,49722,29115,7161.84
Ecuador,ECU,1969,,,,7350,52901,29250,7784.68
Ecuador,ECU,1970,,,,7450,61805,29925,9263.8
Ecuador,ECU,1971,,,,7610.48,53968,30600,10561.6
Ecuador,ECU,1972,,,,7788.76,55652,31612.5,11486.8
Ecuador,ECU,1973,,,,7835,56098,33984,11057.4
Ecuador,ECU,1974,,,,8050,64196,36450,13142.93
Ecuador,ECU,1975,,,,8308.4,67463,39262.5,13143.22
Ecuador,ECU,1976,,,,8540,68077,42205.5,15328.68
Ecuador,ECU,1977,,,,4967,73849,45157.5,18403.34
Ecuador,ECU,1978,,,,5025,84640,51390,20229.5
Ecuador,ECU,1979,,,,5210,88259,56700,20567.65
Ecuador,ECU,1980,,,,5240,73730,62550,20210.4
Ecuador,ECU,1981,,,,5760,75870,53303.67,24942.6
Ecuador,ECU,1982,,,,5698.37,78390,56548.8,27658.8
Ecuador,ECU,1983,,,,5899.71,81200,58500,30637.5
Ecuador,ECU,1984,,,,5414.62,82990,61929,36760.2
Ecuador,ECU,1985,,,,5537.27,88500,64845,44044.2
Ecuador,ECU,1986,,,,4700,89600,67860,54669.9
Ecuador,ECU,1987,,,,4430,92443,67500,52511.2
Ecuador,ECU,1988,,,,4267,102290,65250,54588.5
Ecuador,ECU,1989,,,,4580,97890,64311.75,59520.5
Ecuador,ECU,1990,,,,4858.57,100007,70672.41,70049
Ecuador,ECU,1991,,,,4794.58,113274,76275,76330
Ecuador,ECU,1992,,,,4935.8,113208,81801,80552
Ecuador,ECU,1993,,,,6097.02,126038,81123.52,80524
Ecuador,ECU,1994,,,,6491.4,127498,82294.38,102366
Ecuador,ECU,1995,,,,7247.24,148663,88784.28,105353
Ecuador,ECU,1996,,,,7312,153324,103185,148984.5
Ecuador,ECU,1997,,,,7550,155611,106740,177476.5
Ecuador,ECU,1998,,,,11515,158202,99922,107756.8
Ecuador,ECU,1999,,,,9750,164280,110252,148246.8
Ecuador,ECU,2000,,,,10309,170615,113511,194276.5
Ecuador,ECU,2001,,,,11386,187544,139500,208594.6
Ecuador,ECU,2002,,,,11600,198923,106388,209271.4
Ecuador,ECU,2003,,,,16020,188980,113242,211796.5
Ecuador,ECU,2004,,,,12637,186224,100338,208677.4
Ecuador,ECU,2005,,,,10428,172273,102095,210815.4
Ecuador,ECU,2006,,,,10460,189781,86580,301129
Ecuador,ECU,2007,,,,9672,167427,108154,337477.5
Ecuador,ECU,2008,,,,9698,167791,102378,327076.5
Ecuador,ECU,2009,,,,9688,187365,110974,356639
Ecuador,ECU,2010,,,,6842.3,189016,130381,384780
Ecuador,ECU,2011,,,,6595,201369,122972,401881.5
Ecuador,ECU,2012,,,,6728.06,192329,117623,394326.7
Ecuador,ECU,2013,,,,6969.5,206723,96827,456670.06
Ecuador,ECU,2014,,,,5985.47,168654,156384,489369.25
Ecuador,ECU,2015,,,,5449.16,158560,151008,513753.3
Ecuador,ECU,2016,,,,5671.62,235572,141184,550609.5
Ecuador,ECU,2017,,,,5007.09,309328,137995,461968.9
Ecuador,ECU,2018,,,,5048.06,289765,162371,444007.34
Ecuador,ECU,2019,,,,6341.52,275578,149172,507478.5
Ecuador,ECU,2020,,,,6452.18,237040,137886,453980.84
Ecuador,ECU,2021,,,,7178.84,190881,139136,492928.6
Ecuador,ECU,2022,,,,7193.54,242435,206214,517916.7
Ecuador,ECU,2023,,,,7460.05,252317,213862,565781.8
Ecuador,ECU,2024,,,,6074.1,242011,220152,556907.94
Egypt,EGY,1961,,,10500,31600,167000,1300,74360
Egypt,EGY,1962,,,11150,32000,171000,1300,75090
Egypt,EGY,1963,,,12800,34000,175000,1400,75410
Egypt,EGY,1964,,,13500,35000,178000,1100,74930
Egypt,EGY,1965,,,14000,36000,182000,900,76040
Egypt,EGY,1966,,,15100,37000,185000,1000,77398
Egypt,EGY,1967,,,16500,41000,189000,1100,78814
Egypt,EGY,1968,,,11000,41505,221060,1000,79148
Egypt,EGY,1969,,,13000,45000,215000,1300,80595
Egypt,EGY,1970,,,14000,46000,211000,1300,84075
Egypt,EGY,1971,,,12500,46000,220000,1200,86074
Egypt,EGY,1972,,,15000,46000,223000,1300,89465
Egypt,EGY,1973,,,14000,45000,226000,1600,87221
Egypt,EGY,1974,,,14000,46000,228000,1700,91837
Egypt,EGY,1975,,,13000,45000,230000,1800,94591
Egypt,EGY,1976,,,14800,44100,229000,2426,99722.4
Egypt,EGY,1977,,,14135,44000,230000,2285,104116.2
Egypt,EGY,1978,,,13084,43700,236000,2248,105506.2
Egypt,EGY,1979,,,12000,43000,239000,2400,103038.4
Egypt,EGY,1980,,,10500,43000,240000,2500,118340.6
Egypt,EGY,1981,,,12000,50000,238000,2800,136071.4
Egypt,EGY,1982,,,24800,58500,237000,2600,171080
Egypt,EGY,1983,,,28000,69000,238000,2600,227069
Egypt,EGY,1984,,,33500,74500,248000,2700,258969
Egypt,EGY,1985,,,33000,77000,237000,3000,242078
Egypt,EGY,1986,,,23000,81000,251000,3050,251422
Egypt,EGY,1987,,,13000,85000,271500,2490,279968
Egypt,EGY,1988,,,20000,89000,294185,2480,252909
Egypt,EGY,1989,,,23864,82300,297000,2200,260438
Egypt,EGY,1990,,,22055,82000,304000,2450,261502
Egypt,EGY,1991,,,28000,77000,439000,2500,290106
Egypt,EGY,1992,,,29000,98000,449000,2900,307407
Egypt,EGY,1993,,,22000,101000,467000,2888,324394
Egypt,EGY,1994,,,24906,110000,520000,2750,348060
Egypt,EGY,1995,,,24940,116000,533000,2800,389772.5
Egypt,EGY,1996,,,26912,117000,512342,2850,400905
Egypt,EGY,1997,,,25137,118000,518000,2935,517549
Egypt,EGY,1998,,,24955,121000,541000,3000,511541
Egypt,EGY,1999,,,33607,121000,559000,3045,563079
Egypt,EGY,2000,,,30743.11,124000,570000,3100,591762
Egypt,EGY,2001,,,31666.04,127000,557000,3000,617803
Egypt,EGY,2002,,,28135.36,136500,673900,2700,738677
Egypt,EGY,2003,,,23596.48,139600,653000,2600,685945
Egypt,EGY,2004,,,21257.36,137000,670000,3000,647167
Egypt,EGY,2005,,,17701.8,138000,707000,2000,664636
Egypt,EGY,2006,,,16222.16,140000,727000,3000,716800
Egypt,EGY,2007,,,8309.49,147000,763200,2500,810802
Egypt,EGY,2008,,,6099,148000,804902,2200,738600
Egypt,EGY,2009,,,7952,144000,827667,538,781918
Egypt,EGY,2010,,,8569,128122,855653,500,851133
Egypt,EGY,2011,,,10612,126637,850285,473.12,900763
Egypt,EGY,2012,,,10969,128529,849512,484.97,936737
Egypt,EGY,2013,,,11854,127936,824470,490.86,1074152.8
Egypt,EGY,2014,,,12266,128000,801000,494.09,1165643.2
Egypt,EGY,2015,,,11820,125249,837384,350,1167320.6
Egypt,EGY,2016,,,12133,128539,826578,400,1139628.6
Egypt,EGY,2017,,,15396,93636,758155,481,1440106.2
Egypt,EGY,2018,,,3999.74,73641,778824,633,1463040.2
Egypt,EGY,2019,,,12840.73,54000,642000,771,1642223.9
Egypt,EGY,2020,,,11300.38,70000,585000,842,2133850.2
Egypt,EGY,2021,,,26765.16,74000,622000,756,2515045.5
Egypt,EGY,2022,,,33000,82000,688000,728,2099176
Egypt,EGY,2023,,,30000,75000,545000,735,2258910
Egypt,EGY,2024,,,31034.67,75000,521031,706.98,2689103
El Salvador,SLV,1961,,,,81,19400,11585.6,2815
El Salvador,SLV,1962,,,,81,19200,11575.2,2943
El Salvador,SLV,1963,,,,81,19800,11564.8,3083
El Salvador,SLV,1964,,,,81,19200,11554.4,3238
El Salvador,SLV,1965,,,,82.5,19100,11544,3401
El Salvador,SLV,1966,,,,78,20200,11533.6,3580
El Salvador,SLV,1967,,,,79.5,19500,11518,3772
El Salvador,SLV,1968,,,,75,18800,11507.6,3974
El Salvador,SLV,1969,,,,73.5,18700,11237.2,4205
El Salvador,SLV,1970,,,,73.5,18900,11013.6,4430
El Salvador,SLV,1971,,,,75,20739,10660,4290
El Salvador,SLV,1972,,,,75,23878,12480,4300
El Salvador,SLV,1973,,,,77.25,25740,12854.4,4300
El Salvador,SLV,1974,,,,77.25,31649,13156,4343
El Salvador,SLV,1975,,,,79.5,26170,13520,5912
El Salvador,SLV,1976,,,,81,31216,13676,8277
El Salvador,SLV,1977,,,,97.5,28268,13936,12963
El Salvador,SLV,1978,,,,97.5,32591,14352,14923
El Salvador,SLV,1979,,,,98.25,30299,15340,16117
El Salvador,SLV,1980,,,,105.75,27646,16120,13176
El Salvador,SLV,1981,,,,106.5,22103,13000,15984
El Salvador,SLV,1982,,,,106.5,22241,13000,16440
El Salvador,SLV,1983,,,,109.5,21917,13000,18453
El Salvador,SLV,1984,,,,111.6,22039,13000,22805
El Salvador,SLV,1985,,,,112.2,20961,13780,24732
El Salvador,SLV,1986,,,,112.8,21698,14248,28841
El Salvador,SLV,1987,,,,114.15,18814,14456,28771
El Salvador,SLV,1988,,,,114.9,22284,13260,31906
El Salvador,SLV,1989,,,,116.1,28123,10036,37666
El Salvador,SLV,1990,,,,117,27212,11024,32500
El Salvador,SLV,1991,,,,117.75,23525,10712,35550
El Salvador,SLV,1992,,,,119.25,22074,10972,39970
El Salvador,SLV,1993,,,,121.35,24747,11284,44190
El Salvador,SLV,1994,,,,121.5,27087,12740,37568
El Salvador,SLV,1995,,,,123,29350,10920,40033
El Salvador,SLV,1996,,,,123,27059,11128,40560
El Salvador,SLV,1997,,,,121.5,35094,10400,43518
El Salvador,SLV,1998,,,,123,34425,9880,47870
El Salvador,SLV,1999,,,,118.5,34150,14196,46240
El Salvador,SLV,2000,,,,112.5,34749,10660,76138
El Salvador,SLV,2001,,,,106.5,34654,8658.78,74075
El Salvador,SLV,2002,,,,93,39944,8658.78,78539
El Salvador,SLV,2003,,,,93,29234,8294,78550
El Salvador,SLV,2004,,,,118.5,26499,7848,92111
El Salvador,SLV,2005,,,,118.5,26978,10835,98625
El Salvador,SLV,2006,,,,119.25,30562,14207,101364
El Salvador,SLV,2007,,,,121.5,31258,9290,106818
El Salvador,SLV,2008,,,,121.5,32137,8849,96136
El Salvador,SLV,2009,,,,121.5,31097,8309,97727
El Salvador,SLV,2010,,,,121.5,32992,8286.02,104545.45
El Salvador,SLV,2011,,,,123,23377,8434,108519
El Salvador,SLV,2012,,,,125.25,26023,9487,109545
El Salvador,SLV,2013,,,,127.5,18412,7978,113850
El Salvador,SLV,2014,,,,125.37,18630,8573,117682
El Salvador,SLV,2015,,,,123.39,18578,7110,127273
El Salvador,SLV,2016,,,,122.73,18697,7343,136318
El Salvador,SLV,2017,,,,121.97,18315,6934.78,136238.19
El Salvador,SLV,2018,,,,121.31,18334,7751.65,143925
El Salvador,SLV,2019,,,,117.33,18506.72,8307.09,146782
El Salvador,SLV,2020,,,,117,18717.21,6891.64,131541.8
El Salvador,SLV,2021,,,,116.1,19630.76,7521.77,155405.52
El Salvador,SLV,2022,,,,113.71,18800,5202.95,159500
El Salvador,SLV,2023,,,,113.28,17645.18,3607.93,164977.22
El Salvador,SLV,2024,,,,113.4,16414.65,7483.33,167371.47
Equatorial Guinea,GNQ,1961,,,,76.73,23.43,64.8,56
Equatorial Guinea,GNQ,1962,,,,74.86,22.33,75.6,64
Equatorial Guinea,GNQ,1963,,,,72.98,21.12,86.4,64
Equatorial Guinea,GNQ,1964,,,,69.63,21.23,101.25,64
Equatorial Guinea,GNQ,1965,,,,70.89,26.07,108,65.6
Equatorial Guinea,GNQ,1966,,,,72.27,25.3,90,72
Equatorial Guinea,GNQ,1967,,,,72.98,26.4,90,72
Equatorial Guinea,GNQ,1968,,,,74.8,26.4,90,72
Equatorial Guinea,GNQ,1969,,,,76.45,27.5,90,96
Equatorial Guinea,GNQ,1970,,,,79.2,28.6,90,96
Equatorial Guinea,GNQ,1971,,,,81.95,29.7,90,96
Equatorial Guinea,GNQ,1972,,,,84.7,29.7,94.5,104
Equatorial Guinea,GNQ,1973,,,,87.45,29.7,94.5,104
Equatorial Guinea,GNQ,1974,,,,88,30.8,94.5,104
Equatorial Guinea,GNQ,1975,,,,89.1,31.9,99,112
Equatorial Guinea,GNQ,1976,,,,90.2,33,99,112
Equatorial Guinea,GNQ,1977,,,,91.3,34.1,99,112
Equatorial Guinea,GNQ,1978,,,,91.3,35.2,99,120
Equatorial Guinea,GNQ,1979,,,,92.4,35.2,99,120
Equatorial Guinea,GNQ,1980,,,,93.5,36.3,99,120
Equatorial Guinea,GNQ,1981,,,,95.7,36.3,103.5,128
Equatorial Guinea,GNQ,1982,,,,97.9,37.4,103.5,136
Equatorial Guinea,GNQ,1983,,,,97.9,37.4,103.5,136
Equatorial Guinea,GNQ,1984,,,,100.1,38.5,108,136
Equatorial Guinea,GNQ,1985,,,,102.3,39.05,108,140
Equatorial Guinea,GNQ,1986,,,,104.5,39.6,108,144
Equatorial Guinea,GNQ,1987,,,,106.7,40.15,110.25,148
Equatorial Guinea,GNQ,1988,,,,108.9,40.7,112.5,152
Equatorial Guinea,GNQ,1989,,,,111.1,41.25,114.75,156
Equatorial Guinea,GNQ,1990,,,,113.3,41.8,117,168
Equatorial Guinea,GNQ,1991,,,,115.5,42.35,119.25,172
Equatorial Guinea,GNQ,1992,,,,117.7,42.9,121.5,176
Equatorial Guinea,GNQ,1993,,,,119.9,43.45,123.75,180
Equatorial Guinea,GNQ,1994,,,,122.1,43.45,126,184
Equatorial Guinea,GNQ,1995,,,,124.3,44,128.25,188
Equatorial Guinea,GNQ,1996,,,,126.5,44,130.5,192
Equatorial Guinea,GNQ,1997,,,,128.7,44.55,132.75,196
Equatorial Guinea,GNQ,1998,,,,130.9,44.55,135,200
Equatorial Guinea,GNQ,1999,,,,133.1,45.1,137.25,208
Equatorial Guinea,GNQ,2000,,,,135.3,45.1,139.5,216
Equatorial Guinea,GNQ,2001,,,,138.6,45.65,141.75,224
Equatorial Guinea,GNQ,2002,,,,138.6,45.65,141.75,224
Equatorial Guinea,GNQ,2003,,,,138.6,46.2,141.75,224
Equatorial Guinea,GNQ,2004,,,,139.7,46.2,144,224
Equatorial Guinea,GNQ,2005,,,,139.7,46.2,144,232
Equatorial Guinea,GNQ,2006,,,,139.7,46.75,144,232
Equatorial Guinea,GNQ,2007,,,,140.8,46.75,146.25,232
Equatorial Guinea,GNQ,2008,,,,140.8,46.75,146.25,232
Equatorial Guinea,GNQ,2009,,,,140.8,46.75,147.71,232
Equatorial Guinea,GNQ,2010,,,,144.1,48.95,150.75,232
Equatorial Guinea,GNQ,2011,,,,144.1,48.95,153,240
Equatorial Guinea,GNQ,2012,,,,145.2,48.29,154.44,243.35
Equatorial Guinea,GNQ,2013,,,,149.6,49.5,166.5,244
Equatorial Guinea,GNQ,2014,,,,149.94,47.68,164.32,245.34
Equatorial Guinea,GNQ,2015,,,,150.01,46.86,164.04,247.57
Equatorial Guinea,GNQ,2016,,,,149.64,46.67,166.7,248.54
Equatorial Guinea,GNQ,2017,,,,150.66,47.68,169.14,249.84
Equatorial Guinea,GNQ,2018,,,,151.67,48.02,170.39,250.83
Equatorial Guinea,GNQ,2019,,,,152.77,48.16,172.9,252.45
Equatorial Guinea,GNQ,2020,,,,153.49,47.99,175.45,254.37
Equatorial Guinea,GNQ,2021,,,,154.47,48.09,177.85,258.81
Equatorial Guinea,GNQ,2022,,,,155.49,48.15,180.34,260.62
Equatorial Guinea,GNQ,2023,,,,156.51,48.25,182.81,262.52
Equatorial Guinea,GNQ,2024,,,,157.53,48.36,185.27,264.42
Eritrea,ERI,1993,,,1500,9300,9200,,3167.63
Eritrea,ERI,1994,,,1507.2,9870,9800,,3920
Eritrea,ERI,1995,,,1515.6,10050,10000,,4280
Eritrea,ERI,1996,,,1522.8,10240,12200,,4880
Eritrea,ERI,1997,,,1530.6,10420,14300,,1520
Eritrea,ERI,1998,,,1538.4,11300,15800,,1657.5
Eritrea,ERI,1999,,,1545.6,11500,16000,,1700
Eritrea,ERI,2000,,,1554,12180,16350,,1887
Eritrea,ERI,2001,,,1561.2,12180,14715,,2125
Eritrea,ERI,2002,,,1569.6,11900,14170,,2184.5
Eritrea,ERI,2003,,,1576.8,12920,16677,,2235.5
Eritrea,ERI,2004,,,1585.2,12705,16650,,2040
Eritrea,ERI,2005,,,1593,12705,16677,,2167.5
Eritrea,ERI,2006,,,1601.4,12338,19443.73,,1921
Eritrea,ERI,2007,,,2400,12476.5,22800,,1621.8
Eritrea,ERI,2008,,,2670,12614.51,17180,,1629.45
Eritrea,ERI,2009,,,2418,12297.5,23021,,1637.95
Eritrea,ERI,2010,,,2480,12350,23300,,1687.25
Eritrea,ERI,2011,,,2534,12422.5,23800,,1725.5
Eritrea,ERI,2012,,,2535,12501,24000,,1742.5
Eritrea,ERI,2013,,,2600,12620,22584.59,,1791.98
Eritrea,ERI,2014,,,2601.54,12594.53,21788.11,,1758.34
Eritrea,ERI,2015,,,2810.21,12701.37,21810.94,,1508.6
Eritrea,ERI,2016,,,3044.4,12773.08,22168.07,,1333.29
Eritrea,ERI,2017,,,3235.51,12858.54,22862.76,,1559.71
Eritrea,ERI,2018,,,3258.67,12945.76,23348.48,,1341.79
Eritrea,ERI,2019,,,3271.96,12993.66,23410.59,,1301.34
Eritrea,ERI,2020,,,3303.01,13039.55,23650.54,,1084.15
Eritrea,ERI,2021,,,3457.47,13178.5,24584.02,,1029.56
Eritrea,ERI,2022,,,3542.26,13153.67,24883.1,,996.36
Eritrea,ERI,2023,,,3627.89,13185.49,25233.55,,952.24
Eritrea,ERI,2024,,,3714.61,13216.69,25584.96,,910.22
Estonia,EST,1992,,,,1846,45362,50135,10259
Estonia,EST,1993,,,,1248,42567,34713,5079
Estonia,EST,1994,,,,1296,31035,30438,6468
Estonia,EST,1995,,,,786,25776,35386,5660
Estonia,EST,1996,,,,509,22114,31650,4265
Estonia,EST,1997,,,,461,18983,29547,4357
Estonia,EST,1998,,,,445.26,19300,32380,7874
Estonia,EST,1999,,,,382.93,21739,31293,7652
Estonia,EST,2000,,,,324.35,15383,30286,7313
Estonia,EST,2001,,,,298.92,14159,33632,9172
Estonia,EST,2002,,,,362.24,16508,39940,11503
Estonia,EST,2003,,,,445.43,13149,39540,14382
Estonia,EST,2004,,,,326,15242,40853,14816
Estonia,EST,2005,,,,348,13431,39521,13778
Estonia,EST,2006,,,,532,14829,41593,12535
Estonia,EST,2007,,,,580,15422,42863,11520
Estonia,EST,2008,,,,864,14277,46200,13180
Estonia,EST,2009,,,,778,14172,46118,14882
Estonia,EST,2010,,,,666,12926,45783,15997
Estonia,EST,2011,,,,620,12187,50226,17532
Estonia,EST,2012,,,,573,12275,48800,16530
Estonia,EST,2013,,,,514,11481,49500,18118
Estonia,EST,2014,,,,509,9800,41400,19449
Estonia,EST,2015,,,,516,12600,50100,19730
Estonia,EST,2016,,,,715,14800,42700,19700
Estonia,EST,2017,,,,615,11900,38400,20400
Estonia,EST,2018,,,,390,9760,43440,19300
Estonia,EST,2019,,,,510,9250,45290,20288
Estonia,EST,2020,,,,380,9580,45040,22300
Estonia,EST,2021,,,,350,9950,44150,23300
Estonia,EST,2022,,,,280,8770,43230,23100
Estonia,EST,2023,,,,280,7950,39470,22900
Estonia,EST,2024,,,,230,7720,41580,22237
Eswatini,SWZ,1961,,,,1710,9689,450,290
Eswatini,SWZ,1962,,,,1800,10966,400,300
Eswatini,SWZ,1963,,,,1710,10976,350,310
Eswatini,SWZ,1964,,,,1800,11200,375,320
Eswatini,SWZ,1965,,,,1800,11200,275,330
Eswatini,SWZ,1966,,,,1764,11400,325,340
Eswatini,SWZ,1967,,,,1890,11400,435,350
Eswatini,SWZ,1968,,,,1782,11400,450,360
Eswatini,SWZ,1969,,,,2250,11500,475,370
Eswatini,SWZ,1970,,,,2340,12000,460,380
Eswatini,SWZ,1971,,,,2430,11890,450,410
Eswatini,SWZ,1972,,,,2340,13660,575,399
Eswatini,SWZ,1973,,,,2412,12956,625,443
Eswatini,SWZ,1974,,,,2520,12000,650,500
Eswatini,SWZ,1975,,,,2754,12000,725,550
Eswatini,SWZ,1976,,,,2574,14500,750,600
Eswatini,SWZ,1977,,,,2592,13000,815,600
Eswatini,SWZ,1978,,,,2700,15000,650,625
Eswatini,SWZ,1979,,,,2718,17000,750,675
Eswatini,SWZ,1980,,,,2844,16500,600,640
Eswatini,SWZ,1981,,,,2934,14300,750,800
Eswatini,SWZ,1982,,,,3078,15000,650,800
Eswatini,SWZ,1983,,,,3240,16000,650,800
Eswatini,SWZ,1984,,,,2934,12500,750,800
Eswatini,SWZ,1985,,,,2628,14300,650,810
Eswatini,SWZ,1986,,,,3024,15000,750,815
Eswatini,SWZ,1987,,,,3132,15900,850,820
Eswatini,SWZ,1988,,,,2700,11500,900,980
Eswatini,SWZ,1989,,,,2907,12000,800,1150
Eswatini,SWZ,1990,,,,2181.6,10786,925,1160
Eswatini,SWZ,1991,,,,2356.2,12863,1045,1170
Eswatini,SWZ,1992,,,,2934,13777,1165,1180
Eswatini,SWZ,1993,,,,3015,15289,1120,1130
Eswatini,SWZ,1994,,,,3069,13500,1110,1070
Eswatini,SWZ,1995,,,,3132,14040,1090,1160
Eswatini,SWZ,1996,,,,3177,13250,1132.5,1180
Eswatini,SWZ,1997,,,,2640.37,13600,1250,1354.88
Eswatini,SWZ,1998,,,,2543.29,14400,1167.5,1422.22
Eswatini,SWZ,1999,,,,2449.13,13800,1315,1496.39
Eswatini,SWZ,2000,,,,3123,17600,1245,1576.22
Eswatini,SWZ,2001,,,,3098.21,8018,1132.5,1660.49
Eswatini,SWZ,2002,,,,2611.36,12500,1225,1747.91
Eswatini,SWZ,2003,,,,2070.02,12900,1550,1837.14
Eswatini,SWZ,2004,,,,2518.25,15000,1350,1926.8
Eswatini,SWZ,2005,,,,2339.64,14300,1390,2041.45
Eswatini,SWZ,2006,,,,2249.3,15000,1500,2126.78
Eswatini,SWZ,2007,,,,2482.78,15000,1575,2620.77
Eswatini,SWZ,2008,,,,2640.11,15200,1150,2650.81
Eswatini,SWZ,2009,,,,3181.34,15400,1150,2672.96
Eswatini,SWZ,2010,,,,3230.62,15850,1200,2685.66
Eswatini,SWZ,2011,,,,3249.15,16450,1250,2687.35
Eswatini,SWZ,2012,,,,3259.74,17000,1275,2676.53
Eswatini,SWZ,2013,,,,3074.12,16310.25,1310,2651.88
Eswatini,SWZ,2014,,,,2954.74,16153.31,1359.05,2612.62
Eswatini,SWZ,2015,,,,2942.41,15484.24,1506.68,3451.01
Eswatini,SWZ,2016,,,,3320.93,13979.74,1713.49,1718.83
Eswatini,SWZ,2017,,,,3201.5,13511.51,1553.77,2225.86
Eswatini,SWZ,2018,,,,3168.23,13324.32,1672.29,2567.67
Eswatini,SWZ,2019,,,,3260.78,14097.62,1918.23,2937.87
Eswatini,SWZ,2020,,,,3369.93,14665.25,2044.83,2864.3
Eswatini,SWZ,2021,,,,3353.79,14924.94,2380.74,2822.41
Eswatini,SWZ,2022,,,,3353.99,15202.44,2108.6,2789.05
Eswatini,SWZ,2023,,,,3353.36,16767.93,1963.8,2824.74
Eswatini,SWZ,2024,,,,3356.38,17957.1,2108.67,2860.67
Ethiopia,ETH,1993,74158.27,,5000,60640,238447.98,1150,36000
Ethiopia,ETH,1994,74369.21,,6000,60658,237802.02,1150,36000
Ethiopia,ETH,1995,74529.36,,7500,60663,235000,1210,35970
Ethiopia,ETH,1996,74502.16,,8000,61060,267000,1265,36170
Ethiopia,ETH,1997,73266.24,,8500,61371,270000,1320,36300
Ethiopia,ETH,1998,73396.86,,9000,64140,274000,1380,36960
Ethiopia,ETH,1999,70039.88,,10000,63300,290000,1440,37240
Ethiopia,ETH,2000,70813.68,,11050,61560,294000,1440,37600
Ethiopia,ETH,2001,71671.09,,13260,66376,303500,1495,49840
Ethiopia,ETH,2002,72640.82,,13430,80445,352500,1495,54064
Ethiopia,ETH,2003,73767.26,,13600,88865,338250,1615,50160
Ethiopia,ETH,2004,75000,,13940,104589,336000,1615,47096
Ethiopia,ETH,2005,77000,,13260,116680,350260,1665,42560
Ethiopia,ETH,2006,79000,,12750,134000,374000,1665,45200
Ethiopia,ETH,2007,81000,,17680,149600,363000,1665,46240
Ethiopia,ETH,2008,83000,,28900,146100,380000,1665,48589
Ethiopia,ETH,2009,83792.45,,22490,150450,355000,1725,50400
Ethiopia,ETH,2010,84448.65,,31450,152300,419999.97,1780,59200
Ethiopia,ETH,2011,85000,,28050,153000,410000,1840,53920
Ethiopia,ETH,2012,85000,,28050,157500,338150,1875,60480
Ethiopia,ETH,2013,85000,,28050,161450,340750,1875,61840
Ethiopia,ETH,2014,85094.91,,28050,173288.61,378944.25,1944.25,68809.48
Ethiopia,ETH,2015,88109.94,,28050,178882.31,387804.8,1999.19,73271.89
Ethiopia,ETH,2016,89870.45,,28050,184446.6,387928.28,2038.19,71930.92
Ethiopia,ETH,2017,91504.88,,29000,188818.27,396041.62,2135.72,67382.55
Ethiopia,ETH,2018,93054.26,,34536.42,208755.1,399998.06,2236.29,71091.56
Ethiopia,ETH,2019,94507.91,,38289.86,264309.94,419292.66,2324.42,58273.34
Ethiopia,ETH,2020,95962.1,,33267.74,274529.6,442176.53,2427.47,67478.8
Ethiopia,ETH,2021,95845.97,,38105.18,271846.66,422778.47,2416.48,62991.42
Ethiopia,ETH,2022,97128.06,,37578.64,252868.67,405990.25,2472.84,48846.3
Ethiopia,ETH,2023,96351.48,,37471.85,241899.53,418983.4,2532.23,57774.88
Ethiopia,ETH,2024,97349.64,,37277.14,285391.3,428612.34,2592.32,61261.18
Ethiopia (former),OWID_ERE,1961,23000,,8928,136500,218000,590,42900
Ethiopia (former),OWID_ERE,1962,24000,,8976,145391,220000,595,44000
Ethiopia (former),OWID_ERE,1963,25000,,9036,138811,220000,500,43400
Ethiopia (former),OWID_ERE,1964,26000,,9072,142710,221000,550,44500
Ethiopia (former),OWID_ERE,1965,27000,,9132,143287,227000,572,45600
Ethiopia (former),OWID_ERE,1966,28000,,9192,144500,235000,600,46700
Ethiopia (former),OWID_ERE,1967,29000,,9252,143500,240000,630,47800
Ethiopia (former),OWID_ERE,1968,30000,,9302.4,141900,247700,660,49400
Ethiopia (former),OWID_ERE,1969,31000,,9420,140300,256100,695,51600
Ethiopia (former),OWID_ERE,1970,32000,,9468,139300,267300,725,53700
Ethiopia (former),OWID_ERE,1971,33000,,9504,135424,205800,760,55900
Ethiopia (former),OWID_ERE,1972,34000,,9552,135300,205000,796,56900
Ethiopia (former),OWID_ERE,1973,37000,,9600,135900,208300,790,55650
Ethiopia (former),OWID_ERE,1974,40000,,9648,117500,220200,760,54950
Ethiopia (former),OWID_ERE,1975,44000,,9720,124100,195600,712,55300
Ethiopia (former),OWID_ERE,1976,42000,,9792,130900,204400,738,56350
Ethiopia (former),OWID_ERE,1977,46000,,9684,131190,209000,845,61500
Ethiopia (former),OWID_ERE,1978,48000,,9907.2,132000,212100,905,66400
Ethiopia (former),OWID_ERE,1979,50000,,10010.4,137100,212700,930,67200
Ethiopia (former),OWID_ERE,1980,52000,,10113.6,141210,213500,975,67840
Ethiopia (former),OWID_ERE,1981,54000,,10216.8,143220,214400,985,68480
Ethiopia (former),OWID_ERE,1982,56000,,10320,147190,215160,995,69120
Ethiopia (former),OWID_ERE,1983,58000,,10423.2,149040,220300,1100,69760
Ethiopia (former),OWID_ERE,1984,60000,,10526.4,149600,197900,1045,70400
Ethiopia (former),OWID_ERE,1985,62000,,10423.2,149200,216000,950,71040
Ethiopia (former),OWID_ERE,1986,64000,,10320,146550,310000,1020,72000
Ethiopia (former),OWID_ERE,1987,66000,,10526.4,145900,206010,975,72320
Ethiopia (former),OWID_ERE,1988,68000,,10629.6,146400,206010,975,75240
Ethiopia (former),OWID_ERE,1989,70000,,10732.8,149100,237100,1015,75240
Ethiopia (former),OWID_ERE,1990,72000,,10836,148300,245000,1050,76300
Ethiopia (former),OWID_ERE,1991,74000,,10939,148850,245000,1100,76560
Ethiopia (former),OWID_ERE,1992,27630,,11042,149180,244000,1150,77200
Europe,OWID_EUR,1961,57959,287784,,1958794,9481988,14002798,2863066.5
Europe,OWID_EUR,1962,57889,264745,,2030666,10361289,14456197,3034803.8
Europe,OWID_EUR,1963,56488,254453,,2041579,10883282,14622051,3228725.8
Europe,OWID_EUR,1964,57917,255929,,2004576,10425329,13841625,3308140.5
Europe,OWID_EUR,1965,58608,237140,,1978127,10717488,16071338,3595937.8
Europe,OWID_EUR,1966,58516,213984,,1944594.8,11765353,16213340,3748812.2
Europe,OWID_EUR,1967,59634,193715,,2053304.9,13033344,16522098,3973450.2
Europe,OWID_EUR,1968,60661,195260,,2034993.8,13788366,16819802,4199195
Europe,OWID_EUR,1969,63322,206226,,1948096.5,13896914,16642664,4568845
Europe,OWID_EUR,1970,62620,204284,,2022060.9,14002650,17596952,5205676
Europe,OWID_EUR,1971,63080,194001,,2015426,14222971,19279442,5523019.5
Europe,OWID_EUR,1972,67473,180079,,1951293.9,13789462,20114416,5949540.5
Europe,OWID_EUR,1973,69408,153033,,2013809.4,14240603,19995968,6393819
Europe,OWID_EUR,1974,70241,148308,,2082954.8,16129003,21347566,6648567.5
Europe,OWID_EUR,1975,70178,157878,,2094552.6,16403734,21611472,6902549.5
Europe,OWID_EUR,1976,73000,169517,,2005554.6,16386529,20052428,7173876
Europe,OWID_EUR,1977,81434,175622,,2006332.5,16570621,21473918,7778858.5
Europe,OWID_EUR,1978,81500,172888,,2051047.4,16813112,22794842,8243063.5
Europe,OWID_EUR,1979,88804,182151,,2014861.6,17226676,23526820,8655429
Europe,OWID_EUR,1980,91139,170802,,2114318.8,17098802,23826360,8991933
Europe,OWID_EUR,1981,93952,148154,,2082726.4,16677193,23730154,9467512
Europe,OWID_EUR,1982,101619,128893,,2087186.1,16555335,23762512,9640920
Europe,OWID_EUR,1983,100827,136135,,2148908,17141456,24673196,9697763
Europe,OWID_EUR,1984,101246,144116.2,,2204492.2,18004428,25241484,9824504
Europe,OWID_EUR,1985,104167,151131.7,,2210339.5,18173764,25375596,10072658
Europe,OWID_EUR,1986,96490,131652.7,,2248125.2,18724156,25954642,10532672
Europe,OWID_EUR,1987,96083,126749.7,,2292334.5,19227446,26732096,11010384
Europe,OWID_EUR,1988,97130,115648.7,,2404660,18911910,27630672,11333238
Europe,OWID_EUR,1989,99864,110303.1,,2473668,18881344,27479174,11345236
Europe,OWID_EUR,1990,96911,118405,,2568287,19751176,27542930,11589635
Europe,OWID_EUR,1991,104837.42,108852,,2473014.5,19429802,26143652,11843848
Europe,OWID_EUR,1992,105956,177943,312.75,1900561.4,16718569,24801888,11167396
Europe,OWID_EUR,1993,100933.22,172493,320.82,1912876.2,15246236,24567194,11081411
Europe,OWID_EUR,1994,98538.93,165147,322.61,1833803.2,14491119,23700836,11193186
Europe,OWID_EUR,1995,158316.17,163888,324.37,1755973.1,13618320,23628320,11363959
Europe,OWID_EUR,1996,158493.72,166313,332.26,1703570.2,13274044,23876600,11703397
Europe,OWID_EUR,1997,155146.1,180211,342.68,1601037.4,12823697,23236250,11956969
Europe,OWID_EUR,1998,158694.64,175712,327.37,1615855.5,12269359,24608656,12430002
Europe,OWID_EUR,1999,159915.17,163444,300,1592509.9,11843701,25077686,12107968
Europe,OWID_EUR,2000,161739.36,166661,308,1588667.4,11775494,25335204,11893592
Europe,OWID_EUR,2001,144355.34,182053.72,250,1418445.4,11421542,24721686,12543745
Europe,OWID_EUR,2002,138710.84,157713,200,1444085,11672933,25312668,13123003
Europe,OWID_EUR,2003,127821.02,150771,216,1441262.9,11657131,25734844,12634021
Europe,OWID_EUR,2004,129063.72,159399,268,1471745,11535547,25195100,12982596
Europe,OWID_EUR,2005,129443.37,142108,194,1470575.9,11198848,25165276,13441372
Europe,OWID_EUR,2006,130141.54,141790.7,188,1451268.8,11083368,25146924,13330121
Europe,OWID_EUR,2007,138400.31,120619,157,1448929.4,11122611,26453664,14191043
Europe,OWID_EUR,2008,141118.11,122787.48,172,1379830.2,11023603,26488046,14376760
Europe,OWID_EUR,2009,141236.28,125695.84,89,1341397,10907126,26109522,15468564
Europe,OWID_EUR,2010,140016.64,129437.21,164,1308441.9,11031895,27091862,16253019
Europe,OWID_EUR,2011,139514.5,127565.1,103,1320371.5,10774578,27585710,16962918
Europe,OWID_EUR,2012,137697.83,134058.28,134,1291538.5,10447560,27321468,18010144
Europe,OWID_EUR,2013,135757.75,126483.13,200,1284575.1,10164257,27336590,18346178
Europe,OWID_EUR,2014,130484.24,118399.49,175,1235793.9,10194158,27478472,19126856
Europe,OWID_EUR,2015,117940.15,117367.84,193,1249298.4,10443930,28465784,19817726
Europe,OWID_EUR,2016,126509.93,118105.836,178,1256254.2,10571442,29146684,20467644
Europe,OWID_EUR,2017,123955.516,105065.67,179,1257514.8,10500337,29172534,20830868
Europe,OWID_EUR,2018,13273.6,91243.35,137,1227001.2,10685110,29714524,21765538
Europe,OWID_EUR,2019,13539.29,88731.7,143.45,1233428.4,10591214,29742290,22200906
Europe,OWID_EUR,2020,14152.311,75108.01,131,1194391.1,10537414,30302302,21898968
Europe,OWID_EUR,2021,14263.4,72132.35,115,1189746.6,10506291,30809448,21955130
Europe,OWID_EUR,2022,13930.09,70907.85,114,1200763.1,10268972,29601820,22363328
Europe,OWID_EUR,2023,13010.74,71977.7,117,1143713.4,10039221,28191716,22776068
Europe,OWID_EUR,2024,13058.391,71929.95,116.41,1068932.2,10304133,28904014,23388790
Europe (FAO),,1961,67567,304690,,1958213,9691644,14248115,2931671.5
Europe (FAO),,1962,67337,279763,,2029801,10580830,14726759,3113443.2
Europe (FAO),,1963,65952,267202,,2040438,11120428,14867994,3307923.8
Europe (FAO),,1964,67515,268353,,2003925,10638523,14081484,3391782.5
Europe (FAO),,1965,68182,249154,,1978879,10927403,16345555,3684641.8
Europe (FAO),,1966,67993,223230,,1943162.8,11992317,16512277,3841256.2
Europe (FAO),,1967,69236,201330,,2052211.9,13270624,16859796,4069731.2
Europe (FAO),,1968,70263,204370,,2033362.8,14028429,17189916,4297449.5
Europe (FAO),,1969,72927,216564,,1951056.5,14146611,17016154,4667960
Europe (FAO),,1970,72430,214218,,2021350.9,14265064,18059196,5314983
Europe (FAO),,1971,72983,202338,,2011462,14493143,19772732,5631481
Europe (FAO),,1972,77227,186831,,1945344.9,14050546,20641874,6055587.5
Europe (FAO),,1973,78481,158163,,2006461.4,14502955,20568414,6506993.5
Europe (FAO),,1974,79838,153676,,2079620.8,16441846,21952174,6767313
Europe (FAO),,1975,79059,163528,,2094966.6,16708700,22178760,7020039
Europe (FAO),,1976,82284,175729,,2005289.6,16675478,20613336,7292014
Europe (FAO),,1977,90430,182406,,2006046.5,16850770,22046032,7899448.5
Europe (FAO),,1978,91050,179290,,2049535.4,17087238,23410910,8354108.5
Europe (FAO),,1979,97883,188452,,2014856.6,17513632,24168618,8775729
Europe (FAO),,1980,101897,177112,,2114464.8,17407554,24479996,9115044
Europe (FAO),,1981,106183,154448,,2083017.4,16992944,24392490,9590034
Europe (FAO),,1982,116667,133951,,2087888.1,16835736,24423180,9776536
Europe (FAO),,1983,117192,141283,,2150553,17429866,25359028,9828082
Europe (FAO),,1984,117395,150397.2,,2206040.2,18321212,25952564,9954387
Europe (FAO),,1985,122508,156793.7,,2210653.5,18497248,26077444,10191797
Europe (FAO),,1986,115495,135843.7,,2248179.2,19046840,26678218,10685835
Europe (FAO),,1987,116470,130578.7,,2290268.5,19549360,27494758,11167776
Europe (FAO),,1988,119119,119051.7,,2402898,19224470,28416602,11497058
Europe (FAO),,1989,123381,112994.1,,2472712,19182686,28279760,11502982
Europe (FAO),,1990,123183,121060,,2567640,20069690,28295562,11757540
Europe (FAO),,1991,132155.42,111692,,2474211.5,19806656,27026762,12022842
Europe (FAO),,1992,132306,180366,312.75,1899728.4,17073370,25719440,11368883
Europe (FAO),,1993,128217.22,175369,320.82,1909868.2,15615309,25528800,11298411
Europe (FAO),,1994,125733.94,168475,322.61,1831803.2,14841953,24677656,11437089
Europe (FAO),,1995,186052.17,166964,324.37,1753031.1,13969918,24628532,11649925
Europe (FAO),,1996,184969.72,169813,332.26,1700563.2,13630656,24900800,12009968
Europe (FAO),,1997,179929.1,184730,342.68,1597257.4,13157897,24223200,12260553
Europe (FAO),,1998,186632.64,180605,327.37,1610173.5,12568759,25646656,12772476
Europe (FAO),,1999,185271.17,168243,300,1586259.9,12120951,26033236,12442179
Europe (FAO),,2000,161314.34,166661,308,1578147.4,11771044,25282954,11861033
Europe (FAO),,2001,143821.33,182053.72,250,1407455.4,11417642,24670986,12509609
Europe (FAO),,2002,138442.84,157713,200,1431505,11669133,25260868,13087880
Europe (FAO),,2003,127326.02,150771,216,1433201.8,11653128,25680530,12600610
Europe (FAO),,2004,128418.71,159399,268,1464755,11531743,25139886,12949814
Europe (FAO),,2005,129003.38,142108,194,1463630.9,11194666,25110592,13407820
Europe (FAO),,2006,129905.54,141790.7,188,1444093.8,11079365,25094412,13302848
Europe (FAO),,2007,138064.31,120619,157,1441823.4,11118691,26398686,14161901
Europe (FAO),,2008,140826.1,122787.48,172,1372619.2,11019355,26428874,14347354
Europe (FAO),,2009,140947.27,125695.84,89,1335911,10902621,26051420,15440832
Europe (FAO),,2010,139543.66,129437.21,164,1303599,11027416,27034804,16224873
Europe (FAO),,2011,138966.5,127565.1,103,1315446.5,10769751,27530498,16935490
Europe (FAO),,2012,137224.83,134058.3,134,1285806.5,10442247,27269746,17984550
Europe (FAO),,2013,135356.75,126483.13,200,1279281.2,10159695,27287926,18323906
Europe (FAO),,2014,130011.24,118399.5,175,1230588.9,10189585,27435854,19104934
Europe (FAO),,2015,117458.69,117367.84,193,1243849.4,10438977,28422010,19793550
Europe (FAO),,2016,125918.94,118105.83,178,1251301.4,10566488,29102786,20443380
Europe (FAO),,2017,123628.52,105065.66,179,1252257.9,10495236,29129390,20805340
Europe (FAO),,2018,13273.6,101099.3,137,1221381.2,10679830,29672724,21740118
Europe (FAO),,2019,13539.29,99927.75,143.45,1227998.4,10585604,29698940,22174056
Europe (FAO),,2020,14152.31,101287.56,131,1189741.1,10532774,30259912,22401834
Europe (FAO),,2021,14263.4,97011.11,115,1184596.6,10500391,30765738,21987372
Europe (FAO),,2022,13930.09,94402.98,114,1195153.1,10263482,29561500,22387800
Europe (FAO),,2023,13010.74,95385.68,117,1138953.4,10034161,28154406,22803828
Europe (FAO),,2024,13058.39,95728.19,116.41,1064622.2,10298493,28868674,23559760
European Union (27),OWID_EU27,1961,58687,279828,,589075,5389960,8701334,1671526.1
European Union (27),OWID_EU27,1962,57457,259166,,609587,5753418,8859259,1837048.2
European Union (27),OWID_EU27,1963,56072,250129,,585351,5826238,8714947,2044621.2
European Union (27),OWID_EU27,1964,57635,253644,,609512,5597982,9196353,2287990.8
European Union (27),OWID_EU27,1965,58302,237223,,629240,5567706,9858823,2464580
European Union (27),OWID_EU27,1966,58118,211614,,645885,6082811,9940126,2510265.5
European Union (27),OWID_EU27,1967,59261,189450,,659585,6548404,10318823,2667239
European Union (27),OWID_EU27,1968,59388,192529,,653178,6823543,10912442,2748774.5
European Union (27),OWID_EU27,1969,61952,204397,,676095,6937554,10749292,3029084.5
European Union (27),OWID_EU27,1970,63655,203677,,699773,7174478,11208873,3404283.5
European Union (27),OWID_EU27,1971,64013,192847,,712583,7220610,11999004,3581704.8
European Union (27),OWID_EU27,1972,65207,177098,,710424,6665558,12678095,3875324.2
European Union (27),OWID_EU27,1973,66311,150255,,727931,6951826,13029311,4239813.5
European Union (27),OWID_EU27,1974,67438,146190,,758826,8073998,13810367,4356108
European Union (27),OWID_EU27,1975,67214,155348,,755094,8097672,13924873,4517090
European Union (27),OWID_EU27,1976,69519,166059,,772251,8151722,13884739,4811195.5
European Union (27),OWID_EU27,1977,75965,170442,,782322,8013912,14387361,5080650.5
European Union (27),OWID_EU27,1978,75776,169112,,788726,8030517,15266453,5278034
European Union (27),OWID_EU27,1979,82412,163293,,806792,8495232,16045711,5522403.5
European Union (27),OWID_EU27,1980,85964,155732,,878388,8686486,16428566,5742668.5
European Union (27),OWID_EU27,1981,89692,133147,,865752,8381864,16237893,6098499.5
European Union (27),OWID_EU27,1982,99883,121696,,891431,8281075,16280776,6060365.5
European Union (27),OWID_EU27,1983,100918,129723,,909638,8408948,16626954,5959461
European Union (27),OWID_EU27,1984,98614,139600,,936983,8918482,16997436,5945881.5
European Union (27),OWID_EU27,1985,103519,147477,,960848,8941651,17220758,5999757
European Union (27),OWID_EU27,1986,96850,127648,,946134,9153971,17648110,6218646
European Union (27),OWID_EU27,1987,97068,123339,,973900,9155917,18103100,6479430
European Union (27),OWID_EU27,1988,98203,112899,,957329,8707751,18681566,6648528
European Union (27),OWID_EU27,1989,105651,107010,,989172,8437096,18533398,6670786.5
European Union (27),OWID_EU27,1990,106563,103938,,1068897,9229186,18635572,6905051
European Union (27),OWID_EU27,1991,110950.42,94525,,1063887,9597873,18176582,7388057
European Union (27),OWID_EU27,1992,116254,99140,,1032401.5,9419507,18535700,7646072
European Union (27),OWID_EU27,1993,111201.22,96701,,1021227.9,8982784,19818068,8011914.5
European Union (27),OWID_EU27,1994,110324.2,96880,,976224.9,8299393,19381246,8434623
European Union (27),OWID_EU27,1995,171229.17,90084,,960333.7,8175651.5,19631764,8839051
European Union (27),OWID_EU27,1996,170566.72,89636,,967379.9,8390412,20087170,9334562
European Union (27),OWID_EU27,1997,165298.7,93260,,939857,8354364.5,19583570,9607146
European Union (27),OWID_EU27,1998,172055.64,90394,,948045.06,8027140,21018468,10031989
European Union (27),OWID_EU27,1999,170043.17,91017,,951102.5,8016868,21512400,9646857
European Union (27),OWID_EU27,2000,146375.02,96626,,954047,7712438,20840288,9056588
European Union (27),OWID_EU27,2001,129126.58,109515.72,,907322.1,7557651,20558198,9489891
European Union (27),OWID_EU27,2002,123363.66,84035,,893741.6,7609525.5,20997322,9917354
European Union (27),OWID_EU27,2003,112533.35,76858,,893836.44,7548606,21360004,9285029
European Union (27),OWID_EU27,2004,113959.93,79563,,896947.56,7551434,20989776,9429479
European Union (27),OWID_EU27,2005,114293.5,65380,,871314.44,7342641,21090218,9535143
European Union (27),OWID_EU27,2006,116165.49,71279.7,,848255.2,7268057,21178048,9131741
European Union (27),OWID_EU27,2007,124199.1,57594,,834619.9,7303678.5,22030926,9732794
European Union (27),OWID_EU27,2008,126582.69,56208.65,,759366.2,7231370,22047382,9601519
European Union (27),OWID_EU27,2009,126989.67,56100,,728474.3,7156011,21601828,10212902
European Union (27),OWID_EU27,2010,125396.83,55850,,717916,7248066,22218338,10517403
European Union (27),OWID_EU27,2011,125098.5,59259.76,,710549.44,7122192.5,22456086,10791106
European Union (27),OWID_EU27,2012,123900.23,65976.8,,706221.1,6850678.5,22011884,11243441
European Union (27),OWID_EU27,2013,121891.21,57683.25,,679147.44,6564359,21697762,11244942
European Union (27),OWID_EU27,2014,116820.09,48368.85,,613379.06,6588130.5,21745582,11685421
European Union (27),OWID_EU27,2015,104473.83,51292.94,,618763.9,6817372,22569122,11972496
European Union (27),OWID_EU27,2016,113364.13,51757.75,,623191.7,6989166,22945890,12348457
European Union (27),OWID_EU27,2017,110190.61,43878.92,,613615.6,6982964.5,22824294,12310176
European Union (27),OWID_EU27,2018,,40148.88,,579650,7090503,23155520,13079539
European Union (27),OWID_EU27,2019,,38501.06,,585040,6986326,22996180,13296624
European Union (27),OWID_EU27,2020,,38232.54,,568280,6925015.5,23218640,13454821
European Union (27),OWID_EU27,2021,,35512.16,,577490,6904183.5,23614670,13063214
European Union (27),OWID_EU27,2022,,34592.34,,586370,6744406,22277120,12870288
European Union (27),OWID_EU27,2023,,34156.18,,537470,6481063,20829060,13206837
European Union (27),OWID_EU27,2024,,33777.24,,490870,6674329.5,21255930,13884925
Faroe Islands,FRO,1961,,,,0,0,,
Faroe Islands,FRO,1962,,,,0,0,,
Faroe Islands,FRO,1963,,,,0,0,,
Faroe Islands,FRO,1964,,,,0,0,,
Faroe Islands,FRO,1965,,,,0,0,,
Faroe Islands,FRO,1966,,,,503.8,62.16,,
Faroe Islands,FRO,1967,,,,493.9,59.4,,
Faroe Islands,FRO,1968,,,,492.8,59.64,,
Faroe Islands,FRO,1969,,,,477.49,60.12,,
Faroe Islands,FRO,1970,,,,413.93,61.32,,
Faroe Islands,FRO,1971,,,,473.94,61.2,,
Faroe Islands,FRO,1972,,,,504.85,56.88,,
Faroe Islands,FRO,1973,,,,505.42,54.96,,
Faroe Islands,FRO,1974,,,,519.79,60,,
Faroe Islands,FRO,1975,,,,516.65,64.92,,
Faroe Islands,FRO,1976,,,,510.64,69.96,,
Faroe Islands,FRO,1977,,,,504.5,69.96,,
Faroe Islands,FRO,1978,,,,339.38,70.8,,
Faroe Islands,FRO,1979,,,,477.64,70.8,,
Faroe Islands,FRO,1980,,,,477.64,70.8,,
Faroe Islands,FRO,1981,,,,496.34,70.8,,
Faroe Islands,FRO,1982,,,,501.08,70.8,,
Faroe Islands,FRO,1983,,,,450.08,72.12,,
Faroe Islands,FRO,1984,,,,479.26,72.84,,
Faroe Islands,FRO,1985,,,,483.42,73.44,,
Faroe Islands,FRO,1986,,,,490.21,73.68,,
Faroe Islands,FRO,1987,,,,503.55,74.16,,
Faroe Islands,FRO,1988,,,,506,74.64,,
Faroe Islands,FRO,1989,,,,506,75.12,,
Faroe Islands,FRO,1990,,,,506,75.72,,
Faroe Islands,FRO,1991,,,,513.48,76.2,,
Faroe Islands,FRO,1992,,,,515.9,76.68,,
Faroe Islands,FRO,1993,,,,521.4,81.49,,
Faroe Islands,FRO,1994,,,,521.4,88.65,,
Faroe Islands,FRO,1995,,,,521.4,89.82,,
Faroe Islands,FRO,1996,,,,521.4,87.43,,
Faroe Islands,FRO,1997,,,,521.4,88.61,,
Faroe Islands,FRO,1998,,,,521.4,83.51,,
Faroe Islands,FRO,1999,,,,521.4,84.88,,
Faroe Islands,FRO,2000,,,,521.4,89.11,,
Faroe Islands,FRO,2001,,,,521.4,91.18,,
Faroe Islands,FRO,2002,,,,521.4,92.57,,
Faroe Islands,FRO,2003,,,,521.4,92.87,,
Faroe Islands,FRO,2004,,,,521.4,91.05,,
Faroe Islands,FRO,2005,,,,521.4,83.26,,
Faroe Islands,FRO,2006,,,,515,81,,
Faroe Islands,FRO,2007,,,,530,78,,
Faroe Islands,FRO,2008,,,,528,78,,
Faroe Islands,FRO,2009,,,,528,78,,
Faroe Islands,FRO,2010,,,,528,78,,
Faroe Islands,FRO,2011,,,,528,96,,
Faroe Islands,FRO,2012,,,,528,96,,
Faroe Islands,FRO,2013,,,,550,96,,
Faroe Islands,FRO,2014,,,,550.07,45,,
Faroe Islands,FRO,2015,,,,555.78,57,,
Faroe Islands,FRO,2016,,,,568.11,45,,
Faroe Islands,FRO,2017,,,,575.2,52,,
Faroe Islands,FRO,2018,,,,582.78,65,,
Faroe Islands,FRO,2019,,,,590.34,50,,
Faroe Islands,FRO,2020,,,,598.09,69,,
Faroe Islands,FRO,2021,,,,607.1,64,,
Faroe Islands,FRO,2022,,,,615.25,103,,
Faroe Islands,FRO,2023,,,,623.35,84,,
Faroe Islands,FRO,2024,,,,631.46,77,,
Fiji,FJI,1961,,,,450,2728.4,562.5,166.9
Fiji,FJI,1962,,,,450,2798.7,585,179.7
Fiji,FJI,1963,,,,500,2935.5,598.5,194
Fiji,FJI,1964,,,,500,3040,675,218.3
Fiji,FJI,1965,,,,510,2766.4,720,232.6
Fiji,FJI,1966,,,,500,3101.75,787.5,266.9
Fiji,FJI,1967,,,,400,3610,900,305.6
Fiji,FJI,1968,,,,460,4411.8,1012.5,361.9
Fiji,FJI,1969,,,,460,5171.8,1102.5,420.7
Fiji,FJI,1970,,,,365,4930.5,1215,493.5
Fiji,FJI,1971,,,,376,5460.6,1350,537.6
Fiji,FJI,1972,,,,373,4499.2,1440,504.5
Fiji,FJI,1973,,,,372,4611.3,1552.5,947.9
Fiji,FJI,1974,,,,372,4468.8,1687.5,1003.3
Fiji,FJI,1975,,,,371,4750,1755,1066.2
Fiji,FJI,1976,,,,330,5130,1890,1346.1
Fiji,FJI,1977,,,,330,5700,1957.5,1858.5
Fiji,FJI,1978,,,,306,6460,2092.5,2198.4
Fiji,FJI,1979,,,,332,7030,2205,2694.3
Fiji,FJI,1980,,,,451,7600,2295,3028.2
Fiji,FJI,1981,,,,502,8360,2385,3186.1
Fiji,FJI,1982,,,,529,8550,2475,3389.4
Fiji,FJI,1983,,,,565,8740,2565,4250.7
Fiji,FJI,1984,,,,623,8930,2655,3911
Fiji,FJI,1985,,,,641,9120,2745,3737.3
Fiji,FJI,1986,,,,680,9500,2790,3962.3
Fiji,FJI,1987,,,,699,9690,2880,3822.5
Fiji,FJI,1988,,,,691,9880,2970,4128.8
Fiji,FJI,1989,,,,679,10070,3105,5169.8
Fiji,FJI,1990,,,,648,10640,3172.5,5643.5
Fiji,FJI,1991,,,,660,2847,3262.5,6042.5
Fiji,FJI,1992,,,,720,2624,3186,6208.5
Fiji,FJI,1993,,,,655,2430,3397.5,5895
Fiji,FJI,1994,,,,782,2306,3523.5,8300
Fiji,FJI,1995,,,,839,2217,3222,8929
Fiji,FJI,1996,,,,842,2401,3366,9768
Fiji,FJI,1997,,,,867,3279,3854.7,9322
Fiji,FJI,1998,,,,905,3177,3460.14,7945.5
Fiji,FJI,1999,,,,934,2984,4399.02,8431.5
Fiji,FJI,2000,,,,965,2688,4012.14,8283.5
Fiji,FJI,2001,,,,1003,2874,4015.72,8420.5
Fiji,FJI,2002,,,,789,2452,3583.61,10806.5
Fiji,FJI,2003,,,,831,2456,3492.58,12383.5
Fiji,FJI,2004,,,,1174,2233,3407.5,13118.5
Fiji,FJI,2005,,,,945,2252,3326.62,12384.4
Fiji,FJI,2006,,,,971,2255,3249.1,13890.2
Fiji,FJI,2007,,,,996,1958,3174.47,14755.5
Fiji,FJI,2008,,,,1011,1866,3102.39,14778.5
Fiji,FJI,2009,,,,342.8,1719,3084.92,12229.5
Fiji,FJI,2010,,,,290.1,2022.9,3305.39,15269
Fiji,FJI,2011,,,,248,2197,2609.04,21020
Fiji,FJI,2012,,,,274,1613,2515.01,26137.86
Fiji,FJI,2013,,,,353,2272,2422.98,17492.75
Fiji,FJI,2014,,,,304,2800,2332.67,22288.39
Fiji,FJI,2015,,,,158,3591,2244.15,23833.77
Fiji,FJI,2016,,,,157,2032,2156.89,15566.64
Fiji,FJI,2017,,,,268,4207,2070.95,33524.95
Fiji,FJI,2018,,,,314,3587,1986.23,35998.26
Fiji,FJI,2019,,,,277,2794,1902.65,34736.93
Fiji,FJI,2020,,,,286,2507,1982.13,25878.27
Fiji,FJI,2021,,,,332,3989,1167.25,26270.35
Fiji,FJI,2022,,,,421,3706,1420.6,45728.1
Fiji,FJI,2023,,,,736,4575,1086,42821.49
Fiji,FJI,2024,,,,814.7,4159.7,3408.2,46146.02
Finland,FIN,1961,,3800,,2200,68400,61300,6500
Finland,FIN,1962,,3300,,1900,80700,67300,6500
Finland,FIN,1963,,3900,,1600,88500,66700,6900
Finland,FIN,1964,,4800,,1500,98100,66800,6800
Finland,FIN,1965,,5600,,1800,94800,68700,6900
Finland,FIN,1966,,5500,,1200,85100,73300,7000
Finland,FIN,1967,,4800,,1200,91300,90500,7300
Finland,FIN,1968,,4600,,990,88460,85890,6900
Finland,FIN,1969,,4400,,1100,111300,88800,7600
Finland,FIN,1970,,4200,,1300,106000,105500,8600
Finland,FIN,1971,,4100,,1600,109100,131300,8400
Finland,FIN,1972,,3600,,1400,106500,127530,9900
Finland,FIN,1973,,2400,,1060,97300,125070,8300
Finland,FIN,1974,,1680,,1090,118300,125160,8780
Finland,FIN,1975,,1760,,1110,112450,127000,11160
Finland,FIN,1976,,1430,,1060,113600,136000,11700
Finland,FIN,1977,,1300,,1130,106060,140200,12850
Finland,FIN,1978,,1120,,880,105970,154350,11880
Finland,FIN,1979,,920,,930,109940,163920,13700
Finland,FIN,1980,,850,,870,113700,168900,15160
Finland,FIN,1981,,890,,900,122000,180000,16950
Finland,FIN,1982,,780,,1040,116700,184400,16490
Finland,FIN,1983,,750,,1160,118440,185270,18340
Finland,FIN,1984,,780,,1340,124180,170480,19290
Finland,FIN,1985,,910,,1480,126070,172390,20300
Finland,FIN,1986,,830,,1350,124930,174050,21900
Finland,FIN,1987,,850,,1360,127050,181260,26560
Finland,FIN,1988,,620,,1070,114790,174280,27690
Finland,FIN,1989,,650,,990,110430,179530,33240
Finland,FIN,1990,,690,,1090,118160,186970,35990
Finland,FIN,1991,,820,,1060,121670,177030,39750
Finland,FIN,1992,,1083,,1190,117280,176040,39060
Finland,FIN,1993,,1030,,1300,106350,169180,37900
Finland,FIN,1994,,880,,1480,107620,170660,42670
Finland,FIN,1995,,430,,1570,96170,167550,45810
Finland,FIN,1996,,470,,1350,96550,171820,50610
Finland,FIN,1997,,400,,1270,99610,179670,54080
Finland,FIN,1998,,480,,1180,93760,184520,63550
Finland,FIN,1999,,410,,910,90480,181860,70080
Finland,FIN,2000,,390,,750,91430,172790,69950
Finland,FIN,2001,,364,,670,89770,173700,84510
Finland,FIN,2002,,310,,640,90730,184240,94770
Finland,FIN,2003,,193,,590,95820,193220,98040
Finland,FIN,2004,,90,,650,93290,198490,101470
Finland,FIN,2005,,60,,620,86710,203610,100780
Finland,FIN,2006,,250,,650,87150,208270,100250
Finland,FIN,2007,,250,,740,88570,213320,106760
Finland,FIN,2008,,210,,770,81900,217070,110830
Finland,FIN,2009,,230,,760,82050,205810,103500
Finland,FIN,2010,,348,,790,83040,203210,96330
Finland,FIN,2011,,460,,950,83500,201880,101510
Finland,FIN,2012,,487,,950,81180,192940,107410
Finland,FIN,2013,,521,,980,81190,194600,111090
Finland,FIN,2014,,453,,1090,83069,186130,113370
Finland,FIN,2015,,420,,1250,86490,191990,117317
Finland,FIN,2016,,300,,1330,86720,190160,125352
Finland,FIN,2017,,350,,1350,86080,181580,128809
Finland,FIN,2018,,310,,1520,87060,167410,135290
Finland,FIN,2019,,260,,1500,87760,168950,139090
Finland,FIN,2020,,192,,1460,87110,175070,145320
Finland,FIN,2021,,188,,1320,86250,176080,147160
Finland,FIN,2022,,212,,1320,84580,170480,147120
Finland,FIN,2023,,192,,1110,85390,158470,143580
Finland,FIN,2024,,181,,1050,86510,160910,148660
France,FRA,1961,,102000,,105000,1448000,1188000,519700
France,FRA,1962,,101000,,102200,1483000,1275000,538700
France,FRA,1963,,104000,,93000,1454000,1215000,574700
France,FRA,1964,,108000,,99100,1378000,1230000,611700
France,FRA,1965,,103000,,106300,1402000,1320000,635700
France,FRA,1966,,93400,,114100,1475000,1301000,473800
France,FRA,1967,,76800,,116000,1583000,1374000,488250
France,FRA,1968,,74600,,116000,1624000,1401000,492300
France,FRA,1969,,79600,,113600,1552000,1297000,601467
France,FRA,1970,,72800,,116400,1565000,1375000,636475
France,FRA,1971,,65600,,128600,1613000,1491000,651459
France,FRA,1972,,54900,,130850,1456000,1533000,715301
France,FRA,1973,,45600,,128800,1460000,1527000,790840
France,FRA,1974,,45900,,132900,1791000,1546000,820805
France,FRA,1975,,46741,,138400,1745000,1587000,825570
France,FRA,1976,,46945,,154400,1800100,1614000,871157
France,FRA,1977,,46100,,152800,1651900,1648000,905180
France,FRA,1978,,43600,,156000,1657900,1727000,962700
France,FRA,1979,,41000,,168165,1823000,1803000,1033250
France,FRA,1980,,37200,,181600,1838000,1803000,1114300
France,FRA,1981,,30500,,184748,1836200,1720000,1235100
France,FRA,1982,,28400,,194800,1745000,1675000,1329700
France,FRA,1983,,27300,,186600,1812000,1676000,1284000
France,FRA,1984,,28500,,185100,1991000,1684000,1249000
France,FRA,1985,,28000,,188200,1893000,1662000,1271443
France,FRA,1986,,20000,,181600,1911000,1677000,1330940
France,FRA,1987,,20000,,182341,1963000,1729000,1404429
France,FRA,1988,,16450,,176728,1828000,1852000,1450089
France,FRA,1989,,14326,,176082,1673000,1844000,1559139
France,FRA,1990,,13383,,194218,1911747,1726800,1604500
France,FRA,1991,,13999,,177781,2026068,1772700,2248528.8
France,FRA,1992,,12948,,171599,1876800,1903000,2250199
France,FRA,1993,,11700,,167819,1703800,2033900,2470971
France,FRA,1994,,10200,,162152,1626800,2116400,2683344.2
France,FRA,1995,,9900,,160852,1683300,2144000,2810225.2
France,FRA,1996,,11000,,160396,1737000,2161000,3096272.2
France,FRA,1997,,10800,,157625,1720000,2219000,3239633.5
France,FRA,1998,,10400,,156214,1632000,2328000,3247204.8
France,FRA,1999,,9700,,156231,1609000,2353000,2876930.8
France,FRA,2000,,10900,,156790,1527600,2312000,2147673
France,FRA,2001,,12200,,156320,1561442,2315200,2174169
France,FRA,2002,,10200,,153776,1646277,2346000,2045519
France,FRA,2003,,8000,,151712,1632047,2339000,1952921
France,FRA,2004,,6862,,150670,1577971,2292572,1893528
France,FRA,2005,,6258,,150844,1546741,2274000,1885425
France,FRA,2006,,5575,,150190,1486675,2010769,1715163
France,FRA,2007,,5100,,146881.8,1502561.1,2031200,1835453
France,FRA,2008,,4600,,141312.9,1502901.1,2274107.8,1776336.6
France,FRA,2009,,4500,,137470.6,1515808,2261592.5,1725576.1
France,FRA,2010,,4700,,130782,1530257.8,2254687.8,1757257.1
France,FRA,2011,,5000,,126983,1566805.6,2217368,1781761
France,FRA,2012,,5300,,126070,1493864.8,2161653,1766875
France,FRA,2013,,5800,,123438,1400331,2130578,1743070
France,FRA,2014,,5636.12,,122270,1410854,2120315,1808197
France,FRA,2015,,5664.72,,120451.5,1447906,2148452.5,1804992.5
France,FRA,2016,,5673.26,,116340.5,1466098.9,2170418,1784205
France,FRA,2017,,5673.67,,112165.5,1432779.9,2147550,1750584.2
France,FRA,2018,,,,87590,1460000,2181530,1689391
France,FRA,2019,,,,87200,1428460,2200350,1659455
France,FRA,2020,,,,86410,1434590,2201110,1644529
France,FRA,2021,,,,88000,1424320,2203830,1616313
France,FRA,2022,,,,85470,1361310,2152260,1477825.9
France,FRA,2023,,,,78700,1301420,2062460,1506470.9
France,FRA,2024,,,,73790,1298540,2094250,1691268
French Guiana,GUF,1961,,,,8.58,350,250,144.2
French Guiana,GUF,1962,,,,8.58,420,250,154.2
French Guiana,GUF,1963,,,,10.31,325,255,164.2
French Guiana,GUF,1964,,,,12.42,430,260,144.2
French Guiana,GUF,1965,,,,11.1,290,265,164.2
French Guiana,GUF,1966,,,,11.68,450,270,164.2
French Guiana,GUF,1967,,,,11.34,460,260,174.2
French Guiana,GUF,1968,,,,10.74,560,265,174.2
French Guiana,GUF,1969,,,,10.89,410,276,164.2
French Guiana,GUF,1970,,,,10.32,483,275,174.2
French Guiana,GUF,1971,,,,11.02,340,286,195.6
French Guiana,GUF,1972,,,,10.76,350,279,235.6
French Guiana,GUF,1973,,,,11.8,430,280,255.6
French Guiana,GUF,1974,,,,11.44,225,240,215.6
French Guiana,GUF,1975,,,,12.86,60,245,355.6
French Guiana,GUF,1976,,,,12.48,60,220,357
French Guiana,GUF,1977,,,,12.24,205,320,461.2
French Guiana,GUF,1978,,,,12.48,235,380,551.2
French Guiana,GUF,1979,,,,13.87,340,400,455.4
French Guiana,GUF,1980,,,,13.69,480,460,430.4
French Guiana,GUF,1981,,,,13.98,460,530,418.2
French Guiana,GUF,1982,,,,14.66,420,907,418.2
French Guiana,GUF,1983,,,,15.1,510,1050,358.2
French Guiana,GUF,1984,,,,15.25,380,1105,422.4
French Guiana,GUF,1985,,,,15.93,460,1196,418
French Guiana,GUF,1986,,,,16.9,540,1016,453.6
French Guiana,GUF,1987,,,,16.96,540,807,468.2
French Guiana,GUF,1988,,,,17.16,510,833,560.2
French Guiana,GUF,1989,,,,18.28,550,671,569.2
French Guiana,GUF,1990,,,,19.1,570,900,456.2
French Guiana,GUF,1991,,,,18,520,833,706
French Guiana,GUF,1992,,,,22,450,774,615
French Guiana,GUF,1993,,,,19,385,929,452
French Guiana,GUF,1994,,,,22,350,774,550
French Guiana,GUF,1995,,,,29,320,1130,570
French Guiana,GUF,1996,,,,29,360,1140,561
French Guiana,GUF,1997,,,,28,359,1140,605
French Guiana,GUF,1998,,,,28,335,1245,654
French Guiana,GUF,1999,,,,28,365,1245,715
French Guiana,GUF,2000,,,,28,371,1169,461
French Guiana,GUF,2001,,,,28,306,1094,461
French Guiana,GUF,2002,,,,28,286,390,461
French Guiana,GUF,2003,,,,21,241,376,450
French Guiana,GUF,2004,,,,14,215,381,441
French Guiana,GUF,2005,,,,6,272,421,440
French Guiana,GUF,2006,,,,4,295,453,407
French Polynesia,PYF,1961,,,,68.7,281,266,28
French Polynesia,PYF,1962,,,,67.2,272,278,33.5
French Polynesia,PYF,1963,,,,67.35,281,288,39
French Polynesia,PYF,1964,,,,68.1,281,301,58
French Polynesia,PYF,1965,,,,68.55,289,310,68
French Polynesia,PYF,1966,,,,73.13,297,323,123
French Polynesia,PYF,1967,,,,72.22,297,340,250
French Polynesia,PYF,1968,,,,72.45,264,363,243
French Polynesia,PYF,1969,,,,72,248,388,227
French Polynesia,PYF,1970,,,,71.7,246,437,580
French Polynesia,PYF,1971,,,,71.25,231,490,302
French Polynesia,PYF,1972,,,,70.8,198,525,259
French Polynesia,PYF,1973,,,,70.65,173,565,295
French Polynesia,PYF,1974,,,,70.5,150,600,331
French Polynesia,PYF,1975,,,,70.05,186,515,358
French Polynesia,PYF,1976,,,,70.05,195,630,395
French Polynesia,PYF,1977,,,,69.75,378,650,458
French Polynesia,PYF,1978,,,,69.38,358,630,458
French Polynesia,PYF,1979,,,,68.85,318,566,656
French Polynesia,PYF,1980,,,,68.63,266,637,758
French Polynesia,PYF,1981,,,,68.25,254,750,623
French Polynesia,PYF,1982,,,,65.7,229,736,566
French Polynesia,PYF,1983,,,,63.45,212,789,574
French Polynesia,PYF,1984,,,,61.35,258,872,398
French Polynesia,PYF,1985,,,,59.25,150,863,580
French Polynesia,PYF,1986,,,,57.66,205,964,670
French Polynesia,PYF,1987,,,,57.38,221,858,733
French Polynesia,PYF,1988,,,,62.02,255,919,706
French Polynesia,PYF,1989,,,,62.77,302,1100,503
French Polynesia,PYF,1990,,,,65.03,264,1177,674
French Polynesia,PYF,1991,,,,68.17,206,1198,755
French Polynesia,PYF,1992,,,,69.83,126,1222,575
French Polynesia,PYF,1993,,,,70.05,108,1224,647
French Polynesia,PYF,1994,,,,73.2,114,1337,665
French Polynesia,PYF,1995,,,,74.85,153,1333,674
French Polynesia,PYF,1996,,,,74.85,108,1197,674
French Polynesia,PYF,1997,,,,74.85,145,1059,647
French Polynesia,PYF,1998,,,,74.85,175,1076,647
French Polynesia,PYF,1999,,,,78,168,1199,737
French Polynesia,PYF,2000,,,,78,207,1229,711
French Polynesia,PYF,2001,,,,78,157,1220,783
French Polynesia,PYF,2002,,,,78,117,1059,666
French Polynesia,PYF,2003,,,,78,156,908,665
French Polynesia,PYF,2004,,,,78,174,1019,665
French Polynesia,PYF,2005,,,,78,129,1044,665
French Polynesia,PYF,2006,,,,78,130,944,665
French Polynesia,PYF,2007,,,,78,149,1136,665
French Polynesia,PYF,2008,,,,78,118,1155,665
French Polynesia,PYF,2009,,,,78,162,1219,665
French Polynesia,PYF,2010,,,,78,116,1174,665
French Polynesia,PYF,2011,,,,78,132,1013,665
French Polynesia,PYF,2012,,,,78.38,164,1075,651.02
French Polynesia,PYF,2013,,,,77.64,144,941,657.83
French Polynesia,PYF,2014,,,,75.59,147,1024,643.72
French Polynesia,PYF,2015,,,,74.69,145,1024,639.89
French Polynesia,PYF,2016,,,,73.83,149,914,660.25
French Polynesia,PYF,2017,,,,73.47,156,850,648.7
French Polynesia,PYF,2018,,,,72.93,187,864,650.49
French Polynesia,PYF,2019,,,,72.64,181,873,615.23
French Polynesia,PYF,2020,,,,72.27,188,921,587.21
French Polynesia,PYF,2021,,,,71.73,205.36,955.97,699.36
French Polynesia,PYF,2022,,,,71.19,204.79,927.36,693.39
French Polynesia,PYF,2023,,,,70.71,172.42,892.71,692.29
French Polynesia,PYF,2024,,,,70.24,163.47,875.93,691.1
Gabon,GAB,1961,15500,,,257,168.96,1120,216
Gabon,GAB,1962,16500,,,249.5,122.76,1148,216
Gabon,GAB,1963,17500,,,268,142.56,1204,216
Gabon,GAB,1964,18500,,,279,171.6,1204,216
Gabon,GAB,1965,19000,,,293,113.52,1260,216
Gabon,GAB,1966,19500,,,304,205.92,1316,214.4
Gabon,GAB,1967,19500,,,309,240.24,1316,224
Gabon,GAB,1968,19500,,,350,249.48,1344,236
Gabon,GAB,1969,19500,,,269.8,264,1400,248
Gabon,GAB,1970,19500,,,279.6,250.8,1456,264
Gabon,GAB,1971,19500,,,284.4,264,1512,272
Gabon,GAB,1972,19500,,,300,290.4,1568,284
Gabon,GAB,1973,19500,,,307.3,283.8,1624,400
Gabon,GAB,1974,19500,,,316,250.8,1680,576
Gabon,GAB,1975,18500,,,329.2,211.2,1736,800
Gabon,GAB,1976,18500,,,480,250.8,1792,1080
Gabon,GAB,1977,18500,,,518,277.2,1820,1360
Gabon,GAB,1978,18500,,,572,290.4,1848,1840
Gabon,GAB,1979,18500,,,570,316.8,1876,1760
Gabon,GAB,1980,18500,,,582,343.2,1764,1760
Gabon,GAB,1981,18500,,,596,349.8,1680,1720
Gabon,GAB,1982,18500,,,608,389.4,1540,1760
Gabon,GAB,1983,18500,,,622,356.4,1540,1920
Gabon,GAB,1984,18500,,,668,389.4,1624,2240
Gabon,GAB,1985,18500,,,697,481.8,1764,2240
Gabon,GAB,1986,18500,,,726,633.6,1904,2320
Gabon,GAB,1987,18500,,,738,679.8,1960,2400
Gabon,GAB,1988,18500,,,755,726,2142,2480
Gabon,GAB,1989,18500,,,772,792,2212,2560
Gabon,GAB,1990,18740,,,801,924,2338,2560
Gabon,GAB,1991,17490.36,,,818,950.4,2730,2720
Gabon,GAB,1992,17901.77,,,840,1003.2,2970,2880
Gabon,GAB,1993,18387.04,,,862,1016.4,3150,2960
Gabon,GAB,1994,18585.45,,,881.4,1029.6,2940,3040
Gabon,GAB,1995,19000,,,900,1016.4,2400,3200
Gabon,GAB,1996,19500,,,915,990,2730,3280
Gabon,GAB,1997,20000,,,930,937.2,3420,3440
Gabon,GAB,1998,20500,,,945,950.4,3600,3480
Gabon,GAB,1999,21000,,,960,990,3450,3640
Gabon,GAB,2000,21380.17,,,960,1115.4,3300,3760
Gabon,GAB,2001,21818.83,,,960,1207.8,3300,3760
Gabon,GAB,2002,22246.75,,,960,996.6,3300,3640
Gabon,GAB,2003,22667.65,,,960,1273.8,3300,3600
Gabon,GAB,2004,23085.23,,,960,1438.8,3300,3720
Gabon,GAB,2005,23171.36,,,1219,1570.8,3300,3760
Gabon,GAB,2006,23547.01,,,954,1108.8,3300,3680
Gabon,GAB,2007,23908.67,,,959,1029.6,3330,3920
Gabon,GAB,2008,24290.6,,,1000,1122,3390,3840
Gabon,GAB,2009,24701.2,,,1000,1122,3390,3760
Gabon,GAB,2010,25142.7,,,1004.29,1135.2,3390,3760
Gabon,GAB,2011,25500,,,1005,1148.4,3390,3760
Gabon,GAB,2012,26200,,,1034,1155,3450,3840
Gabon,GAB,2013,26657.98,,,1098,1161.6,3600,3920
Gabon,GAB,2014,27142.25,,,1118.66,1182.79,3553.91,3910.63
Gabon,GAB,2015,27273.01,,,1127.69,1161.99,3509.1,3943.28
Gabon,GAB,2016,27541.2,,,1136.28,1047.26,3521.98,3967.22
Gabon,GAB,2017,27831.1,,,1149.59,921.1,3540.56,3994.81
Gabon,GAB,2018,28148.87,,,1137.95,1020.87,3540.65,4016.36
Gabon,GAB,2019,28482.54,,,1129.37,918.11,3556.55,4044.87
Gabon,GAB,2020,28839.45,,,1126.19,792.6,3569.4,4072.07
Gabon,GAB,2021,29502.96,,,1155.9,812.39,3595.09,4121.67
Gabon,GAB,2022,28969.63,,,1162.8,787.55,3577.24,4154.12
Gabon,GAB,2023,29391.49,,,1169.5,770.95,3590.53,4187.22
Gabon,GAB,2024,29823.38,,,1176.49,754.6,3603.84,4220.38
Gambia,GMB,1961,600,,,759,2160,90,200
Gambia,GMB,1962,600,,,770,2316,90,190.4
Gambia,GMB,1963,620,,,660,2616,59.96,195.2
Gambia,GMB,1964,630,,,693,2700,105,216
Gambia,GMB,1965,640,,,715,2808,150,240
Gambia,GMB,1966,650,,,737,2940,191.52,264
Gambia,GMB,1967,700,,,737,3060,191.52,287.2
Gambia,GMB,1968,700,,,693,3240,204,288
Gambia,GMB,1969,750,,,712.8,3360,216,290.4
Gambia,GMB,1970,750,,,737,3600,224,293.6
Gambia,GMB,1971,750,,,759,3720,232,297.6
Gambia,GMB,1972,850,,,792,3900,240,300
Gambia,GMB,1973,870,,,819.5,3840,252,302.4
Gambia,GMB,1974,900,,,841.5,3720,260,312
Gambia,GMB,1975,950,,,863.5,3660,280,336
Gambia,GMB,1976,980,,,882.2,3600,288,360
Gambia,GMB,1977,950,,,909.7,3480,280,312
Gambia,GMB,1978,980,,,937.2,3420,288,300
Gambia,GMB,1979,1000,,,961.4,3360,300,351
Gambia,GMB,1980,1000,,,985.6,3300,320,415
Gambia,GMB,1981,1000,,,1003.2,3180,336,430
Gambia,GMB,1982,1000,,,1023,3120,352,450
Gambia,GMB,1983,1000,,,1042.8,3060,368,480
Gambia,GMB,1984,1000,,,1062.6,2940,352,525
Gambia,GMB,1985,1000,,,1217.7,2940,352,520
Gambia,GMB,1986,1000,,,1244.1,2880,352,570
Gambia,GMB,1987,1000,,,1267.2,2940,352,630
Gambia,GMB,1988,1000,,,1166,3060,352,690
Gambia,GMB,1989,1000,,,1155,3120,360,760
Gambia,GMB,1990,955,,,992.2,3120,360,835
Gambia,GMB,1991,415.83,,,977.9,3132,360,920
Gambia,GMB,1992,458.06,,,945.97,3268.2,360,1010
Gambia,GMB,1993,500.3,,,908.75,3292.68,360,1110
Gambia,GMB,1994,542.53,,,873.09,3317.4,420,1250
Gambia,GMB,1995,584.76,,,838.81,3342.24,420,1100
Gambia,GMB,1996,626.99,,,806.17,3367.32,420,800
Gambia,GMB,1997,669.23,,,774.77,3392.52,420,1000
Gambia,GMB,1998,711.46,,,744.7,3417.96,420,800
Gambia,GMB,1999,753.69,,,715.86,3443.64,360,900
Gambia,GMB,2000,795.92,,,688.2,3469.44,360,960
Gambia,GMB,2001,838.15,,,982.3,3102,360,900
Gambia,GMB,2002,880.39,,,1120.9,3144,420,1100
Gambia,GMB,2003,922.62,,,1375,3804,420,950
Gambia,GMB,2004,971.14,,,1364,3918,420,1080
Gambia,GMB,2005,1009.49,,,1405.25,3936,420,975
Gambia,GMB,2006,1050,,,1446.5,3964.8,420,1020
Gambia,GMB,2007,1100,,,1523.5,3984,636,1130
Gambia,GMB,2008,1131.38,,,1578.5,4032,650,1120
Gambia,GMB,2009,1150,,,1622.5,4146,702,1160
Gambia,GMB,2010,1216.69,,,1540,4080,740,1200
Gambia,GMB,2011,1280,,,1298,3840,400,1250
Gambia,GMB,2012,1300,,,1265,3840,420,1500
Gambia,GMB,2013,1348.9,,,1298,3720,200,1679.4
Gambia,GMB,2014,1388.2,,,1265.29,4052.07,295.26,1884.97
Gambia,GMB,2015,1429.35,,,1190.58,4439.25,379.67,1985.09
Gambia,GMB,2016,1388.82,,,1259.14,4219.78,440,1428.74
Gambia,GMB,2017,1429.71,,,1261.71,3585.27,500,1272.98
Gambia,GMB,2018,1470.08,,,1384.96,3001.69,536.61,1237.73
Gambia,GMB,2019,1446.12,,,1483.33,2704.72,566.67,1182.11
Gambia,GMB,2020,1455.18,,,1643.88,2407.17,603.82,1125.8
Gambia,GMB,2021,1473.67,,,1691.41,2402.88,617.72,1112.77
Gambia,GMB,2022,1507.17,,,1740.15,2360.35,631.68,1098
Gambia,GMB,2023,1538.74,,,1596.29,2536.98,981.18,1213
Gambia,GMB,2024,1581.25,,,1660.35,2576.57,1100.02,1360.33
Georgia,GEO,1992,,62.1,,6100,40300,56500,10200
Georgia,GEO,1993,,70.18,,6700,40000,44800,8800
Georgia,GEO,1994,,74.96,,7400,43600,47300,9300
Georgia,GEO,1995,,84.61,,8300,52700,44300,10000
Georgia,GEO,1996,,88.19,,9400,54200,45500,8600
Georgia,GEO,1997,,83.64,,6500,56000,46700,11400
Georgia,GEO,1998,,100,,8289,42793,42251,10459
Georgia,GEO,1999,,150,,6928,41305,40770,11346
Georgia,GEO,2000,,160,,8854,48266,36876,13694
Georgia,GEO,2001,,150,,7638,47010,34725,12848
Georgia,GEO,2002,,157,,8180,49220,36064,13218
Georgia,GEO,2003,,102,,8413,50079,36699,13446
Georgia,GEO,2004,,148,,9199,46700,34737,15181
Georgia,GEO,2005,,223,,9577,46404,33340,16906
Georgia,GEO,2006,,300,,7570,33000,31100,11200
Georgia,GEO,2007,,500,,7450,31300,21400,12400
Georgia,GEO,2008,,100,,7450,25100,11400,12900
Georgia,GEO,2009,,100,,4060,29200,8200,12400
Georgia,GEO,2010,,100,,4900,26700,12800,11600
Georgia,GEO,2011,,90,,4000,21300,11600,12000
Georgia,GEO,2012,,90,,2500,16200,11800,11700
Georgia,GEO,2013,,90,,2800,20200,14900,10100
Georgia,GEO,2014,,90,,4100,22800,17300,14600
Georgia,GEO,2015,,100,,4800,24400,18700,18400
Georgia,GEO,2016,,100,,4600,21500,16100,23500
Georgia,GEO,2017,,100,,6700,21400,15500,22200
Georgia,GEO,2018,,100,,9100,22900,17600,22500
Georgia,GEO,2019,,100,,5900,22100,18300,22800
Georgia,GEO,2020,,126.37,,4900,20100,19800,24200
Georgia,GEO,2021,,155.32,,4400,20500,21800,25400
Georgia,GEO,2022,,186.11,,5200,23800,20700,24400
Georgia,GEO,2023,,218.97,,5000,22700,25800,24700
Georgia,GEO,2024,,274.7,,4400,26700,30500,26600
Germany,DEU,1961,17000,25600,,42648,1296200,2671400,169180
Germany,DEU,1962,17000,22600,,37744,1372900,2642400,169280
Germany,DEU,1963,17000,18700,,35420,1402000,2722600,184980
Germany,DEU,1964,17000,18700,,32220,1362900,2931500,209360
Germany,DEU,1965,18000,16700,,28700,1331000,3049000,218040
Germany,DEU,1966,17000,14700,,26980,1441495,3030000,243420
Germany,DEU,1967,17000,11700,,22380,1469476,3137000,275480
Germany,DEU,1968,18000,10700,,21590,1522092,3399000,285980
Germany,DEU,1969,18000,10700,,21976,1560173,3401900,305860
Germany,DEU,1970,20000,9379,,21834,1663194,3398600,343100
Germany,DEU,1971,20000,8854,,23334,1674235,3592800,370600
Germany,DEU,1972,20000,7603,,24595,1518828,3655100,371200
Germany,DEU,1973,20000,6423,,26510,1574600,3622100,411800
Germany,DEU,1974,20000,6472,,31500,1748900,3818200,374800
Germany,DEU,1975,20000,6310,,38363,1718820,3939364,415367
Germany,DEU,1976,20000,6908,,42024,1717900,3957322,427459
Germany,DEU,1977,22000,7450,,39895,1694600,4021700,463250
Germany,DEU,1978,21000,8700,,41481,1784500,4204500,497646
Germany,DEU,1979,21000,7700,,43766,1854400,4311400,516268
Germany,DEU,1980,20000,8110,,45510,1892590,4418200,534683
Germany,DEU,1981,21000,8150,,42410,1922770,4450100,541000
Germany,DEU,1982,21000,8271,,41675,1855427,4294622,537800
Germany,DEU,1983,20000,8484,,41771,1854174,4408548,511200
Germany,DEU,1984,19000,8919,,44444,1982190,4494916,515500
Germany,DEU,1985,19000,8413,,43476,1993137,4619740,516700
Germany,DEU,1986,19000,6782,,42108,2109861,4703207,531100
Germany,DEU,1987,18000,6462,,47831,2098518,4734480,563000
Germany,DEU,1988,16000,6165,,40917,1987982,4663142,581500
Germany,DEU,1989,16000,6008,,42606,1953392,4477995,566400
Germany,DEU,1990,15000,5923,,50253,2111968,4456982,573504
Germany,DEU,1991,22930.42,4711,,49861,2180707,3812600,523588
Germany,DEU,1992,29000,4730,,43900,1789700,3584900,593000
Germany,DEU,1993,27000,4623,,40800,1570337,3645800,604000
Germany,DEU,1994,27000,4479,,40000,1420300,3604000,634000
Germany,DEU,1995,90000,4400,,41700,1407800,3602400,641700
Germany,DEU,1996,90000,4067,,43000,1481800,3635000,692800
Germany,DEU,1997,90000,4582,,44170,1447600,3563800,724790
Germany,DEU,1998,90000,4756,,44456,1367000,3834100,735130
Germany,DEU,1999,90000,4555,,44070,1374000,4102600,748050
Germany,DEU,2000,90000,4500,,48106,1303500,3981900,790202
Germany,DEU,2001,79057.35,4366,,46422,1361500,4074324,849783
Germany,DEU,2002,70596.19,3316,,44108,1316375,4110155,880662
Germany,DEU,2003,58000,2951,,46002,1226235,4239310,953974
Germany,DEU,2004,59000,2816,,48794,1258000,4323400,1038847
Germany,DEU,2005,60000,2610,,49582,1166900,4499991,1031663
Germany,DEU,2006,65000,2526,,43854,1193180,4662498,1024643
Germany,DEU,2007,67000,2568,,44365,1185724,4985177,1120428
Germany,DEU,2008,70000,2507,,39008,1199431,5121607,1246231
Germany,DEU,2009,70000,2459,,39004,1189615,5264505,1288744
Germany,DEU,2010,70838.63,2607,,38856,1205002,5488369,1379619
Germany,DEU,2011,69456.02,3118,,40431,1170376,5616074,1423183
Germany,DEU,2012,67361.39,3148,,37064,1146255,5474021,1427633
Germany,DEU,2013,66983.29,2877,,33593,1116507,5506772,1456680
Germany,DEU,2014,62963.01,2337,,30945,1142603,5527769,1550400
Germany,DEU,2015,51691.39,2270,,32580,1132340,5570490,1544200
Germany,DEU,2016,60545.9,2193,,32003,1155483,5589639,1526652
Germany,DEU,2017,58400.1,1964,,31570,1137008,5505572,1514081
Germany,DEU,2018,,1811,,34000,1109000,5350000,1530127
Germany,DEU,2019,,1350,,35000,1107000,5232000,1543866
Germany,DEU,2020,,1800,,40000,1092030,5118000,1573008
Germany,DEU,2021,,1500,,33810,1080430,4971150,1546971
Germany,DEU,2022,,1500,,32200,994910,4491710,1507700
Germany,DEU,2023,,1600,,30800,1004600,4209580,1530600
Germany,DEU,2024,,1700,,29320,1015350,4289110,1540200
Ghana,GHA,1961,20000,,,6475,21850,3248,4920
Ghana,GHA,1962,20000,,,6332,20700,3332,4920
Ghana,GHA,1963,20000,,,6412.5,20700,3360,5160
Ghana,GHA,1964,21000,,,6545,20125,3892,5880
Ghana,GHA,1965,21000,,,6329,20125,3388,6720
Ghana,GHA,1966,23000,,,6574.5,20125,4032,7080
Ghana,GHA,1967,23000,,,6936.5,20700,4088,7520
Ghana,GHA,1968,23000,,,7053.5,20125,4676,7840
Ghana,GHA,1969,25000,,,7405,23000,5600,8120
Ghana,GHA,1970,25000,,,7452.5,22425,5992,8720
Ghana,GHA,1971,25000,,,7507.5,21850,5992,8800
Ghana,GHA,1972,26000,,,8144,20700,6272,10215
Ghana,GHA,1973,26000,,,7215,20700,6720,10530
Ghana,GHA,1974,26000,,,8104.5,22425,7476,9990
Ghana,GHA,1975,28000,,,9220,17825,8568,10080
Ghana,GHA,1976,28000,,,9785,14720,8624,9450
Ghana,GHA,1977,32000,,,10375,13340,8288,12240
Ghana,GHA,1978,36000,,,10272.5,12995,8316,12060
Ghana,GHA,1979,40000,,,9668,13800,8288,11250
Ghana,GHA,1980,44000,,,9950,14375,8484,10440
Ghana,GHA,1981,48000,,,10155,14375,8680,9010
Ghana,GHA,1982,53000,,,9902.5,16100,8400,7650
Ghana,GHA,1983,60000,,,9555,17250,8400,6400
Ghana,GHA,1984,58000,,,9047,18630,9100,6375
Ghana,GHA,1985,57000,,,9355,19550,9240,5950
Ghana,GHA,1986,57000,,,8900,19550,10500,5760
Ghana,GHA,1987,57000,,,9983.02,20178.71,8960,7920
Ghana,GHA,1988,57000,,,10355.54,19750.9,10696,7740
Ghana,GHA,1989,57000,,,11695.92,19602.21,12460,8190
Ghana,GHA,1990,58000,,,10908.88,19747.57,12886,9000
Ghana,GHA,1991,57759.13,,,11158.07,20607.42,12342,9630
Ghana,GHA,1992,58124.08,,,10968,19998.5,11240.4,10350
Ghana,GHA,1993,58482.81,,,10912.5,20125,11084,11250
Ghana,GHA,1994,59000,,,11495,20470,11390,11520
Ghana,GHA,1995,59172.4,,,11487.5,20700,10640,11700
Ghana,GHA,1996,59515.57,,,11882.5,20930,9690,11880
Ghana,GHA,1997,59909.43,,,12569.5,20815,10830,14490
Ghana,GHA,1998,60000,,,13052.5,20757.5,10830,16038
Ghana,GHA,1999,60803.39,,,13656,21275,10108,17100
Ghana,GHA,2000,61340.88,,,19615.8,23750,10878,19500
Ghana,GHA,2001,61925.8,,,20122.5,24000,10500,20962.5
Ghana,GHA,2002,62000,,,20739,24125,10416,23400
Ghana,GHA,2003,63120.37,,,27666,18480,10181,20588
Ghana,GHA,2004,63756.19,,,29547,18686,9979,22407
Ghana,GHA,2005,64000,,,29985,18879,9744,22141
Ghana,GHA,2006,65955.67,,,30741,19140,16027,26543
Ghana,GHA,2007,67264.2,,,32006,19346,16498,28890
Ghana,GHA,2008,68671.56,,,33325,19553,17002,31056
Ghana,GHA,2009,70161.4,,,34704,19773,17506,33790
Ghana,GHA,2010,71708.86,,,36142,19993,18010,37247
Ghana,GHA,2011,74300,,,37832,20592,19072,41008
Ghana,GHA,2012,74887.82,,,39285,21221,20224,46308
Ghana,GHA,2013,72242.65,,,41132,21863,21432,50985
Ghana,GHA,2014,69975.55,,,43080,22781,22932,54809
Ghana,GHA,2015,75871.88,,,45121,23841,24513,57276
Ghana,GHA,2016,72696.69,,,47634,24961,26107,59108
Ghana,GHA,2017,74128.83,,,50288,26134,27412,60291
Ghana,GHA,2018,74578.4,,,51686,26716,28392,61496
Ghana,GHA,2019,75036.6,,,53891.27,27936,26663.13,68777.05
Ghana,GHA,2020,75355.08,,,56850,28999,31786,65415
Ghana,GHA,2021,75804.46,,,58431,29893,26376,65190
Ghana,GHA,2022,75704.53,,,60198.8,30000,28347.24,64268.53
Ghana,GHA,2023,75976.52,,,63256.1,30617.77,31784.53,73222.53
Ghana,GHA,2024,76248.52,,,65086.72,31832.95,32881.99,74517.97
Greece,GRC,1961,,5886,,66968,31337,37765,11890.1
Greece,GRC,1962,,6066,,73567,38342,40072,16605.7
Greece,GRC,1963,,5922,,73938,46759,38951,18224.23
Greece,GRC,1964,,5724,,76522,53349,38957,21847.73
Greece,GRC,1965,,5508,,79043,61968,46748,27168
Greece,GRC,1966,,5292,,82150,72898,51363,35389
Greece,GRC,1967,,5040,,84413,75740,46132,43806.6
Greece,GRC,1968,,4770,,84359,84156,39839,42021.5
Greece,GRC,1969,,4806,,89350,86898,45324,55502.5
Greece,GRC,1970,,4590,,90882,89754,52056,67399.1
Greece,GRC,1971,,4176,,96157,86770,63219,83989.4
Greece,GRC,1972,,3888,,99325,92120,73785,94335
Greece,GRC,1973,,3510,,105630,90125,90530,104939.4
Greece,GRC,1974,,3780,,112388,117761,105646,103893.4
Greece,GRC,1975,,2880,,115110,127463,103279,116510.4
Greece,GRC,1976,,2880,,119626,122942,111217,121844
Greece,GRC,1977,,2880,,120524,121276,120338,117411.6
Greece,GRC,1978,,2880,,121895,117858,129069,119835
Greece,GRC,1979,,2880,,123245,111996,141961,130863.1
Greece,GRC,1980,,2880,,122943,111480,144409,140606.2
Greece,GRC,1981,,2880,,122122,105759,144712,141924.8
Greece,GRC,1982,,2880,,122199,98637,146115,153033
Greece,GRC,1983,,2880,,123695,95493,146897,153000
Greece,GRC,1984,,2880,,126619,91312,148174,153000.4
Greece,GRC,1985,,2880,,126468,84498,138267,146000.4
Greece,GRC,1986,,2880,,124798,85073,142344,145999.7
Greece,GRC,1987,,2880,,131825,84468,150693,147999.6
Greece,GRC,1988,,2880,,134236,83870,139903,149961.3
Greece,GRC,1989,,2880,,139464,84318,138868,153915.1
Greece,GRC,1990,,2880,,140367,79431,139839,159939.6
Greece,GRC,1991,,,,139909,79245.95,140216,160418
Greece,GRC,1992,,,,139481,75895.16,144650,146478
Greece,GRC,1993,,,,140699.17,72659.34,136167.06,146688
Greece,GRC,1994,,,,141459.88,70835.95,136690.45,148604
Greece,GRC,1995,,,,143451.48,72254.4,136886,163268
Greece,GRC,1996,,,,145192.27,70991.03,135510,153478
Greece,GRC,1997,,,,143321.5,72428.49,133498.38,112457
Greece,GRC,1998,,,,144585.34,73130.85,134357.22,107436
Greece,GRC,1999,,,,145188.28,71965.96,130226.43,102226
Greece,GRC,2000,,,,148893.64,70128.98,126985.15,112226
Greece,GRC,2001,,,,149946.19,74950.15,115286.21,115774
Greece,GRC,2002,,,,155382.39,73158.31,109604,127966
Greece,GRC,2003,,,,156866.11,74427.86,111086.73,162226
Greece,GRC,2004,,,,151297,77128,107521,149226
Greece,GRC,2005,,,,149024,72555,109409,160926
Greece,GRC,2006,,,,152102,72988,108470,119810.5
Greece,GRC,2007,,,,148706.06,75896.69,101856.84,118320.7
Greece,GRC,2008,,,,148135.38,72516.6,103653.06,124113.8
Greece,GRC,2009,,,,147858.95,74104.08,98658.46,125897.8
Greece,GRC,2010,,,,148352.62,72096.45,95226.22,128352
Greece,GRC,2011,,,,145815.77,69982.68,95857.28,111452
Greece,GRC,2012,,,,143949.3,69638.72,93590.3,117835.49
Greece,GRC,2013,,,,139908.4,68950.85,91193.39,179653.52
Greece,GRC,2014,,,,97229.32,49393.38,82850.42,189836.94
Greece,GRC,2015,,,,82586,40518,78066,253780.1
Greece,GRC,2016,,,,82700.12,40350.31,76702.4,256989.8
Greece,GRC,2017,,,,75852,42917,77319,245896
Greece,GRC,2018,,,,87160,40440,87050,219880
Greece,GRC,2019,,,,89950,34229,86200,230000
Greece,GRC,2020,,,,82870,35575,80890,239440
Greece,GRC,2021,,,,85870,33799,74820,238630
Greece,GRC,2022,,,,93540,36563,79210,247760
Greece,GRC,2023,,,,72840,36098,70900,273850
Greece,GRC,2024,,,,57090,33088.68,59540,277980
Grenada,GRD,1961,,,,23,243,76,214
Grenada,GRD,1962,,,,23,258,64,215
Grenada,GRD,1963,,,,23,267,56,216
Grenada,GRD,1964,,,,25,274,52,218
Grenada,GRD,1965,,,,25,287,60,219
Grenada,GRD,1966,,,,26,347,59,220
Grenada,GRD,1967,,,,27,295,70,222
Grenada,GRD,1968,,,,25,345,76,250
Grenada,GRD,1969,,,,24,340,82,250
Grenada,GRD,1970,,,,24,350,85,265
Grenada,GRD,1971,,,,23,340,99,280
Grenada,GRD,1972,,,,23,300,80,300
Grenada,GRD,1973,,,,23,270,75,350
Grenada,GRD,1974,,,,29,250,71,320
Grenada,GRD,1975,,,,26,200,68,300
Grenada,GRD,1976,,,,37,165,63,310
Grenada,GRD,1977,,,,43,155,65,300
Grenada,GRD,1978,,,,54,170,50,290
Grenada,GRD,1979,,,,30,180,59,300
Grenada,GRD,1980,,,,44,155,57,340
Grenada,GRD,1981,,,,55,140,55,350
Grenada,GRD,1982,,,,55,130,55,360
Grenada,GRD,1983,,,,58,124,66,370
Grenada,GRD,1984,,,,66,135,70,380
Grenada,GRD,1985,,,,70,128,75,380
Grenada,GRD,1986,,,,71,130,76,400
Grenada,GRD,1987,,,,84,130,78,410
Grenada,GRD,1988,,,,84,120,84,420
Grenada,GRD,1989,,,,82,120,95,430
Grenada,GRD,1990,,,,83,120,105,440
Grenada,GRD,1991,,,,83,120,118,390
Grenada,GRD,1992,,,,84,148.16,130,462.54
Grenada,GRD,1993,,,,87,151.74,175,470.42
Grenada,GRD,1994,,,,87,153.95,160,477.94
Grenada,GRD,1995,,,,89,154.82,170,485.19
Grenada,GRD,1996,,,,96,154.37,170,492.33
Grenada,GRD,1997,,,,102,152.76,170,499.5
Grenada,GRD,1998,,,,111,150.74,170,506.84
Grenada,GRD,1999,,,,111,150.34,190,514.4
Grenada,GRD,2000,,,,91,103.34,190,521.95
Grenada,GRD,2001,,,,95,112.2,190,530.8
Grenada,GRD,2002,,,,105,118.05,192,443.92
Grenada,GRD,2003,,,,98,124.33,193,451.55
Grenada,GRD,2004,,,,101,131.18,193,460.66
Grenada,GRD,2005,,,,106,138.73,193,488
Grenada,GRD,2006,,,,96.42,147.08,200,517.05
Grenada,GRD,2007,,,,107,147.22,200,547.47
Grenada,GRD,2008,,,,114,150,230,578.85
Grenada,GRD,2009,,,,129.45,180,240,612.26
Grenada,GRD,2010,,,,141.3,229,250,785
Grenada,GRD,2011,,,,156.7,202.7,287.56,748.9
Grenada,GRD,2012,,,,172.97,187,312.25,748.9
Grenada,GRD,2013,,,,192.62,204.2,333.52,778
Grenada,GRD,2014,,,,218.18,214.5,349.49,750.7
Grenada,GRD,2015,,,,222.45,225.6,435.28,787.7
Grenada,GRD,2016,,,,256.84,225.7,469.13,741.8
Grenada,GRD,2017,,,,286.78,213.4,512,657.9
Grenada,GRD,2018,,,,309.62,223.8,551.18,803
Grenada,GRD,2019,,,,332.08,238.1,597.03,780.3
Grenada,GRD,2020,,,,347.08,194.8,628.23,510
Grenada,GRD,2021,,,,475.02,200.8,686.5,351
Grenada,GRD,2022,,,,499.67,167.2,742.98,676.7
Grenada,GRD,2023,,,,310.87,132.2,718.68,723.9
Grenada,GRD,2024,,,,327.93,190.83,585.2,548.83
Guadeloupe,GLP,1961,,28.75,,196,1473,372,377.8
Guadeloupe,GLP,1962,,27.5,,195,1440,387,377.8
Guadeloupe,GLP,1963,,27.5,,195,1046,400,377.8
Guadeloupe,GLP,1964,,27.5,,185,1226,351,377.8
Guadeloupe,GLP,1965,,26.25,,171,1392,390,367.8
Guadeloupe,GLP,1966,,27.5,,178,1628,450,324.2
Guadeloupe,GLP,1967,,28.75,,175,1740,430,325.6
Guadeloupe,GLP,1968,,30,,176,1819,480,304.2
Guadeloupe,GLP,1969,,26.25,,179,1966,560,304.2
Guadeloupe,GLP,1970,,31.25,,183,2127,510,334.2
Guadeloupe,GLP,1971,,45,,193,2162,600,342.8
Guadeloupe,GLP,1972,,45,,199,2258,600,322.8
Guadeloupe,GLP,1973,,42.5,,205,2620,850,312.8
Guadeloupe,GLP,1974,,47.5,,206,3266,900,312.8
Guadeloupe,GLP,1975,,53.75,,224,3600,1440,287.8
Guadeloupe,GLP,1976,,75,,194,3181,1452,322.8
Guadeloupe,GLP,1977,,40,,212,3169,1409,342.8
Guadeloupe,GLP,1978,,38.75,,234,3607,1998,349.2
Guadeloupe,GLP,1979,,37.5,,254,3701,2275,474.2
Guadeloupe,GLP,1980,,30,,262,4163,2429,1049.2
Guadeloupe,GLP,1981,,50,,340,3894,2138,972.2
Guadeloupe,GLP,1982,,41.25,,333,4029,2485,717.2
Guadeloupe,GLP,1983,,47.5,,404,4480,2854,773.2
Guadeloupe,GLP,1984,,41.25,,393,4249,3020,720.2
Guadeloupe,GLP,1985,,30,,405,4001,2976,1013.2
Guadeloupe,GLP,1986,,25,,418,3947,2921,1065.2
Guadeloupe,GLP,1987,,25,,381,3227,2930,1285.2
Guadeloupe,GLP,1988,,25,,388,3178,2824,1284.2
Guadeloupe,GLP,1989,,25,,245,3080,2474,1108.2
Guadeloupe,GLP,1990,,30,,327,3010,1927,888.2
Guadeloupe,GLP,1991,,17.5,,254,2840,974,1028.2
Guadeloupe,GLP,1992,,17.5,,288,2860,1072,1139.2
Guadeloupe,GLP,1993,,16.25,,283,3139,1067,1160.2
Guadeloupe,GLP,1994,,16.25,,315,3218,1033,920.2
Guadeloupe,GLP,1995,,16.25,,317,3363,1175,532.2
Guadeloupe,GLP,1996,,16.25,,245,3217,1017,307.2
Guadeloupe,GLP,1997,,16.25,,205,3420,1060,569.2
Guadeloupe,GLP,1998,,16.25,,195,3396,1050,615.2
Guadeloupe,GLP,1999,,16.25,,190,3345,1034,857.2
Guadeloupe,GLP,2000,,16.25,,213,3337,1022,1423.29
Guadeloupe,GLP,2001,,16.25,,212,3280,928,1409.26
Guadeloupe,GLP,2002,,16.25,,212,2845,989,1289.2
Guadeloupe,GLP,2003,,16.25,,242,2807,1131,1203.2
Guadeloupe,GLP,2004,,16.25,,181,2726,1167,1459.2
Guadeloupe,GLP,2005,,16.25,,225,2676,1192,1519.2
Guadeloupe,GLP,2006,,16.25,,236,2647,1180,1474.2
Guatemala,GTM,1961,,806.4,,3444,36900,12171,4972
Guatemala,GTM,1962,,806.4,,3952.5,40300,11750,5204
Guatemala,GTM,1963,,806.4,,3562.5,45600,11414,5498
Guatemala,GTM,1964,,907.2,,3750,43600,10414,5795
Guatemala,GTM,1965,,907.2,,4560,43300,10582,6101
Guatemala,GTM,1966,,1008,,2713.5,41450,11357,6463
Guatemala,GTM,1967,,1008,,3171,46820,11815,6826
Guatemala,GTM,1968,,1108.8,,2847,54219,12282,7199
Guatemala,GTM,1969,,1108.8,,2767.5,54496,12182,7678
Guatemala,GTM,1970,,1209.6,,3072,55117,13685,8134
Guatemala,GTM,1971,,1209.6,,3081,61615,13530,9000
Guatemala,GTM,1972,,1386,,2925,63307,13177,10800
Guatemala,GTM,1973,,1411.2,,3150,58469,14475,12000
Guatemala,GTM,1974,,1411.2,,3105,53842,13460,13200
Guatemala,GTM,1975,,1512,,3015,58452,13704,14400
Guatemala,GTM,1976,,1512,,3105,66408,11507,15600
Guatemala,GTM,1977,,1612.8,,3330,69507,10389,15614
Guatemala,GTM,1978,,1612.8,,3255,69591,12731,14582
Guatemala,GTM,1979,,1713.6,,3262.5,62395,17592,16918
Guatemala,GTM,1980,,1713.6,,2535,52384,16385,36708
Guatemala,GTM,1981,,1814.4,,1927.5,52793,16633,39560
Guatemala,GTM,1982,,1839.6,,1986,46704,16545,42550
Guatemala,GTM,1983,,1864.8,,2094,50989,16264,45126
Guatemala,GTM,1984,,1890,,2097,50438,15792,48622
Guatemala,GTM,1985,,1953,,2430,49477,15946,51930
Guatemala,GTM,1986,,1953,,2553,37366,15557,54600
Guatemala,GTM,1987,,1965.6,,2331,48039,14332,57423
Guatemala,GTM,1988,,1978.2,,2454,54725,14217,60993
Guatemala,GTM,1989,,1990.8,,2424,68153,14715,63244
Guatemala,GTM,1990,,2016,,2475,66613,22000,66876
Guatemala,GTM,1991,,2079,,1711.2,51729,13439,70572
Guatemala,GTM,1992,,2104.2,,1681.72,40503,16490,86920
Guatemala,GTM,1993,,2116.8,,1716.1,48148,16570,91266
Guatemala,GTM,1994,,2129.4,,1918.53,51790,15465,100600
Guatemala,GTM,1995,,2142,,2001.42,53767,16136,105159
Guatemala,GTM,1996,,2154.6,,2103,54146,16444,110417
Guatemala,GTM,1997,,2167.2,,1845.77,54428,27897,129662
Guatemala,GTM,1998,,2167.2,,1591.94,54474,28467,140403
Guatemala,GTM,1999,,2205,,1337.82,61939,23917,136531
Guatemala,GTM,2000,,2268,,1048.77,62000,23049.69,140069
Guatemala,GTM,2001,,2268,,2181.07,62000,27049.09,144000
Guatemala,GTM,2002,,2305.8,,1908,63000,30638.76,161974
Guatemala,GTM,2003,,2343.6,,1598.45,63000,30127.57,153970
Guatemala,GTM,2004,,2343.6,,1598.4,63000,33551.73,146570
Guatemala,GTM,2005,,2343.6,,1912.56,63000,34060,150956
Guatemala,GTM,2006,,2394,,2113.94,65000,37487,167696
Guatemala,GTM,2007,,2394,,2121.5,68934,37230,179072
Guatemala,GTM,2008,,2406.6,,2127,74186,31962,183549
Guatemala,GTM,2009,,2431.8,,2137.96,93375.06,37261,186670
Guatemala,GTM,2010,,2457,,2148.12,105595.68,34266,183845
Guatemala,GTM,2011,,2482.2,,2158.96,118715.39,35083,190499
Guatemala,GTM,2012,,2520,,2179.43,136056.44,35917,189838
Guatemala,GTM,2013,,2520,,2212.73,144575.89,36877,192308
Guatemala,GTM,2014,,2453.03,,2212.69,192360,45178,268794
Guatemala,GTM,2015,,2419.65,,2250.36,198280,41885,275397
Guatemala,GTM,2016,,2392.17,,2293.73,200980,40699,285337
Guatemala,GTM,2017,,2391.33,,2265.73,205340,41687,288425
Guatemala,GTM,2018,,2375.23,,2175.32,200980,42781,323417
Guatemala,GTM,2019,,2382.06,,2176.69,207309,39958,342169
Guatemala,GTM,2020,,2383.83,,2196.25,211393,40257,427583
Guatemala,GTM,2021,,2387.74,,2202.05,236650,39958,342169
Guatemala,GTM,2022,,2386.51,,2195.24,222098,46949.74,423838
Guatemala,GTM,2023,,2389.16,,2196.68,341591,48957,440868
Guatemala,GTM,2024,,2391.8,,2197.95,312601.7,44058.2,391941.88
Guinea,GIN,1961,3000,,,1772,10137,488.06,900
Guinea,GIN,1962,3000,,,1868,10355,587.81,900
Guinea,GIN,1963,3000,,,1936,10682,712.5,945
Guinea,GIN,1964,3000,,,2004,11009,788.69,990
Guinea,GIN,1965,3000,,,2088,11336,691.22,1035
Guinea,GIN,1966,3260,,,2168,11772,712.5,1080
Guinea,GIN,1967,3330,,,2116,11227,783.75,1080
Guinea,GIN,1968,3350,,,2116,11990,855,1080
Guinea,GIN,1969,3380,,,2004,10900,926.25,1125
Guinea,GIN,1970,3410,,,2016,10900,961.88,1080
Guinea,GIN,1971,3450,,,1936,10900,926.25,1035
Guinea,GIN,1972,3500,,,1912,10900,926.25,1170
Guinea,GIN,1973,3600,,,2220,11445,1021.25,1260
Guinea,GIN,1974,3700,,,2204,13080,1068.75,1350
Guinea,GIN,1975,3730,,,2260,13625,1163.75,1440
Guinea,GIN,1976,3750,,,2316,13625,1211.25,1530
Guinea,GIN,1977,3750,,,2356,13080,1235,1620
Guinea,GIN,1978,3800,,,2362,13080,1282.5,1710
Guinea,GIN,1979,3800,,,2384,12535,1330,1755
Guinea,GIN,1980,3900,,,2412,12535,1377.5,1755
Guinea,GIN,1981,4000,,,2440,12317,1425,1755
Guinea,GIN,1982,4000,,,2500,12535,1496.25,1710
Guinea,GIN,1983,4000,,,2900,13080,1567.5,1755
Guinea,GIN,1984,4000,,,3028,13625,1425,1710
Guinea,GIN,1985,4000,,,2864,11990,570,1665
Guinea,GIN,1986,4000,,,1946.4,7924.3,356.25,1980
Guinea,GIN,1987,4000,,,2661,9973.5,539.13,2070
Guinea,GIN,1988,4500,,,3109.6,13199.9,617.5,2070
Guinea,GIN,1989,4500,,,3459,13472.4,707.75,2160
Guinea,GIN,1990,4299,,,3520.42,15478,650.75,2250
Guinea,GIN,1991,4907.49,,,3473.07,16949.5,755.25,2250
Guinea,GIN,1992,4961.43,,,3431.59,18551.8,878.75,2340
Guinea,GIN,1993,4987.57,,,3633.78,20295.8,1016.5,2430
Guinea,GIN,1994,5000,,,4065,22181.5,1182.75,2520
Guinea,GIN,1995,5098.71,,,5771.77,28590.34,1349.07,2954.5
Guinea,GIN,1996,5154.4,,,6144.91,29918.34,1400.33,3097
Guinea,GIN,1997,5209.07,,,6542.81,31290.43,1453.92,3245.2
Guinea,GIN,1998,5262.78,,,6966.98,32735.52,1509.37,3694
Guinea,GIN,1999,5315.59,,,7408.11,34227.27,1566.69,3955
Guinea,GIN,2000,5367.56,,,7877.77,34394.69,1626.34,4176
Guinea,GIN,2001,5500,,,8335.54,34363.69,1687.76,4400
Guinea,GIN,2002,5467.35,,,8891.8,34695.17,1778.95,4680
Guinea,GIN,2003,5515.34,,,9500.63,37165.66,1867.03,4965
Guinea,GIN,2004,5562.83,,,10150.02,39036.87,1959.3,5285
Guinea,GIN,2005,5609.93,,,10962.83,41022.46,2056.22,5570
Guinea,GIN,2006,5656.72,,,12352,44434,1373,5900
Guinea,GIN,2007,5703.31,,,13180,46871,1466,6380
Guinea,GIN,2008,5749.77,,,14063,49442,1512,6750
Guinea,GIN,2009,5796.2,,,14925,52110,2330,6700
Guinea,GIN,2010,5842.66,,,15412,61600,1438,7771
Guinea,GIN,2011,5800,,,16445,64979,1509,9463
Guinea,GIN,2012,6000,,,17546,68543,1583,9883
Guinea,GIN,2013,5990.38,,,18721,72302,1662,13720
Guinea,GIN,2014,6047.38,,,19318,76268,1744,12655
Guinea,GIN,2015,6094.41,,,20522,80451,1830,11103
Guinea,GIN,2016,6146.3,,,21750,84864,1920,11977
Guinea,GIN,2017,6198.45,,,23118,89518,2016,14991
Guinea,GIN,2018,6248.58,,,26303,94428,2117,10559
Guinea,GIN,2019,6297.5,,,22928,99607,2417,11192
Guinea,GIN,2020,6348.79,,,24464,63874,2773,12827.52
Guinea,GIN,2021,6398.72,,,26096,67362,2867,14247.94
Guinea,GIN,2022,6440.72,,,27856,71068,4653,13826.81
Guinea,GIN,2023,6489.14,,,30649.73,86322.2,3431,13996.75
Guinea,GIN,2024,6537.47,,,33965.33,74012.56,3909.55,14137.58
Guinea-Bissau,GNB,1961,,,,605,1870,5120,143.5
Guinea-Bissau,GNB,1962,,,,605,1870,5120,143.5
Guinea-Bissau,GNB,1963,,,,605,1870,5120,144.2
Guinea-Bissau,GNB,1964,,,,605,1870,5120,158.9
Guinea-Bissau,GNB,1965,,,,605,1870,5120,159.6
Guinea-Bissau,GNB,1966,,,,605,1870,5120,181.3
Guinea-Bissau,GNB,1967,,,,605,1870,5120,183.4
Guinea-Bissau,GNB,1968,,,,605,1870,5120,203
Guinea-Bissau,GNB,1969,,,,605,1870,5120,200.2
Guinea-Bissau,GNB,1970,,,,609.5,1870,5120,204.14
Guinea-Bissau,GNB,1971,,,,624,1870,5280,215.6
Guinea-Bissau,GNB,1972,,,,652,1980,5480,256.2
Guinea-Bissau,GNB,1973,,,,680,1980,5680,317.8
Guinea-Bissau,GNB,1974,,,,699,1980,5920,282.1
Guinea-Bissau,GNB,1975,,,,727,2090,6080,254.1
Guinea-Bissau,GNB,1976,,,,765,2090,6440,263.2
Guinea-Bissau,GNB,1977,,,,803,2200,6800,270.9
Guinea-Bissau,GNB,1978,,,,860,2200,7200,280
Guinea-Bissau,GNB,1979,,,,907,2200,7560,294
Guinea-Bissau,GNB,1980,,,,945,2200,7840,319.9
Guinea-Bissau,GNB,1981,,,,964,2310,8080,337.4
Guinea-Bissau,GNB,1982,,,,992,2420,8240,362.6
Guinea-Bissau,GNB,1983,,,,1011,2420,8400,399
Guinea-Bissau,GNB,1984,,,,1011,2530,8480,448
Guinea-Bissau,GNB,1985,,,,1030,2530,8640,504
Guinea-Bissau,GNB,1986,,,,1056.8,2618,8764,560
Guinea-Bissau,GNB,1987,,,,1076.2,2750,8920,591.5
Guinea-Bissau,GNB,1988,,,,1108,2970,8920,609
Guinea-Bissau,GNB,1989,,,,1128.9,3080,8920,644
Guinea-Bissau,GNB,1990,,,,1161.6,3300,8920,686
Guinea-Bissau,GNB,1991,,,,1204,3608,8920,821.94
Guinea-Bissau,GNB,1992,,,,1295,3696,9200,837.9
Guinea-Bissau,GNB,1993,,,,1359,3789.5,9520,845.88
Guinea-Bissau,GNB,1994,,,,1406,3883,9840,798
Guinea-Bissau,GNB,1995,,,,1429.5,3982,10000,798
Guinea-Bissau,GNB,1996,,,,1471.5,4081,10160,957.6
Guinea-Bissau,GNB,1997,,,,1513.5,4180,10320,1276.8
Guinea-Bissau,GNB,1998,,,,1555.5,4290,10480,1276.8
Guinea-Bissau,GNB,1999,,,,1597.5,4394.5,10640,1356.6
Guinea-Bissau,GNB,2000,,,,1597.5,4510,10640,1356.6
Guinea-Bissau,GNB,2001,,,,1597.5,4532,10800,1436.4
Guinea-Bissau,GNB,2002,,,,1549.16,4532,10800,1556.1
Guinea-Bissau,GNB,2003,,,,1676.5,5148,11240,1556.1
Guinea-Bissau,GNB,2004,,,,1676.5,5148,11240,1651.86
Guinea-Bissau,GNB,2005,,,,1716,5247,11540,1683.78
Guinea-Bissau,GNB,2006,,,,1826.5,5346,11856,1755.6
Guinea-Bissau,GNB,2007,,,,1965,5445,12184,1803.48
Guinea-Bissau,GNB,2008,,,,2105.75,6652,12520,1815.45
Guinea-Bissau,GNB,2009,,,,2250.68,6149,12792,1979.04
Guinea-Bissau,GNB,2010,,,,2347.5,6352.5,13600,2034.9
Guinea-Bissau,GNB,2011,,,,2387,6490,15000,2154.6
Guinea-Bissau,GNB,2012,,,,2416,6710,15200,2194.5
Guinea-Bissau,GNB,2013,,,,2384.71,6714.94,16237.51,2444.27
Guinea-Bissau,GNB,2014,,,,2395.87,6584.17,15399.03,2687.42
Guinea-Bissau,GNB,2015,,,,2365.56,6587.09,13986.71,2715.49
Guinea-Bissau,GNB,2016,,,,2343.39,6733.39,13648.91,2740.63
Guinea-Bissau,GNB,2017,,,,2320.24,6953.41,14663.9,2827.15
Guinea-Bissau,GNB,2018,,,,2281.7,7096.79,12489.29,2843.22
Guinea-Bissau,GNB,2019,,,,2261.8,7385.1,10876.1,2905.06
Guinea-Bissau,GNB,2020,,,,2212.3,8076.07,13055.91,2978.9
Guinea-Bissau,GNB,2021,,,,2213.53,7595.96,14472.69,3065.75
Guinea-Bissau,GNB,2022,,,,2169.48,7713.67,14157.46,3074.92
Guinea-Bissau,GNB,2023,,,,2136.56,7834.94,13953.7,3128.9
Guinea-Bissau,GNB,2024,,,,2103,7956.75,13751.64,3183.38
Guyana,GUY,1961,,,,265,3207,296,1815
Guyana,GUY,1962,,,,321,3102,357,1925
Guyana,GUY,1963,,,,334,2982,410,1980
Guyana,GUY,1964,,,,407,3464,435,2530
Guyana,GUY,1965,,,,442,3897,462,2750
Guyana,GUY,1966,,,,447,4283,636,3080
Guyana,GUY,1967,,,,424.6,3923,772,3080
Guyana,GUY,1968,,,,527,3984,975,4180
Guyana,GUY,1969,,,,504.8,4247,1184,5500
Guyana,GUY,1970,,,,511,4010,1200,6050
Guyana,GUY,1971,,,,507,4320,1507,6600
Guyana,GUY,1972,,,,520,4355,1542,7700
Guyana,GUY,1973,,,,558,4360,1416,8800
Guyana,GUY,1974,,,,530,3765,1118,9350
Guyana,GUY,1975,,,,550,4062,1459,9900
Guyana,GUY,1976,,,,570,3992,2223,10340
Guyana,GUY,1977,,,,590,3130,2313,11000
Guyana,GUY,1978,,,,610,3311,1678,10200
Guyana,GUY,1979,,,,630,1769,1814,10200
Guyana,GUY,1980,,,,650,2268,1416,10300
Guyana,GUY,1981,,,,670,2087,1361,10300
Guyana,GUY,1982,,,,690,2270,1134,7000
Guyana,GUY,1983,,,,710,2213,909,3800
Guyana,GUY,1984,,,,710,1607,1072,4000
Guyana,GUY,1985,,,,730,1669,1078,2800
Guyana,GUY,1986,,,,730,1679,1088,3000
Guyana,GUY,1987,,,,740,1829,1118,3600
Guyana,GUY,1988,,,,750,2100,1100,3900
Guyana,GUY,1989,,,,760,2439,1016,2200
Guyana,GUY,1990,,,,765,2200,900,2100
Guyana,GUY,1991,,,,770,3021,900,1500
Guyana,GUY,1992,,,,780,4200,600,3100
Guyana,GUY,1993,,,,780,3840,1137,4100
Guyana,GUY,1994,,,,780,4600,500,6200
Guyana,GUY,1995,,,,780,3800,500,7318
Guyana,GUY,1996,,,,780,2900,450,10725
Guyana,GUY,1997,,,,780,2100,400,11972
Guyana,GUY,1998,,,,780,2100,380,11278
Guyana,GUY,1999,,,,780,1800,365,12433
Guyana,GUY,2000,,,,780,1900,350,11800
Guyana,GUY,2001,,,,780,2000,350,12489
Guyana,GUY,2002,,,,780,1530,360,16732
Guyana,GUY,2003,,,,780,1750,400,23681
Guyana,GUY,2004,,,,780,1882,420,24312
Guyana,GUY,2005,,,,780,2028,420,22699
Guyana,GUY,2006,,,,780,2107,400,20700
Guyana,GUY,2007,,,,820,2160,400,25200
Guyana,GUY,2008,,,,820,2131,350,23200
Guyana,GUY,2009,,,,821,2110,266,27100
Guyana,GUY,2010,,,,820,2260,305,24900
Guyana,GUY,2011,,,,823,2153,203,25573.47
Guyana,GUY,2012,,,,836,1635.37,199,30412.76
Guyana,GUY,2013,,,,836,2262,572,29280
Guyana,GUY,2014,,,,828.66,2667,418,28421
Guyana,GUY,2015,,,,825.58,2282,281,30678
Guyana,GUY,2016,,,,825.11,2036,252,32163
Guyana,GUY,2017,,,,826.16,1978.79,469.9,30668.02
Guyana,GUY,2018,,,,828.2,2127.94,570.9,41920
Guyana,GUY,2019,,,,829.09,2827.57,952.36,38729.19
Guyana,GUY,2020,,,,830.42,2927,793,42748
Guyana,GUY,2021,,,,832.03,2827.67,955.01,48945
Guyana,GUY,2022,,,,833.6,3057,1008,56921
Guyana,GUY,2023,,,,835.32,2728,928,62528
Guyana,GUY,2024,,,,837.03,3256,1647,81678
Haiti,HTI,1961,,2679,,3460,13500,16800,2384.85
Haiti,HTI,1962,,2747,,3520,14000,17200,2432.62
Haiti,HTI,1963,,2816,,3610,14500,17600,2480.39
Haiti,HTI,1964,,2888,,3690,15000,18000,2528.16
Haiti,HTI,1965,,2960,,3499,15966,18400,2576.02
Haiti,HTI,1966,,3034,,3590,16388,18880,2624
Haiti,HTI,1967,,3111,,3995,17500,21300,2986.5
Haiti,HTI,1968,,3189,,4035,17600,22000,3080.45
Haiti,HTI,1969,,3269,,4115,18100,22800,3218.4
Haiti,HTI,1970,,3352,,4180,18500,24000,3354.7
Haiti,HTI,1971,,3436,,4240,19100,25000,3537.5
Haiti,HTI,1972,,3520,,4230,20200,25900,3723.25
Haiti,HTI,1973,,3620,,4355,20300,26400,3906.2
Haiti,HTI,1974,,3700,,4078,20800,27800,4089.3
Haiti,HTI,1975,,3800,,4100,21000,29200,4272.25
Haiti,HTI,1976,,3900,,4122,21700,30100,4455.2
Haiti,HTI,1977,,4000,,4125,21600,28000,4546.5
Haiti,HTI,1978,,4200,,3480,23200,31300,4729
Haiti,HTI,1979,,4300,,3660,22500,29000,5452.25
Haiti,HTI,1980,,4400,,3675,24400,21800,5724.75
Haiti,HTI,1981,,4400,,3825,27000,15300,6178
Haiti,HTI,1982,,4500,,3937,29700,16800,6631.25
Haiti,HTI,1983,,4600,,3967,30600,16400,7534.5
Haiti,HTI,1984,,4600,,3990,31500,16400,7984.5
Haiti,HTI,1985,,4600,,4000,31500,16400,7984.5
Haiti,HTI,1986,,4600,,4010,30400,18000,7896.5
Haiti,HTI,1987,,4600,,4030,29000,16400,7748
Haiti,HTI,1988,,4700,,4040,28000,15200,7305
Haiti,HTI,1989,,4740,,4050,27000,13600,7041
Haiti,HTI,1990,,4760,,4761,24000,12800,6700
Haiti,HTI,1991,,4700,,4412,25000,15000,6350
Haiti,HTI,1992,,5000,,4095,27000,18150,6145
Haiti,HTI,1993,,5100,,4289,28800,19057,6145
Haiti,HTI,1994,,5200,,4165,27840,21000,8485
Haiti,HTI,1995,,5300,,3870,23940,22990,6685
Haiti,HTI,1996,,5400,,4500,28000,24140,5785
Haiti,HTI,1997,,5400,,5250,28000,25410,5785
Haiti,HTI,1998,,5400,,6000,30800,26860,7585
Haiti,HTI,1999,,5400,,5992,31000,26880,7585
Haiti,HTI,2000,,5500,,7200,40300,28000,8333
Haiti,HTI,2001,,5600,,7250,40500,31200,8322
Haiti,HTI,2002,,5600,,7295,42000,33000,8527
Haiti,HTI,2003,,5700,,7308,42500,33060,8520
Haiti,HTI,2004,,5600,,6780,42730,33000,8435.5
Haiti,HTI,2005,,5700,,7254,43500,33060,8546.5
Haiti,HTI,2006,,5600,,6545,43500,33000,8435.5
Haiti,HTI,2007,,5600,,7511,43500,33000,8435.5
Haiti,HTI,2008,,5600,,8108,43500,33000,8435.5
Haiti,HTI,2009,,5600,,7274,43500,33000,8525.5
Haiti,HTI,2010,,5600,,6340,45000,33000,9155.5
Haiti,HTI,2011,,5600,,6350,45500,33000,9065.5
Haiti,HTI,2012,,5600,,6410,46500,33000,8525.5
Haiti,HTI,2013,,5600,,6410,46500,33000,8525.5
Haiti,HTI,2014,,5409.85,,7112.96,45906.48,32703.38,8739.87
Haiti,HTI,2015,,5308.98,,7623.44,46588.06,31724.72,8935.09
Haiti,HTI,2016,,5210.87,,8740.07,46456.74,32295.53,9020.71
Haiti,HTI,2017,,5201.08,,7353.02,47554.91,32244.74,9025.01
Haiti,HTI,2018,,5026.43,,5699.41,48279.92,32204.7,9074.74
Haiti,HTI,2019,,5005.84,,6504.59,48966.99,32092.61,9134.76
Haiti,HTI,2020,,4983.01,,6486.37,48980.38,32122.78,9231.51
Haiti,HTI,2021,,4967.92,,6634.96,49234.81,31987.24,9336.03
Haiti,HTI,2022,,4945.07,,6928.33,49173.34,31738.37,9346.35
Haiti,HTI,2023,,4923.27,,6944.32,49557.97,31622.38,9408.98
Haiti,HTI,2024,,4901.43,,6991.39,49944.42,31506.13,9471.75
High-income countries,OWID_HIC,1961,272459,342944,18251,2448342.2,15908621,15809118,5892693.5
High-income countries,OWID_HIC,1962,257689,317810,18476,2472861.2,16515164,16343012,6021605
High-income countries,OWID_HIC,1963,259488,303568,18784,2413858.8,17320862,16523037,6423254.5
High-income countries,OWID_HIC,1964,271917,302839,18773,2437844.5,18270928,17234278,6859685
High-income countries,OWID_HIC,1965,276108,286078,19291.8,2409618.2,18330174,17425456,7349227
High-income countries,OWID_HIC,1966,279621,264145,19570,2474066.2,19083176,17763460,7868629
High-income countries,OWID_HIC,1967,283898,241310,19971.6,2492211.2,19714850,18755528,8343613.5
High-income countries,OWID_HIC,1968,288501,247109,22140.85,2580252.5,20485892,19584986,8475044
High-income countries,OWID_HIC,1969,294364,254852,20738.8,2541249.8,20740306,19471788,9151610
High-income countries,OWID_HIC,1970,296869,249478,21432.8,2688659.2,21452896,20437878,10020784
High-income countries,OWID_HIC,1971,300279,239867,24631.05,2772446.2,21564684,22129254,10345641
High-income countries,OWID_HIC,1972,302457,226248,26497,2892234.5,21297416,22341878,11123153
High-income countries,OWID_HIC,1973,310728,227454,32299.1,2626098.2,21214548,22428488,11478722
High-income countries,OWID_HIC,1974,312041,230851,48950.4,2356283.5,23521350,23729506,11715671
High-income countries,OWID_HIC,1975,307978,254761,44700.3,2383762,24845902,22389856,11719391
High-income countries,OWID_HIC,1976,306200,277156,42209.45,2447716.2,26148134,22961528,12863651
High-income countries,OWID_HIC,1977,314134,290911,40433.3,2375723,25693598,24146478,13439297
High-income countries,OWID_HIC,1978,312500,290842,36418.8,2344939.8,25287958,25272526,14164611
High-income countries,OWID_HIC,1979,319904,281276,39741.3,2358519.2,24066336,27555540,15224520
High-income countries,OWID_HIC,1980,312459,267714,38070,2595943.2,23999700,28620774,15819784
High-income countries,OWID_HIC,1981,315462,243518,32613,2699284.2,24056226,27971360,16679299
High-income countries,OWID_HIC,1982,317157,216207,31398.5,2685742.8,24162700,27400832,16819800
High-income countries,OWID_HIC,1983,317357,216225,33231,2819502,24704784,28356206,17057662
High-income countries,OWID_HIC,1984,301116,231336.2,38187.7,2789216.5,25131716,28607400,17431532
High-income countries,OWID_HIC,1985,304887,243932.7,41489.3,2931813.5,25392864,29154446,18121134
High-income countries,OWID_HIC,1986,297660,247232.7,41225.65,2876872,25880456,29228638,19054990
High-income countries,OWID_HIC,1987,298196,263810.7,42152,2901829.2,25639880,30013078,20435540
High-income countries,OWID_HIC,1988,299307,260980.7,44650,2941228.2,25118104,31279836,21142152
High-income countries,OWID_HIC,1989,302258,261633.1,45995.5,2970041.8,24525740,31181570,21780590
High-income countries,OWID_HIC,1990,297715,261746,51780.25,3062589.2,25237668,31208112,22871060
High-income countries,OWID_HIC,1991,314282.4,243435.34,53790.75,3104021,25520606,30929510,24060732
High-income countries,OWID_HIC,1992,340763,300323.5,54465.7,3492189,29137338,34931004,26775886
High-income countries,OWID_HIC,1993,330655.22,275402,57061.32,3402977.2,28421308,35777540,27718346
High-income countries,OWID_HIC,1994,341435.34,247442,62993.72,3371408.2,27833356,35414336,28964588
High-income countries,OWID_HIC,1995,406276.38,246962,57489.37,3256747.8,27895362,35451080,29867986
High-income countries,OWID_HIC,1996,400320.9,243956,71907.06,3142217.5,28226594,35378730,31178498
High-income countries,OWID_HIC,1997,397057.34,259163,67542.62,3078410.8,28318812,34763436,32172648
High-income countries,OWID_HIC,1998,414945.97,246816,64011.43,3135600.2,28159162,37068468,32930000
High-income countries,OWID_HIC,1999,425706.47,238386,59934,3081985.8,27901968,37753190,33589264
High-income countries,OWID_HIC,2000,423223.66,246927,61302.08,3161565.8,28219638,37955356,34084680
High-income countries,OWID_HIC,2001,405397,275017.72,62114,3060731,27946980,37778810,35278292
High-income countries,OWID_HIC,2002,409236.8,237399,63650.3,2952336.8,28004736,38786740,36364332
High-income countries,OWID_HIC,2003,399332.72,230021,65509.4,2915765.2,28259394,39526580,36018610
High-income countries,OWID_HIC,2004,400537.97,219050,67848,2871266,28433622,39223016,36947560
High-income countries,OWID_HIC,2005,407628.6,210417,66179,2941220.5,27354750,39235264,38199704
High-income countries,OWID_HIC,2006,415742.06,220515.7,69643,2977101.8,27324294,39770156,38405016
High-income countries,OWID_HIC,2007,424028.38,179364.19,74790,3051411,27915956,41374052,39652510
High-income countries,OWID_HIC,2008,431859.84,189070.48,74147,2992861.8,28080210,42115356,40249308
High-income countries,OWID_HIC,2009,425755.75,184438.84,81969,2846752.8,27913260,41663104,40398068
High-income countries,OWID_HIC,2010,417468.3,188144.2,84170,2697182.2,27831912,42245252,41885264
High-income countries,OWID_HIC,2011,418654.22,188754.1,85205.53,2674788.5,27601754,42570228,42797280
High-income countries,OWID_HIC,2012,421090,198561.28,82093.78,2699018.8,27254290,42879064,43859160
High-income countries,OWID_HIC,2013,422003.94,185033.2,91325.62,2839468.2,27048754,42889012,45128772
High-income countries,OWID_HIC,2014,418696.88,178043.62,94890.11,2865495,27302430,42794220,46435830
High-income countries,OWID_HIC,2015,405840.62,180403.98,100958.78,2868607.2,26707458,44674268,47941790
High-income countries,OWID_HIC,2016,416883.2,178647.89,107958.17,2874233,27221058,45612344,49409252
High-income countries,OWID_HIC,2017,414930.5,164839.19,113411.375,2822055.5,27478716,45956660,50236820
High-income countries,OWID_HIC,2018,305332.3,150814.86,115171.31,2873537.8,28280004,46999976,51906790
High-income countries,OWID_HIC,2019,307878.62,148879.53,114536.92,2913576.8,28589336,47688720,52972024
High-income countries,OWID_HIC,2020,309345.5,134803.52,119981.18,2866364,28204514,48873036,51486010
High-income countries,OWID_HIC,2021,312134.6,137474.19,109855.766,2843260,28483696,49074212,52276756
High-income countries,OWID_HIC,2022,311241.5,132817.6,118952.72,2827968.8,28508652,47600710,53282348
High-income countries,OWID_HIC,2023,310381.34,123932.2,134510.14,3035322,27955792,46385380,53857468
High-income countries,OWID_HIC,2024,310192.16,127288.12,133926.31,3014558.8,28456154,47240708,54597390
Honduras,HND,1961,,375,,204,17578,7606,2500
Honduras,HND,1962,,375,,198,19492,8009,2600
Honduras,HND,1963,,375,,184.5,19680,8465,2900
Honduras,HND,1964,,375,,180,18588,8616,3800
Honduras,HND,1965,,375,,174,19464,8918,4000
Honduras,HND,1966,,375,,132.75,19761,8765,4500
Honduras,HND,1967,,375,,174,23307,9054,4600
Honduras,HND,1968,,375,,180,25984,9178,4700
Honduras,HND,1969,,375,,180,28948,9818,4800
Honduras,HND,1970,,375,,180,29963,10240,4900
Honduras,HND,1971,,375,,156,37973,10383,5000
Honduras,HND,1972,,375,,162,39407,10549,5100
Honduras,HND,1973,,375,,162,42239,9353,5159
Honduras,HND,1974,,375,,127.5,35431,8562,5258
Honduras,HND,1975,,375,,175.53,39615,8445,6425
Honduras,HND,1976,,375,,179.49,42052,9246,5978
Honduras,HND,1977,,375,,183.59,41523,8232,7076
Honduras,HND,1978,,375,,187.83,54196,9061,8209
Honduras,HND,1979,,375,,192.22,58983,9517,8421
Honduras,HND,1980,,375,,196.78,63256,9794,8660
Honduras,HND,1981,,412.5,,201.62,60349,11985,9699
Honduras,HND,1982,,425,,176.25,46060,10611,11934
Honduras,HND,1983,,437.5,,184.5,34887,8634,13332
Honduras,HND,1984,,450,,192.75,34498,11300,13331
Honduras,HND,1985,,462.5,,198.75,35072,10300,17551
Honduras,HND,1986,,462.5,,206.25,27331,10700,16500
Honduras,HND,1987,,462.5,,217.5,45000,11000,16120
Honduras,HND,1988,,468.75,,198,46000,11500,20870
Honduras,HND,1989,,468.75,,216,46000,12600,20257
Honduras,HND,1990,,468.75,,216,46000,12960,28139
Honduras,HND,1991,,475,,228,45060,13141,31372
Honduras,HND,1992,,475,,237,44400,13246,35289
Honduras,HND,1993,,487.5,,237,44500,13352,38476
Honduras,HND,1994,,500,,247.5,72688,7886,45913
Honduras,HND,1995,,512.5,,247.5,64164,8492,49559
Honduras,HND,1996,,512.5,,249,67831,8884,53800
Honduras,HND,1997,,525,,315,63422,9091,58358
Honduras,HND,1998,,537.5,,256.5,57080,9126,58458
Honduras,HND,1999,,550,,262.5,54711,9285,68750
Honduras,HND,2000,,562.5,,271.5,55000,9513,75625
Honduras,HND,2001,,562.5,,277.5,55295,9748,66291
Honduras,HND,2002,,562.5,,237.75,54462,9329,104822
Honduras,HND,2003,,562.5,,234.6,61372,8300,116774
Honduras,HND,2004,,562.5,,233.1,63571,8772,128759
Honduras,HND,2005,,562.5,,231.6,65744,9013,140711
Honduras,HND,2006,,562.5,,234,67600,11073,126707
Honduras,HND,2007,,562.5,,235.5,70907,11353,134367
Honduras,HND,2008,,568.75,,235.5,74376,11640,142028
Honduras,HND,2009,,568.75,,237,55840,12070,145280
Honduras,HND,2010,,575,,240,58593,11933,134312
Honduras,HND,2011,,575,,253.5,64987,12085,146107
Honduras,HND,2012,,551.31,,259.5,62265,13363,154637
Honduras,HND,2013,,539.54,,253.28,63000,13400,150699.98
Honduras,HND,2014,,530.59,,249.79,63259,12709.6,156136
Honduras,HND,2015,,529.69,,249.85,63668,12282,174958
Honduras,HND,2016,,526.87,,249.16,64709,11242,186976
Honduras,HND,2017,,526.52,,248.06,65342,10824,192593
Honduras,HND,2018,,506.16,,247.36,66182.22,10527.86,205574.55
Honduras,HND,2019,,504.93,,246.93,65782.15,9608.7,206683.72
Honduras,HND,2020,,502.99,,246.52,65000,8503.57,186974.17
Honduras,HND,2021,,502.25,,251.99,66000,8359.6,223449.06
Honduras,HND,2022,,500.55,,252.7,66000,7868.16,227214.14
Honduras,HND,2023,,498.89,,253.34,66000,7437.22,229008.39
Honduras,HND,2024,,497.22,,253.99,65000,7037.63,229377.27
Hong Kong,HKG,1961,0,,,91.8,15500,52000,20884
Hong Kong,HKG,1962,0,,,120.22,20150,78000,21884
Hong Kong,HKG,1963,0,,,110.22,17950,93000,22884
Hong Kong,HKG,1964,0,,,120.38,22400,98500,23952
Hong Kong,HKG,1965,0,,,130.16,27150,101000,24952
Hong Kong,HKG,1966,1105,,,160.45,28000,113000,26014.29
Hong Kong,HKG,1967,2064,,,200.38,25000,101000,27060.8
Hong Kong,HKG,1968,2980,,,145.3,26000,108000,27656
Hong Kong,HKG,1969,4800,,,120.38,28000,108000,28360
Hong Kong,HKG,1970,4560,,,179.22,29000,112000,28948
Hong Kong,HKG,1971,4840,,,354.45,26000,139000,34841
Hong Kong,HKG,1972,4600,,,260.4,30000,154000,38661
Hong Kong,HKG,1973,3320,,,220.4,29000,149000,35560
Hong Kong,HKG,1974,3800,,,190.48,26000,146000,31900
Hong Kong,HKG,1975,3800,,,240.32,29200,143000,31200
Hong Kong,HKG,1976,4000,,,195.08,28700,152000,36250.5
Hong Kong,HKG,1977,4000,,,210.08,27695,157340,48704
Hong Kong,HKG,1978,4000,,,200,31123,157315,48241
Hong Kong,HKG,1979,4500,,,200,31777,168102,51065.2
Hong Kong,HKG,1980,4500,,,221,33862,178730,54735.55
Hong Kong,HKG,1981,4500,,,216,35130,186770,67504.6
Hong Kong,HKG,1982,5000,,,192,36550,187110,68824.8
Hong Kong,HKG,1983,5000,,,168,36840,184040,62804.35
Hong Kong,HKG,1984,5150,,,200,36640,179820,60998
Hong Kong,HKG,1985,5300,,,223.51,38100,182420,75453.5
Hong Kong,HKG,1986,5350,,,318.71,39630,197040,87175.3
Hong Kong,HKG,1987,5480,,,268.49,40460,197050,89429.5
Hong Kong,HKG,1988,5480,,,256.95,39900,200000,85575.75
Hong Kong,HKG,1989,5600,,,253.1,37290,193700,83993.1
Hong Kong,HKG,1990,5700,,,248.15,39390,187760,100830
Hong Kong,HKG,1991,5800,,,221.72,37530,168090,94314
Hong Kong,HKG,1992,5900,,,206.69,35290,159970,85148
Hong Kong,HKG,1993,6000,,,153,32100,149130,81886
Hong Kong,HKG,1994,6098.4,,,131.09,28910,165580,64180
Hong Kong,HKG,1995,6195.22,,,113.38,25264,159200,59165
Hong Kong,HKG,1996,6290.2,,,89.19,20107,156040,58742
Hong Kong,HKG,1997,6383.26,,,83.19,15000,153000,60476
Hong Kong,HKG,1998,6474.32,,,72.19,19000,161000,54630
Hong Kong,HKG,1999,6563.3,,,52.19,18000,161000,64630
Hong Kong,HKG,2000,6650.11,,,50.19,18000,161000,67608
Hong Kong,HKG,2001,6734.67,,,51.19,15000,165000,61793
Hong Kong,HKG,2002,6797.92,,,47.19,14000,147000,61896.5
Hong Kong,HKG,2003,6896.7,,,53.19,13000,145000,58570.5
Hong Kong,HKG,2004,6969.25,,,84.19,14000,161000,29489
Hong Kong,HKG,2005,7039.22,,,90.19,14000,148000,39489
Hong Kong,HKG,2006,7106.51,,,141.23,14000,146000,29489
Hong Kong,HKG,2007,7171.04,,,155.23,12400,132000,38489
Hong Kong,HKG,2008,7232.72,,,126.23,8600,116000,38489
Hong Kong,HKG,2009,7291.48,,,145.23,8500,126000,38489
Hong Kong,HKG,2010,7347.23,,,160.23,8500,129000.01,31489
Hong Kong,HKG,2011,7400,,,164.23,8500,116700.01,27456.4
Hong Kong,HKG,2012,7450,,,113.23,7800,122800,28223.8
Hong Kong,HKG,2013,7500,,,118.23,7900,123700,28240.1
Hong Kong,HKG,2014,7550.5,,,106.04,7537.55,124730.37,27258.8
Hong Kong,HKG,2015,7652.47,,,107.89,6900,122354.1,25784.09
Hong Kong,HKG,2016,7741.22,,,99.19,6600,118231.94,24179.42
Hong Kong,HKG,2017,7831.25,,,92.38,6600,120000,23840.49
Hong Kong,HKG,2018,7921.35,,,79.31,6460.77,120000,25590.52
Hong Kong,HKG,2019,8010.83,,,88.13,6417.38,120000,25786.53
Hong Kong,HKG,2020,8100.05,,,84.28,6254.7,120000,24283.85
Hong Kong,HKG,2021,7963.31,,,79.43,6126.31,103608.22,22271.06
Hong Kong,HKG,2022,8025.67,,,77.12,6024.37,117859.08,23392.59
Hong Kong,HKG,2023,8091.18,,,75.97,6000,108472.5,23939.62
Hong Kong,HKG,2024,8156.7,,,74.83,5802.01,102594.84,24362.81
Hungary,HUN,1961,,11500,,10200,106800,502300,129200
Hungary,HUN,1962,,5000,,10100,117000,503600,137500
Hungary,HUN,1963,,3200,,8700,108900,510300,145600
Hungary,HUN,1964,,3200,,6200,98500,516300,157100
Hungary,HUN,1965,,4000,,8900,101100,545500,157100
Hungary,HUN,1966,,2400,,9100,100200,536900,167000
Hungary,HUN,1967,,2200,,8400,106400,523300,180600
Hungary,HUN,1968,,3300,,7600,121900,616500,182300
Hungary,HUN,1969,,1900,,7400,127600,542200,188900
Hungary,HUN,1970,,2300,,6300,119300,569800,221900
Hungary,HUN,1971,,2000,,5300,120100,683400,233100
Hungary,HUN,1972,,3200,,5500,107300,774900,226300
Hungary,HUN,1973,,900,,7000,120700,696400,242800
Hungary,HUN,1974,,800,,6300,123800,809500,267600
Hungary,HUN,1975,,1200,,6600,145900,843400,275400
Hungary,HUN,1976,,1500,,4700,137600,765200,302000
Hungary,HUN,1977,,600,,3600,134000,864500,313000
Hungary,HUN,1978,,600,,5900,139000,853000,319700
Hungary,HUN,1979,,500,,4700,140200,884500,319300
Hungary,HUN,1980,,600,,7300,153100,904900,352000
Hungary,HUN,1981,,200,,7500,141000,906100,366000
Hungary,HUN,1982,,200,,6900,140600,946800,417600
Hungary,HUN,1983,,0,,7000,127400,1049300,402300
Hungary,HUN,1984,,0,,8100,131800,1123500,402500
Hungary,HUN,1985,,0,,8800,145500,1011100,402000
Hungary,HUN,1986,,0,,8300,124200,985500,439700
Hungary,HUN,1987,,0,,4800,129300,1036700,463300
Hungary,HUN,1988,,0,,4600,110100,1021900,478100
Hungary,HUN,1989,,0,,6900,113900,1014300,436400
Hungary,HUN,1990,,,,5465,113800,1017700,450500
Hungary,HUN,1991,,0,,6065,122800,930500,352700
Hungary,HUN,1992,,0,,6065,123200,764300,340000
Hungary,HUN,1993,,0,,1865,97100,672400,319300
Hungary,HUN,1994,,0,,1230,72100,608300,341200
Hungary,HUN,1995,,0,,2070,57500,578300,387000
Hungary,HUN,1996,,0,,1820,50200,670700,377296
Hungary,HUN,1997,,0,,2130,55270,580720,402071
Hungary,HUN,1998,,0,,2730,47020,569900,451523
Hungary,HUN,1999,,0,,3860,50970,625890,399357
Hungary,HUN,2000,,0,,3770,66940,613420,470028
Hungary,HUN,2001,,18.72,,2888,51600,556100,472339
Hungary,HUN,2002,,0,,2700,47620,580000,515042
Hungary,HUN,2003,,0,,1122,39173,510318,492079
Hungary,HUN,2004,,50,,1379,37513,486541,468794
Hungary,HUN,2005,,70,,1103,32241,453892,433224
Hungary,HUN,2006,,10,,1142,33303,489127,385031
Hungary,HUN,2007,,21,,874,34258,499437,375958
Hungary,HUN,2008,,22,,1218,32121,461175,387632
Hungary,HUN,2009,,64,,1054,30149,453484,386949
Hungary,HUN,2010,,80,,1045,27598,452073,375626
Hungary,HUN,2011,,98,,1200,26432,434707,402075
Hungary,HUN,2012,,93,,1334,25394,393712,428461
Hungary,HUN,2013,,86,,1028,23457,368153,404683
Hungary,HUN,2014,,102,,1368,24080,412292,441931
Hungary,HUN,2015,,208,,1417,27315,455088,490121
Hungary,HUN,2016,,169,,1229,28939,457808,514545
Hungary,HUN,2017,,272,,1795,28162,469829,493098
Hungary,HUN,2018,,151,,1800,30180,467100,525405
Hungary,HUN,2019,,,,1800,30820,462060,531680
Hungary,HUN,2020,,,,1120,29150,455720,534608.94
Hungary,HUN,2021,,,,1370,30080,473800,545667.25
Hungary,HUN,2022,,,,1330,26900,441320,485633
Hungary,HUN,2023,,,,1370,24180,427030,541339.3
Hungary,HUN,2024,,,,1560,23810,462920,543588.2
Iceland,ISL,1961,,1070,,13000,2000,250,250
Iceland,ISL,1962,,1168,,13258,2600,280,250
Iceland,ISL,1963,,1110,,12303,2600,290,250
Iceland,ISL,1964,,960,,11307,2700,320,250
Iceland,ISL,1965,,860,,12367,2700,330,250
Iceland,ISL,1966,,740,,12599,2620,440,250
Iceland,ISL,1967,,800,,13464,2719,440,250
Iceland,ISL,1968,,855,,13127,1800,481,250
Iceland,ISL,1969,,1271,,12894,1913,405,250
Iceland,ISL,1970,,595,,12242,2190,408,300
Iceland,ISL,1971,,766,,11266,2165,400,330
Iceland,ISL,1972,,760,,12478,2400,430,375
Iceland,ISL,1973,,664,,13715,2572,560,450
Iceland,ISL,1974,,761,,13983,2660,600,430
Iceland,ISL,1975,,640,,15327,2880,600,447
Iceland,ISL,1976,,653,,14755,2446,680,470
Iceland,ISL,1977,,660,,14780,2191,720,500
Iceland,ISL,1978,,713,,15755,2593,780,660
Iceland,ISL,1979,,763,,15893,3324,900,580
Iceland,ISL,1980,,1169,,14479,2224,1050,714
Iceland,ISL,1981,,1343,,14781,2538,1110,771
Iceland,ISL,1982,,1406,,14344,2289,982,790
Iceland,ISL,1983,,1299,,13694,2759,1267,1033
Iceland,ISL,1984,,922,,13015,2807,1435,1064
Iceland,ISL,1985,,1077,,12875,3239,1630,1527
Iceland,ISL,1986,,969,,13472,3416,1868,2139
Iceland,ISL,1987,,652,,12598,3302,2007,1851
Iceland,ISL,1988,,515,,10543,2923,2474,1115
Iceland,ISL,1989,,782,,9623,2890,2686,1292
Iceland,ISL,1990,,639,,9454,2932,2533,1520
Iceland,ISL,1991,,727,,9307,2998,2594,1558
Iceland,ISL,1992,,831,,8597,3380,2643,1602
Iceland,ISL,1993,,822,,8850,3401,2861,1501
Iceland,ISL,1994,,809,,8798,3541,3212,1349
Iceland,ISL,1995,,988,,8690,3061,3330,1952
Iceland,ISL,1996,,637,,8131,3142,3740,1704
Iceland,ISL,1997,,725,,7903,3441,3938,2107
Iceland,ISL,1998,,792,,8176,3443,3886,2736
Iceland,ISL,1999,,1070,,8644,3664,4706,3006
Iceland,ISL,2000,,1100,,9735,3626,4783,3051
Iceland,ISL,2001,,1055,,8616,3683,5284,3776
Iceland,ISL,2002,,1019,,8676,3639,6011,4633
Iceland,ISL,2003,,906,,8792,3624,6205,5706
Iceland,ISL,2004,,883,,8644,3611,5597,5392
Iceland,ISL,2005,,762,,8738,3540,5300,5768
Iceland,ISL,2006,,850,,8647,3196,5744,6653
Iceland,ISL,2007,,947,,8644,3557,6088,7597
Iceland,ISL,2008,,1005,,8930,3607,6645,7402
Iceland,ISL,2009,,1018,,8841,3761,6375,7146
Iceland,ISL,2010,,799,,9166,3895,6158,6905
Iceland,ISL,2011,,878,,9587,3858,6044,7240
Iceland,ISL,2012,,1503,,9921,4114,5855,7835
Iceland,ISL,2013,,1293,,9891,4082,6404,7879
Iceland,ISL,2014,,1196,,10100,3495,6472,8046
Iceland,ISL,2015,,946,,10185,3605,6806,8328
Iceland,ISL,2016,,982,,10375,4387,6089,9014
Iceland,ISL,2017,,1061,,10619,4614,6265,9697
Iceland,ISL,2018,,939,,10487,4775,6797,9760
Iceland,ISL,2019,,1085,,9719,4826,6533,9908
Iceland,ISL,2020,,1066,,9477,4652,6813,9379
Iceland,ISL,2021,,831,,9388,4965,6580,9294
Iceland,ISL,2022,,951,,8659,4948,6369,9501
Iceland,ISL,2023,,910,,8403,4885,6215,9663
Iceland,ISL,2024,,982,,7966,4860,6756,10229
India,IND,1961,,,,357400,1056852,154000,77838.5
India,IND,1962,,,,378600,1076380,152775,78618.5
India,IND,1963,,,,382800,1088666,151375,79398.5
India,IND,1964,,,,385200,1116760,150500,81182
India,IND,1965,,,,386400,1142200,148750,82961
India,IND,1966,,,,388640,1165820,148050,84740
India,IND,1967,,,,388760,1199400,157850,86608
India,IND,1968,,,,388400,1234196,166250,88480.5
India,IND,1969,,,,386000,1257428,165550,91352
India,IND,1970,,,,384800,1289988,174300,93220
India,IND,1971,,,,382000,1322824,194425,95088
India,IND,1972,,,,378000,1338000,205100,95827
India,IND,1973,,,,381200,1376200,205275,97086
India,IND,1974,,,,385400,1419490,211225,98345
India,IND,1975,,,,397700,1459032,214200,100630
India,IND,1976,,,,404100,1500485,217525,102870
India,IND,1977,,,,411000,1536230,224875,103260
India,IND,1978,,,,424640,1569200,235200,108360
India,IND,1979,,,,438900,1620873,249900,117960
India,IND,1980,,,,456240,1673972,261450,132150
India,IND,1981,,,,471360,1710776,278950,141210
India,IND,1982,,,,513600.03,1877530,296100,153450
India,IND,1983,,,,518600,1893708,299950,161500
India,IND,1984,,,,525100,1912188,304325,176290
India,IND,1985,,,,533300,1953800,360500,188920
India,IND,1986,,,,543100,1980760,364000,209380
India,IND,1987,,,,589400,2038200,367500,307690
India,IND,1988,,,,597000,2063268,381500,313150
India,IND,1989,,,,604600,2088339,395500,345160
India,IND,1990,,,,611200,2139060.8,413000,391570
India,IND,1991,,,,624796.1,1459000,427000,522580
India,IND,1992,,,,634054.06,1381000,444500,540320
India,IND,1993,,,,645575.25,945000,448000,608360
India,IND,1994,,,,658157,1025000,451500,625100
India,IND,1995,,,,670788.4,1100000,455000,642230
India,IND,1996,,,,682443.6,900000,458500,660390
India,IND,1997,,,,696630.5,1100000,461650,664900
India,IND,1998,,,,701573,1350000,463400,738300
India,IND,1999,,,,706776.56,1450000,464730,810300
India,IND,2000,,,,711999.6,1525000,465850,904040
India,IND,2001,,,,717243.5,1650000,467180,962910
India,IND,2002,,,,722929.6,1810000,468580,1127780
India,IND,2003,,,,729536.7,1960000,469910,1249000
India,IND,2004,,,,755194.9,2170000,444500,1343000
India,IND,2005,,,,781516.4,2225000,425250,1440700
India,IND,2006,,,,809919.25,2450000,404915,1555050
India,IND,2007,,,,838749.75,2490000,385000,1791400
India,IND,2008,,,,923701.7,2700000,381500,1919100
India,IND,2009,,,,959637.7,2950000,378000,2120800
India,IND,2010,,,,1058411.1,3125000,371000,2226150
India,IND,2011,,,,1120703.9,3308000,364000,2515600
India,IND,2012,,,,1182646.1,3491000,357000,2712800
India,IND,2013,,,,1317383.4,3800000,353500,2878822
India,IND,2014,,,,1443210,4000000,350000.75,3073960
India,IND,2015,,,,1515651.9,4080000,361685.84,3296286.2
India,IND,2016,,,,1617373.9,4170000,367167.75,3480885.2
India,IND,2017,,,,1719386.2,4230000,381608.38,3805860
India,IND,2018,,,,1775900,4240000,404460,4103247.5
India,IND,2019,,,,1948700,4270000,414140,4387713.5
India,IND,2020,,,,2095740,3760000,379839.5,4516831
India,IND,2021,,,,2226150,4195000,365630,4661942.5
India,IND,2022,,,,2440020,4350000,376150,4823533
India,IND,2023,,,,2730390,4470000,381790,5039426
India,IND,2024,,,,3014827.2,4565000,371572.06,5063502
Indonesia,IDN,1961,,920,,35000,154300,93500,54385
Indonesia,IDN,1962,,800,,36000,161500,104500,55275
Indonesia,IDN,1963,,750,,35000,155800,115500,56120
Indonesia,IDN,1964,,750,,36000,166000,115500,57410
Indonesia,IDN,1965,,870,,36000,169300,115500,57900
Indonesia,IDN,1966,,620,,36000,164600,115500,58835
Indonesia,IDN,1967,,500,,37600,166000,104500,60725
Indonesia,IDN,1968,,370,,29884,169000,137500,57771.5
Indonesia,IDN,1969,,440,,35996,174000,121000,58771.5
Indonesia,IDN,1970,,446,,39622,204000,126500,59616.5
Indonesia,IDN,1971,,703,,38305,198900,148500,71455.2
Indonesia,IDN,1972,,991,,43175,206300,159500,79301.3
Indonesia,IDN,1973,,1175,,45508,227200,137500,81162.9
Indonesia,IDN,1974,,1254,,44627,248100,143000,88565
Indonesia,IDN,1975,,1539,,50492,255600,132000,93590
Indonesia,IDN,1976,,1517,,51689,264900,148500,98040
Indonesia,IDN,1977,,1696,,53562,260320,148500,103200
Indonesia,IDN,1978,,1826,,57211,259210,143000,111893
Indonesia,IDN,1979,,1400,,61276,260700,176000,142140.05
Indonesia,IDN,1980,,1600,,53900,259800,176000,177285.1
Indonesia,IDN,1981,,1700,,56700,268800,203500,187991.7
Indonesia,IDN,1982,,1800,,59000,276500,214500,199437
Indonesia,IDN,1983,,1800,,89000,247900,280500,263901
Indonesia,IDN,1984,,1700,,77100,264600,335500,279700
Indonesia,IDN,1985,,1700,,79300,276000,368500,318200
Indonesia,IDN,1986,,1300,,93500,277200,412500,343300
Indonesia,IDN,1987,,1500,,92100,278500,418000,382400
Indonesia,IDN,1988,,1600,,97200,279800,462000,404100
Indonesia,IDN,1989,,1400,,95100,295900,495000,442400
Indonesia,IDN,1990,,1700,,90000,303500,544500,508700
Indonesia,IDN,1991,,1500,,94410,309700,230230,583500
Indonesia,IDN,1992,,1800,,99010,342000,324091.5,646600
Indonesia,IDN,1993,,1600,,111250,397512,339996.5,698634
Indonesia,IDN,1994,,1300,,99688,384657,343776.97,822675
Indonesia,IDN,1995,,1237,,94283,359462,233750,875700
Indonesia,IDN,1996,,1159,,98636,395865,297327.4,946979
Indonesia,IDN,1997,,1509,,107176,401003,321339.34,898636
Indonesia,IDN,1998,,1948,,81666,388942,302461.84,620521
Indonesia,IDN,1999,,2265,,77351,356876,212850,620184
Indonesia,IDN,2000,,928,,78300,385795,162398,817740
Indonesia,IDN,2001,,1090,,93472,382329,160153,923520
Indonesia,IDN,2002,,1060,,126880,372599,164491,1104790
Indonesia,IDN,2003,,1590,,144500,410350,177093,1138960
Indonesia,IDN,2004,,1560,,123187,487810,194683,1213121
Indonesia,IDN,2005,,1591,,97931,396757,173669,1147060
Indonesia,IDN,2006,,2267,,140191,439729,195983,1284679
Indonesia,IDN,2007,,1976,,120467,381236,228905,1339925
Indonesia,IDN,2008,,1813,,113056,431543,209777,1380480
Indonesia,IDN,2009,,1799,,128090,443955,200118,1430180
Indonesia,IDN,2010,,1974,,113658,472364,211993,1565600
Indonesia,IDN,2011,,2184,,113138,520664,224800,1693021
Indonesia,IDN,2012,,2920,,109573,545870,232143,1767621
Indonesia,IDN,2013,,3004,,106656,542655,298440,1872482
Indonesia,IDN,2014,,2314,,108754,532907,302287,1972405
Indonesia,IDN,2015,,2239,,109473,542071,330213,2065738
Indonesia,IDN,2016,,2561,,113757,550389,339609,2342634
Indonesia,IDN,2017,,2742,,125466,515700,317402,3218172
Indonesia,IDN,2018,,2402,,152429,523318,215813,3882991
Indonesia,IDN,2019,,1848,,142925,529592,236277,3970326
Indonesia,IDN,2020,,1242,,115899,471944,280938,3678814
Indonesia,IDN,2021,,1293,,110432,506743,260852,3660567.2
Indonesia,IDN,2022,,1338,,118308,520043,262763,4157814
Indonesia,IDN,2023,,1359.1,,130896.92,595712.9,168000.05,4092764.5
Indonesia,IDN,2024,,1329.3,,113708.25,619351.4,160636.28,4217700.5
Iran,IRN,1961,12000,,2800,172300,88840,1200,42570
Iran,IRN,1962,12000,,2800,183000,92920,1200,42655
Iran,IRN,1963,12000,,2200,173100,82060,1200,44840
Iran,IRN,1964,12000,,2000,172400,83600,1200,46325
Iran,IRN,1965,12000,,2000,172400,84500,1200,46410
Iran,IRN,1966,12000,,2000,175900,85400,1200,46510
Iran,IRN,1967,12000,,2000,180800,88260,1200,64610
Iran,IRN,1968,12000,,2000,185400,91120,1200,73110
Iran,IRN,1969,14000,,1600,188000,95880,1200,81910
Iran,IRN,1970,14000,,1400,183800,105140,1350,91725
Iran,IRN,1971,14000,,1200,186600,115040,1350,102740
Iran,IRN,1972,14000,,1200,188000,125580,1350,115155
Iran,IRN,1973,14000,,1200,188700,127640,1350,115270
Iran,IRN,1974,14000,,1100,190600,134520,1500,122388
Iran,IRN,1975,14000,,1100,192500,138000,1400,120486
Iran,IRN,1976,14000,,1200,203200,157680,1500,139660
Iran,IRN,1977,14200,,1200,217000,167200,1500,168834
Iran,IRN,1978,14400,,1200,222000,167040,1500,200960
Iran,IRN,1979,14600,,1200,247400,169040,1250,215110
Iran,IRN,1980,15000,,1200,224800,178680,0,217405
Iran,IRN,1981,15200,,1200,231600,178480,0,219700
Iran,IRN,1982,15500,,1200,244400,178960,0,222004
Iran,IRN,1983,15500,,1200,257000,174120,0,237350
Iran,IRN,1984,16000,,1300,270200,174280,0,242750
Iran,IRN,1985,16000,,1300,284400,177600,0,243300
Iran,IRN,1986,16000,,1400,303000,180760,0,313850
Iran,IRN,1987,18000,,1400,300400,183620,0,339579
Iran,IRN,1988,18000,,1300,303700,190240,0,340250
Iran,IRN,1989,20000,,1300,317000,212240,0,389000
Iran,IRN,1990,22000,,1300,337500,220560,0,389900
Iran,IRN,1991,23000,,4000,344000,226800,0,430725
Iran,IRN,1992,29000,,3660,358000,235960,0,531550
Iran,IRN,1993,32000,,3700,365800,245120,0,572219
Iran,IRN,1994,28800,,3840,371800,255280,0,625750
Iran,IRN,1995,26600,,3960,376800,264920,0,649850
Iran,IRN,1996,16000,,6801,380450,318695,0,663150
Iran,IRN,1997,20000,,6802,406000,328421,0,725150
Iran,IRN,1998,21891.5,,6802,418000,335989,0,708200
Iran,IRN,1999,26000,,3988,397000,297672,0,736800
Iran,IRN,2000,12000,,4000,435666,289000,0,814700
Iran,IRN,2001,12000,,4000,443720,295000,0,896700
Iran,IRN,2002,13000,,3702,449710,356692,0,953700
Iran,IRN,2003,13050.48,,4003,416850,330920,0,1115700
Iran,IRN,2004,12202.65,,4200,427300,353500,0,1163700
Iran,IRN,2005,11282.5,,5000,432000,363000,0,1248700
Iran,IRN,2006,10346.52,,4300,435900,388800,0,1371745.5
Iran,IRN,2007,9410.54,,4400,454100,407500,,1479767.2
Iran,IRN,2008,8585.46,,3493,347522,339585,,1576825
Iran,IRN,2009,8265.38,,3505,357142,341953,,1621825
Iran,IRN,2010,7945.31,,3634,371515,362351,,1677825
Iran,IRN,2011,7625.24,,3295,369710,367795,,1794825
Iran,IRN,2012,7305.17,,3323,372804,370873,,1882812.8
Iran,IRN,2013,6985.1,,4800,354000,396200,,1978824
Iran,IRN,2014,5401.87,,5000,366000,414000,,2044273.1
Iran,IRN,2015,4412.92,,5454.12,369589.88,348354.12,,2133759.5
Iran,IRN,2016,5599.96,,5112.13,334779.06,325182.97,,2081093.6
Iran,IRN,2017,5397.61,,6542.3,282233.38,253865.12,,2248508.5
Iran,IRN,2018,4977.22,,4831.1,190546.7,221780.84,,2366563
Iran,IRN,2019,4758.3,,5406,140489,175762,,2343518
Iran,IRN,2020,4885.23,,4033,182561,254526,,2441983.2
Iran,IRN,2021,4354.12,,5060,276559,342973,,2117880.2
Iran,IRN,2022,3791.59,,4625,293671,300046,,2101212.5
Iran,IRN,2023,3290.72,,6499.65,268587.56,256504.77,,2128788.5
Iran,IRN,2024,2811.23,,6169.9,273557.72,238796.16,,2280161.5
Iraq,IRQ,1961,,,5600,46960,38600,,3900
Iraq,IRQ,1962,,,5600,46480,39700,,4100
Iraq,IRQ,1963,,,5600,45440,40800,,4500
Iraq,IRQ,1964,,,5600,45000,41600,,5400
Iraq,IRQ,1965,,,5635,45200,38000,,5800
Iraq,IRQ,1966,,,5775,45640,37300,,7000
Iraq,IRQ,1967,,,5687.5,46192,39500,,10000
Iraq,IRQ,1968,,,6300,47432,40600,,13000
Iraq,IRQ,1969,,,6475,46248,41850,,15000
Iraq,IRQ,1970,,,6825,47680,44570,,18000
Iraq,IRQ,1971,,,6650,44760,45700,,20000
Iraq,IRQ,1972,,,6387.5,41440,45850,,24000
Iraq,IRQ,1973,,,6125,38240,45000,,27000
Iraq,IRQ,1974,,,5775,34700,45400,,29000
Iraq,IRQ,1975,,,5425,34376,44450,,29000
Iraq,IRQ,1976,,,5250,37421,51306,,29600
Iraq,IRQ,1977,,,4725,37520,50825,,31000
Iraq,IRQ,1978,,,3850,37800,51150,,42100
Iraq,IRQ,1979,,,2800,38180,49825,,45700
Iraq,IRQ,1980,,,2800,40800,50900,,57800
Iraq,IRQ,1981,,,2957.5,42050,49125,,64600
Iraq,IRQ,1982,,,3150,39072,51550,,154682
Iraq,IRQ,1983,,,3150,37796,49975,,112500
Iraq,IRQ,1984,,,2800,35104,52245,,160046
Iraq,IRQ,1985,,,2100,31828,48900,,189954
Iraq,IRQ,1986,,,1575,32265,46365,,198482
Iraq,IRQ,1987,,,1750,33240,46520,,200770
Iraq,IRQ,1988,,,1925,33640,47085,,209850
Iraq,IRQ,1989,,,2187.5,30640,48110,,268228
Iraq,IRQ,1990,,,2275,35827,54065,,192283
Iraq,IRQ,1991,,,525,21730,34380,,8891
Iraq,IRQ,1992,,,385,29420,45675,,24439
Iraq,IRQ,1993,,,308,37520,56475,,22343
Iraq,IRQ,1994,,,246.75,33465,51675,,34000
Iraq,IRQ,1995,,,208.25,30554,43337,,37000
Iraq,IRQ,1996,,,192.5,22240,37160,,38000
Iraq,IRQ,1997,,,250.25,27060,45525,,33000
Iraq,IRQ,1998,,,308,27920,47025,,28000
Iraq,IRQ,1999,,,327.25,27780,47160,,49000
Iraq,IRQ,2000,,,346.5,31080,47775,,74000
Iraq,IRQ,2001,,,308,24760,50640,,83000
Iraq,IRQ,2002,,,787.5,24640,51150,,95000
Iraq,IRQ,2003,,,1318,32400,34592,,25000
Iraq,IRQ,2004,,,632.2,23840,43610,,46000
Iraq,IRQ,2005,,,1925,30956,48080,,85000
Iraq,IRQ,2006,,,1925,36675,42610,,60000
Iraq,IRQ,2007,,,875,46620,34280.79,,81000
Iraq,IRQ,2008,,,1800,54560,52000,,49000
Iraq,IRQ,2009,,,1600,51200,55000,,34084
Iraq,IRQ,2010,,,1500,53600,58207.74,,52812
Iraq,IRQ,2011,,,1575,55400,58024.25,,87156
Iraq,IRQ,2012,,,1645,58650,59520.7,,89800
Iraq,IRQ,2013,,,1578.79,48996.06,56042.24,,74700
Iraq,IRQ,2014,,,1068.75,56343.27,51367.41,,70000
Iraq,IRQ,2015,,,814.47,55697.16,32864.08,,86000
Iraq,IRQ,2016,,,1341.44,56151.31,35592.47,,87000
Iraq,IRQ,2017,,,1556.17,54431.21,36886.25,,96000
Iraq,IRQ,2018,,,1393.87,54228.95,36404.9,,109388
Iraq,IRQ,2019,,,1593.24,54142.91,38434.5,,148208
Iraq,IRQ,2020,,,1769.68,53790.07,39690.74,,156549
Iraq,IRQ,2021,,,1911.14,54572.71,39561.45,,144702
Iraq,IRQ,2022,,,2063.91,54683.82,40350.19,,162496
Iraq,IRQ,2023,,,2228.9,54876.64,41166.66,,200000
Iraq,IRQ,2024,,,2067.98,54369.88,40546.59,,190000
Ireland,IRL,1961,,1020,,37211,144539,106697,17400
Ireland,IRL,1962,,2119,,47017,125689,112162,17000
Ireland,IRL,1963,,2301,,47895,129513,115046,18600
Ireland,IRL,1964,,3249,,46765,112798,120295,20200
Ireland,IRL,1965,,3387,,44748,112943,139013,21370
Ireland,IRL,1966,,3264,,48513,135257,125529,24580
Ireland,IRL,1967,,4483,,45418,222957,109166,24780
Ireland,IRL,1968,,3855,,44115,192949,122623,28520
Ireland,IRL,1969,,2498,,43671,197955,143835,30460
Ireland,IRL,1970,,2798,,39693,216339,144081,30320
Ireland,IRL,1971,,2457,,47280,236040,154160,34750
Ireland,IRL,1972,,2150,,45021,204507,160294,39000
Ireland,IRL,1973,,2320,,43363,207300,143000,43000
Ireland,IRL,1974,,2086,,45000,342000,131000,37000
Ireland,IRL,1975,,3079,,46000,420000,99000,35160
Ireland,IRL,1976,,3504,,37000,328000,123000,41000
Ireland,IRL,1977,,3494,,37000,384800,130000,43000
Ireland,IRL,1978,,2680,,41000,388700,135000,43720
Ireland,IRL,1979,,1972,,39000,387900,151700,48580
Ireland,IRL,1980,,2727,,42000,446400,153400,49440
Ireland,IRL,1981,,2782,,44000,316300,149900,51980
Ireland,IRL,1982,,2482,,40500,344900,153300,57580
Ireland,IRL,1983,,2121,,39800,353000,160900,57580
Ireland,IRL,1984,,1908,,40919,402281,144000,58980
Ireland,IRL,1985,,1570,,48300,448226,135499,61440
Ireland,IRL,1986,,670,,46191,509443,137079,66540
Ireland,IRL,1987,,659,,47525,483620,140584,75240
Ireland,IRL,1988,,453,,49700,459100,147500,81340
Ireland,IRL,1989,,265,,63000,432400,143900,80840
Ireland,IRL,1990,,49,,86000,515000,157000,91312
Ireland,IRL,1991,,136,,86300,557100,179600,98040
Ireland,IRL,1992,,460,,89200,568200,202300,89840
Ireland,IRL,1993,,511,,95800,528500,212000,89590
Ireland,IRL,1994,,550,,90700,447800,214800,97640
Ireland,IRL,1995,,500,,87600,481100,211200,102640
Ireland,IRL,1996,,700,,88500,538400,210700,104640
Ireland,IRL,1997,,1350,,75500,569500,219900,106640
Ireland,IRL,1998,,700,,86700,594800,241600,107640
Ireland,IRL,1999,,1000,,90300,643800,249700,124640
Ireland,IRL,2000,,1500,,82900,576900,230400,121280
Ireland,IRL,2001,,1500,,78100,579400,239800,121280
Ireland,IRL,2002,,2200,,66500,540000,229700,120280
Ireland,IRL,2003,,2000,,63300,568000,218800,120280
Ireland,IRL,2004,,2075,,71800,563600,204300,125780
Ireland,IRL,2005,,2000,,73300,546000,205800,126780
Ireland,IRL,2006,,1650,,70300,537300,209000,120600
Ireland,IRL,2007,,1600,,65800,580800,205300,112600
Ireland,IRL,2008,,1625,,58800,537300,202400,111564.64
Ireland,IRL,2009,,1650,,55100,514500,195600,115173.8
Ireland,IRL,2010,,2000,,47700,559100,214300,107730.16
Ireland,IRL,2011,,3000,,48300,547100,233800,105534.47
Ireland,IRL,2012,,4300,,53600,495400,241400,106110.04
Ireland,IRL,2013,,4400,,57600,517600,239300,105179.84
Ireland,IRL,2014,,3510.78,,57700,582100,254100,105491.32
Ireland,IRL,2015,,3658.55,,58400,564100,276400,105455.22
Ireland,IRL,2016,,3658.6,,61000,588400,282700,106457.07
Ireland,IRL,2017,,3279.32,,67100,617000,294200,142472.14
Ireland,IRL,2018,,,,68410,622540,303270,146230.78
Ireland,IRL,2019,,,,66040,619800,304370,154623.72
Ireland,IRL,2020,,,,66230,633380,320130,165855.92
Ireland,IRL,2021,,,,63430,594510,335130,163371.81
Ireland,IRL,2022,,,,68220,621420,332580,160200.9
Ireland,IRL,2023,,,,69720,599520,300520,165709.08
Ireland,IRL,2024,,,,62970,602600,311530,179482.78
Israel,ISR,1961,,,375,2350,13150,3775,42900
Israel,ISR,1962,,,350,2475,14500,4100,50900
Israel,ISR,1963,,,300,2875,16400,3700,51900
Israel,ISR,1964,,,250,3075,18725,2600,57200
Israel,ISR,1965,,,275,3075,16250,3200,57200
Israel,ISR,1966,,,300,3185,14850,3300,62800
Israel,ISR,1967,,,300,3555,16075,3880,67700
Israel,ISR,1968,,,300,3775,18625,4675,67400
Israel,ISR,1969,,,300,4015,18125,4550,70900
Israel,ISR,1970,,,300,3970,18775,4900,77600
Israel,ISR,1971,,,300,3700,19200,5175,90400
Israel,ISR,1972,,,280,4015,17750,6220,106000
Israel,ISR,1973,,,285,4035,18800,6840,106600
Israel,ISR,1974,,,280,3940,19000,7520,120000
Israel,ISR,1975,,,285,4015,19525,8515,128000
Israel,ISR,1976,,,285,4130,23215,8435,139000
Israel,ISR,1977,,,280,4080,24770,10030,142000
Israel,ISR,1978,,,250,4490,20975,9150,146000
Israel,ISR,1979,,,220,4280,19200,8955,150300
Israel,ISR,1980,,,180,3810,21200,9300,150300
Israel,ISR,1981,,,150,3800,18650,9250,158750
Israel,ISR,1982,,,130,3900,19875,9670,170390
Israel,ISR,1983,,,110,4100,18050,8790,185390
Israel,ISR,1984,,,100,4100,33900,8350,182390
Israel,ISR,1985,,,100,4200,32200,8750,173690
Israel,ISR,1986,,,100,4650,32100,8350,151515
Israel,ISR,1987,,,75,5375,32600,8900,156515
Israel,ISR,1988,,,75,6300,34950,9375,173515
Israel,ISR,1989,,,75,5950,35600,8575,173515
Israel,ISR,1990,,,75,6000,35850,9205,182530
Israel,ISR,1991,,,75,6000,38000,9375,196710
Israel,ISR,1992,,,75,6000,37000,9375,215890
Israel,ISR,1993,,,75,6620,35520,8745,235040
Israel,ISR,1994,,,75,6590,41000,8930,257870
Israel,ISR,1995,,,75,6655,40500,10640,253190
Israel,ISR,1996,,,75,6595,44000,10830,262540
Israel,ISR,1997,,,75,6450,46290,12310,265340
Israel,ISR,1998,,,80,6900,43800,12120,269490
Israel,ISR,1999,,,80,7400,46400,8700,280490
Israel,ISR,2000,,,80,7800,63800,14863,412319
Israel,ISR,2001,,,80,7700,62393,15722,448937
Israel,ISR,2002,,,80,8396.84,79700,16479,455030
Israel,ISR,2003,,,80,9305.64,90905,17430,452155
Israel,ISR,2004,,,80,10379.41,83043,18030,469385
Israel,ISR,2005,,,80,12365.97,89923,18665,487539
Israel,ISR,2006,,,80,13111.61,108291,17539,513730
Israel,ISR,2007,,,80,13611.31,105220,18311,529607
Israel,ISR,2008,,,80,14267.34,116554,18244,542346
Israel,ISR,2009,,,80,15297.39,104018,19649,533385
Israel,ISR,2010,,,80,21298.68,108128,18868,545510
Israel,ISR,2011,,,88,24149.16,116799,19246,554386
Israel,ISR,2012,,,85.93,30906.73,116919,19396,568909.44
Israel,ISR,2013,,,85.05,32908.61,132239,16267,521993.62
Israel,ISR,2014,,,84.85,37875.67,122116,15739,563867.75
Israel,ISR,2015,,,85.14,35518.36,132212,15825,601942.3
Israel,ISR,2016,,,85.42,33843.59,126488,16099,640677.94
Israel,ISR,2017,,,85.79,39976.98,140655,14797,628776
Israel,ISR,2018,,,86.04,36922.72,122368,13323.1,656097.9
Israel,ISR,2019,,,86.42,41881,141138,13600,617020.5
Israel,ISR,2020,,,86.85,43173,138699,15053.9,665344.9
Israel,ISR,2021,,,87.48,42757,153085,13399.7,632889.3
Israel,ISR,2022,,,87.79,44333,162217,11429,646999.6
Israel,ISR,2023,,,88.16,41834,162270,10893,681588.2
Israel,ISR,2024,,,88.53,33875,120244,11121.7,694721.6
Italy,ITA,1961,,46250,,40300,677300,391800,263200
Italy,ITA,1962,,47300,,42700,724900,395700,310200
Italy,ITA,1963,,46771,,41300,678800,374700,362100
Italy,ITA,1964,,43900,,41000,635800,471900,431200
Italy,ITA,1965,,40659,,38200,676200,478100,515000
Italy,ITA,1966,,38622,,42300,813100,435500,556500
Italy,ITA,1967,,37166,,44300,889700,460900,540000
Italy,ITA,1968,,39618,,45500,971800,541900,566700
Italy,ITA,1969,,47820,,50132,1027134,533401,581700
Italy,ITA,1970,,51000,,54800,1076600,593200,628900
Italy,ITA,1971,,52400,,54300,1083600,644000,656000
Italy,ITA,1972,,55900,,53100,1027300,665700,712100
Italy,ITA,1973,,49800,,48900,1061700,689200,798900
Italy,ITA,1974,,45800,,45900,1075500,738000,826000
Italy,ITA,1975,,51900,,49300,965400,786700,853100
Italy,ITA,1976,,55700,,49632,1017600,815880,899900
Italy,ITA,1977,,57400,,64833,1051900,904100,918900
Italy,ITA,1978,,59010,,63175,1023837,966559,959300
Italy,ITA,1979,,57379,,68028,1105594,1033388,987700
Italy,ITA,1980,,52204,,71740,1147859,1085494,1015860
Italy,ITA,1981,,48131,,68663,1110788,1105835,1018090
Italy,ITA,1982,,44679,,67720,1107006,1108064,1050430
Italy,ITA,1983,,47993,,80679,1188356,1165920,1053650
Italy,ITA,1984,,51544,,70612,1181854,1218073,1029300
Italy,ITA,1985,,55351,,69969,1204760,1186896,1006500
Italy,ITA,1986,,54463,,67413,1180011,1172231,1016400
Italy,ITA,1987,,54192,,70432,1174532,1230604,1059100
Italy,ITA,1988,,53277,,72869,1165116,1269069,1079000
Italy,ITA,1989,,54170,,79087,1145911,1295287,1081900
Italy,ITA,1990,,57029,,84734,1165350,1333050,1105800
Italy,ITA,1991,,58111,,84779,1181572,1332803,1099500
Italy,ITA,1992,,62136,,86032,1217542,1341586,1105000
Italy,ITA,1993,,60310,,80826,1187744,1371346,1107100
Italy,ITA,1994,,58147,,78897,1171219,1369250,1097080
Italy,ITA,1995,,55910,,76498,1180935,1345560,1097100
Italy,ITA,1996,,53709,,77551,1181985,1410300,1122500
Italy,ITA,1997,,52988,,75793,1161061,1395816,1142600
Italy,ITA,1998,,50415,,73265,1112740,1412189,1153900
Italy,ITA,1999,,50411,,73439,1165509,1471702,1136400
Italy,ITA,2000,,50689,,69051,1153402,1478500,1092300
Italy,ITA,2001,,63000,,66179,1134083,1509640,1138800
Italy,ITA,2002,,45500,,62858,1135791,1535900,1172725
Italy,ITA,2003,,44000,,61575,1128221,1589890,951734
Italy,ITA,2004,,48123,,62847,1148278,1589889,987006
Italy,ITA,2005,,33179,,61550,1108062,1514747,998644
Italy,ITA,2006,,41015,,61438,1110299,1559243,905985
Italy,ITA,2007,,25050,,61320,1122591,1603280,1016409
Italy,ITA,2008,,24565,,59699,1059314,1606013,1104979
Italy,ITA,2009,,21560,,59051,1055003,1628028,1131606
Italy,ITA,2010,,17883,,54343,1075333,1673000,1167721
Italy,ITA,2011,,16527,,49290,1011018.4,1601877,1202896
Italy,ITA,2012,,18125,,47645,981660,1650837,1244039
Italy,ITA,2013,,15178,,35466,853980,1652424,1215526
Italy,ITA,2014,,10898,,26638,709427.2,1327822,1229503.5
Italy,ITA,2015,,9970.7,,35440.2,788277.3,1491413.6,1282284.6
Italy,ITA,2016,,11741.7,,32924.2,809655.8,1544131.5,1354077.1
Italy,ITA,2017,,7792,,35025,756421,1466949,1318640.4
Italy,ITA,2018,,5618,,37080,831548,1487000,1276626
Italy,ITA,2019,,5767,,34150,801096.9,1464490,1357885
Italy,ITA,2020,,,,31270,752695.4,1286690,1381879.5
Italy,ITA,2021,,,,31670,768283.7,1351980,1369195.9
Italy,ITA,2022,,,,31740,768197.25,1254950,1207396.5
Italy,ITA,2023,,,,29120,638943.5,1221120,1328484.2
Italy,ITA,2024,,,,25510,677183.56,1259850,1382247.2
Jamaica,JAM,1961,,63.45,,2476,12000,3372,3238
Jamaica,JAM,1962,,64.35,,2487,10834,3444,4043
Jamaica,JAM,1963,,60.45,,2162,11130,3297,4744
Jamaica,JAM,1964,,63.75,,1949,11662,3414,5450
Jamaica,JAM,1965,,63.9,,1904,11142,3350,5731
Jamaica,JAM,1966,,64.5,,1837,11726,2973,7431
Jamaica,JAM,1967,,61.2,,2450,11531,3851,10069
Jamaica,JAM,1968,,61.2,,2336,11295,4580,10101
Jamaica,JAM,1969,,60,,1578,11524,5590,12473
Jamaica,JAM,1970,,51,,1503,10500,6513,14489
Jamaica,JAM,1971,,52.5,,1411,9799,4670,19870
Jamaica,JAM,1972,,50.55,,1226,10251,6577,16160
Jamaica,JAM,1973,,49.5,,1098,11491,8224,21284
Jamaica,JAM,1974,,48.75,,1017,12759,4365,22816
Jamaica,JAM,1975,,48,,941,12500,5000,24000
Jamaica,JAM,1976,,47.25,,904,12723,6886,26825
Jamaica,JAM,1977,,46.5,,723,12351,7906,29815
Jamaica,JAM,1978,,46.5,,694,11598,7598,30735
Jamaica,JAM,1979,,45.75,,517,11421,6260,33956
Jamaica,JAM,1980,,45,,469,12034,7357,31217
Jamaica,JAM,1981,,43.5,,417,11812,7525,29356
Jamaica,JAM,1982,,42,,441,12215,7267,26603
Jamaica,JAM,1983,,42,,480,14057,6604,32663
Jamaica,JAM,1984,,42,,472,14524,7149,39558
Jamaica,JAM,1985,,42,,465,13540,7262,27860
Jamaica,JAM,1986,,42,,484,14592,6078,31234
Jamaica,JAM,1987,,42,,436,13894,6459,37696
Jamaica,JAM,1988,,43.5,,439,13610,7331,34207
Jamaica,JAM,1989,,43.5,,455,13425,7504,38945
Jamaica,JAM,1990,,43.5,,456,15024,7394,51946
Jamaica,JAM,1991,,43.5,,432,16053,4741,53436
Jamaica,JAM,1992,,44.25,,415,18208,5926,52469
Jamaica,JAM,1993,,44.25,,426,15639,7047,45197
Jamaica,JAM,1994,,44.25,,455,15793,7247,44946
Jamaica,JAM,1995,,44.25,,477,16686,6690,45369
Jamaica,JAM,1996,,44.25,,523,15643,6553,55142
Jamaica,JAM,1997,,44.25,,532,14538,6512,59310
Jamaica,JAM,1998,,44.25,,546,14253,6826,63168
Jamaica,JAM,1999,,44.25,,586,14688,6867,72932
Jamaica,JAM,2000,,44.25,,559,14041,6621,77244
Jamaica,JAM,2001,,44.25,,586,13096,6367,82897
Jamaica,JAM,2002,,44.25,,568,14260,5490,83839
Jamaica,JAM,2003,,44.25,,565,13714,6324,94241
Jamaica,JAM,2004,,44.25,,634,10751,7468,96475
Jamaica,JAM,2005,,44.25,,775,10390,9449,101513
Jamaica,JAM,2006,,45,,689,6034,7638,104590
Jamaica,JAM,2007,,46.5,,655,5539,7239,107262
Jamaica,JAM,2008,,45,,693,5994,9138,106721
Jamaica,JAM,2009,,45,,884,5426,8958,104502
Jamaica,JAM,2010,,45,,948,5264,7973,100637
Jamaica,JAM,2011,,45,,1115,4684,7110,101526
Jamaica,JAM,2012,,45,,938,4833,7908.6,102166.5
Jamaica,JAM,2013,,45,,802.99,5600,7500,103820
Jamaica,JAM,2014,,43.51,,770,5163,6821.01,110312
Jamaica,JAM,2015,,42.67,,746,6300,6454.28,112855
Jamaica,JAM,2016,,41.86,,901,6426,8213.76,125993
Jamaica,JAM,2017,,41.65,,779,5579,7470.51,128290
Jamaica,JAM,2018,,40.52,,634,5677,7321.35,132347
Jamaica,JAM,2019,,40.38,,644,5932,6962.21,134299
Jamaica,JAM,2020,,40.1,,532,5937,6655.19,123636
Jamaica,JAM,2021,,39.91,,486,6545,7199.48,125192
Jamaica,JAM,2022,,39.7,,496,7697,8711,139858
Jamaica,JAM,2023,,39.52,,488,7805,9194,137752
Jamaica,JAM,2024,,39.33,,432,7407,9137,142354
Japan,JPN,1961,,23340,,3711,142748,206288,132048
Japan,JPN,1962,,24910,,2788,146125,324188,155048
Japan,JPN,1963,,22140,,2445,185929,279354,178048
Japan,JPN,1964,,17540,,1958,237165,342356,176126
Japan,JPN,1965,,19940,,2018,216261,407238,204391
Japan,JPN,1966,,13091,,1716,154206,564556,240068
Japan,JPN,1967,,12924,,1784,158708,603458,292012
Japan,JPN,1968,,15363,,1092,175771,589577,328308
Japan,JPN,1969,,12139,,1083,236389,587658,400163
Japan,JPN,1970,,10697,,968,278011,734294,490129
Japan,JPN,1971,,10388,,698,296173,843244,540019
Japan,JPN,1972,,7058,,622,317445,885306,622282
Japan,JPN,1973,,4556,,508,245769,970520,684681
Japan,JPN,1974,,4282,,386,321070,1097924,724757
Japan,JPN,1975,,5283,,243,352664,1039642,739930
Japan,JPN,1976,,6133,,142,297881,1056229,824375
Japan,JPN,1977,,6048,,163,361175,1169465,903153
Japan,JPN,1978,,4969,,138,403340,1284473,1004649
Japan,JPN,1979,,4308,,110,401665,1429927,1091834
Japan,JPN,1980,,3741,,117,418062,1475005,1128148
Japan,JPN,1981,,3917,,117,470717,1395843,1125170
Japan,JPN,1982,,4652,,151,480958,1427630,1183682
Japan,JPN,1983,,5191,,182,494934,1428824,1239104
Japan,JPN,1984,,5520,,218,536061,1424204,1297857
Japan,JPN,1985,,5418,,261,555256,1531914,1353120
Japan,JPN,1986,,5757,,301,558620,1551651,1377070
Japan,JPN,1987,,5002,,336,564883,1582014,1428433
Japan,JPN,1988,,4252,,345,569803,1578938,1445371
Japan,JPN,1989,,4645,,361,547958,1593918,1423325
Japan,JPN,1990,,4737,,395,549479,1555226,1391250
Japan,JPN,1991,,4907,,396,575160,1482776,1356856
Japan,JPN,1992,,5331,,460,591660,1434148,1365015
Japan,JPN,1993,,6314,,489,594346,1439610,1318015
Japan,JPN,1994,,7619,,458,602336,1390288,1256015
Japan,JPN,1995,,8433,,361,600902,1299700,1251673
Japan,JPN,1996,,7423,,299,554507,1263100,1235831
Japan,JPN,1997,,7971,,284,530248,1288200,1233984
Japan,JPN,1998,,7830,,276,529349,1290800,1211683
Japan,JPN,1999,,7324,,272,540377,1277094,1212571
Japan,JPN,2000,,7004,,267,530438,1255800,1194536
Japan,JPN,2001,,6107,,259,458600,1231600,1216428
Japan,JPN,2002,,7049,,209,536600,1245800,1229101
Japan,JPN,2003,,7459,,173,496000,1273700,1239775
Japan,JPN,2004,,7179,,193,513600,1262600,1241995.5
Japan,JPN,2005,,7129,,199,499470,1244963,1273155.6
Japan,JPN,2006,,6549,,158,496992,1246525,1366682
Japan,JPN,2007,,6087,,154,503902,1250511,1366117
Japan,JPN,2008,,6053,,182,519879,1248801,1369318.4
Japan,JPN,2009,,5734,,184,517020,1309910,1413506
Japan,JPN,2010,,5880,,192.5,514959,1292451,1416886.1
Japan,JPN,2011,,4868,,205,500370,1267328,1378013
Japan,JPN,2012,,4896,,211,518650,1296971,1457012.8
Japan,JPN,2013,,5465,,215,507985,1309433,2078658.5
Japan,JPN,2014,,5379,,220.67,502135,1263599,2128197.2
Japan,JPN,2015,,5113,,216.75,481019,1254283,2131986
Japan,JPN,2016,,3670,,215.73,464351,1278623,2171916.8
Japan,JPN,2017,,3916,,220.22,469096,1272301,2214910
Japan,JPN,2018,,3850,,225.01,475336,1284213,2249595.2
Japan,JPN,2019,,4101.6,,220.22,470918,1278885.5,2297897
Japan,JPN,2020,,4025.1,,214.04,477457.1,1305823.2,2331659.5
Japan,JPN,2021,,4551.2,,237.52,477634.6,1318165,2367623.2
Japan,JPN,2022,,4873.5,,242.26,491265.5,1293409.2,2371651.5
Japan,JPN,2023,,4406,,247.74,501585,1293835,2384263.2
Japan,JPN,2024,,4091.58,,253.31,461905.16,1262826.8,2466974.2
Jordan,JOR,1961,,,870,7100,1220,,1060
Jordan,JOR,1962,,,820,9500,1150,,1354
Jordan,JOR,1963,,,520,8850,1900,,1842
Jordan,JOR,1964,,,530,9200,1630,,2316
Jordan,JOR,1965,,,800,10300,1690,,3132
Jordan,JOR,1966,,,700,12000,1800,,3544
Jordan,JOR,1967,,,450,8100,1570,,3172
Jordan,JOR,1968,,,575,8650,1770,,3312
Jordan,JOR,1969,,,560,8650,1310,,7282.8
Jordan,JOR,1970,,,600,7900,1450,,7628.4
Jordan,JOR,1971,,,900,9350,1420,,9848
Jordan,JOR,1972,,,1390,8950,1520,,12012.4
Jordan,JOR,1973,,,1300,9950,1950,,15428.4
Jordan,JOR,1974,,,740,6400,1280,,17198.8
Jordan,JOR,1975,,,690,6350,1620,,21088.4
Jordan,JOR,1976,,,735,4075,1554,,22105.6
Jordan,JOR,1977,,,945,5264,1596,,23180.8
Jordan,JOR,1978,,,525,5499,1554,,24039.6
Jordan,JOR,1979,,,575,4981,1550,,25141.2
Jordan,JOR,1980,,,755,5805,1554,,26031.2
Jordan,JOR,1981,,,945,6075,1525,,26038
Jordan,JOR,1982,,,405,6836,1470,,28527.2
Jordan,JOR,1983,,,255,7857,2078,,41527.2
Jordan,JOR,1984,,,225,7570,2125,,49027.2
Jordan,JOR,1985,,,495,9134,1278,,55027.2
Jordan,JOR,1986,,,204,5347,1008,,63527.2
Jordan,JOR,1987,,,218,6681,1065,,63027.2
Jordan,JOR,1988,,,231,7105,1001,,68035.2
Jordan,JOR,1989,,,476,7896,1000,,43035.2
Jordan,JOR,1990,,,370,10900,2500,,50032
Jordan,JOR,1991,,,270,14900,3200,,60040
Jordan,JOR,1992,,,210,12900,2300,,70080
Jordan,JOR,1993,,,210,14400,2600,,83480
Jordan,JOR,1994,,,140,11500,3895,,94080
Jordan,JOR,1995,,,140,12000,3900,,107740
Jordan,JOR,1996,,,250,12670,3275,,100108
Jordan,JOR,1997,,,250,11700,3528,,97908
Jordan,JOR,1998,,,250,12636,4000,,93213.6
Jordan,JOR,1999,,,250,11684,5000,,110819.76
Jordan,JOR,2000,,,250,13468,6500,,119043.2
Jordan,JOR,2001,,,250,14029,12000,,117550.67
Jordan,JOR,2002,,,250,15570,11650,,118215.87
Jordan,JOR,2003,,,280,15149,10134,,123697.84
Jordan,JOR,2004,,,280,18624,15633,,128009.43
Jordan,JOR,2005,,,280,15317,7530,,133165.23
Jordan,JOR,2006,,,350,14145,14820,,117531.05
Jordan,JOR,2007,,,300,22620,13780,,133849.8
Jordan,JOR,2008,,,300,19655,19130,,140522.14
Jordan,JOR,2009,,,500,25284,13325,,152876.31
Jordan,JOR,2010,,,350,17168,12299,,187723.58
Jordan,JOR,2011,,,350,17161,17761,,190749.33
Jordan,JOR,2012,,,350,24772,19584,,190543.06
Jordan,JOR,2013,,,650,18942,23547,,182508.38
Jordan,JOR,2014,,,640,21103,19497,,192372.19
Jordan,JOR,2015,,,680,21715.27,27452,,182219.52
Jordan,JOR,2016,,,740,26657.36,29552,,208385.52
Jordan,JOR,2017,,,760,30450.33,29000,,221731.75
Jordan,JOR,2018,,,773.48,37490,30770,,217762.81
Jordan,JOR,2019,,,756.32,27804,41981,,184832.25
Jordan,JOR,2020,,,741.18,32566,45801,,217967.05
Jordan,JOR,2021,,,703.92,38119,41130,,246940.45
Jordan,JOR,2022,,,688.16,39845.98,50194.2,,252149.73
Jordan,JOR,2023,,,667.81,40070.11,44222.86,,214964.84
Jordan,JOR,2024,,,648.94,30070.32,49530.47,,302635.44
Kazakhstan,KAZ,1992,,55500,5000,242900,596200,217300,139000
Kazakhstan,KAZ,1993,,60900,4900,275300,661500,194300,114100
Kazakhstan,KAZ,1994,,68300,4900,251800,641600,158200,80200
Kazakhstan,KAZ,1995,,59700,5000,205800,548200,113400,53000
Kazakhstan,KAZ,1996,,67600,5000,167400,457500,103400,39400
Kazakhstan,KAZ,1997,,62800,5100,147200,398200,81900,23900
Kazakhstan,KAZ,1998,,64700,5100,119100,347900,78900,24100
Kazakhstan,KAZ,1999,,59600,5200,98700,343900,97700,29300
Kazakhstan,KAZ,2000,,54100,5200,95100,306300,80225.77,33300
Kazakhstan,KAZ,2001,,55200,5300,96700,287600,112068.31,33800
Kazakhstan,KAZ,2002,,55800,5300,101139,296000,109764.88,36100
Kazakhstan,KAZ,2003,,57000,5300,96000,311900,105351.95,38400
Kazakhstan,KAZ,2004,,60800,5300,101600,329700,115752.88,41300
Kazakhstan,KAZ,2005,,59800,5200,106600,348300,110165.74,45700
Kazakhstan,KAZ,2006,,63900,5210,115055,366500,109339.8,64500
Kazakhstan,KAZ,2007,,65300,5450,123634.4,385900,107175.7,64300
Kazakhstan,KAZ,2008,,66300,5460,130995.3,400100,110499.05,65300
Kazakhstan,KAZ,2009,,71387,5268,134933,396096,106640.67,79478
Kazakhstan,KAZ,2010,,73133,5450,142944,280000,102970.52,102979
Kazakhstan,KAZ,2011,,75580.1,5680,149498,270000,112350.48,101975
Kazakhstan,KAZ,2012,,85133,5711,153791,260000,103319,123057
Kazakhstan,KAZ,2013,,89387,5917,156379,270000,99905.97,129725.1
Kazakhstan,KAZ,2014,,92353,6317,161937,280000,99816.59,126335.1
Kazakhstan,KAZ,2015,,101440,6127,165102,290000,95264,136924
Kazakhstan,KAZ,2016,,107773,6451,169178,300000,93867,143253
Kazakhstan,KAZ,2017,,117459,6617,171404,320000,91912,170729.1
Kazakhstan,KAZ,2018,,126520.33,6674.15,170552.64,330000,86126.77,183235.75
Kazakhstan,KAZ,2019,,131818.23,6838.97,148249.75,367750.72,62810.32,222728.64
Kazakhstan,KAZ,2020,,142761.12,7277.16,149207.48,382862.94,63628.91,236526
Kazakhstan,KAZ,2021,,151026.92,7678.89,151838.06,396339.6,60913.39,272603.72
Kazakhstan,KAZ,2022,,157331.03,8091.09,151673.78,383835.78,56651.71,288400.72
Kazakhstan,KAZ,2023,,167429.05,8020.14,153909.67,399339.3,55440.73,335758.38
Kazakhstan,KAZ,2024,,170917.67,9417.47,148771.61,429335.6,50167.8,360041
Kenya,KEN,1961,7000,,7350,30586.8,112200,3016,7254
Kenya,KEN,1962,7000,,7560,29575.3,107200,2704,7713
Kenya,KEN,1963,7000,,7980,30518,95200,2392,8073
Kenya,KEN,1964,7000,,8400,31777.4,103500,2717,8721
Kenya,KEN,1965,7000,,8820,31568,112000,2866.5,9432
Kenya,KEN,1966,7000,,9240,31199,105988,2860,10900
Kenya,KEN,1967,7000,,9660,32085,111000,2652,11780
Kenya,KEN,1968,7000,,10080,31118,121000,3126.5,12140
Kenya,KEN,1969,7000,,10830,28271.4,123000,3607.5,15030
Kenya,KEN,1970,7000,,10410,25825,133000,2983.5,15330
Kenya,KEN,1971,7000,,10710,25525,136000,3120,17940
Kenya,KEN,1972,7000,,10920,24505,141000,3224,20350
Kenya,KEN,1973,7000,,11130,23660,143940,3172,22176
Kenya,KEN,1974,7000,,11550,25200,145000,3068,23309
Kenya,KEN,1975,7000,,11760,29350,132300,3055,26256
Kenya,KEN,1976,7000,,12180,31980,144900,3315,26916
Kenya,KEN,1977,7000,,12600,36840,189000,3432,29412
Kenya,KEN,1978,7500,,13500,43470,191872,3445,30684
Kenya,KEN,1979,8000,,13500,42798,192000,3640,31176
Kenya,KEN,1980,8500,,13500,35511.2,192500,3848,32280
Kenya,KEN,1981,8700,,13680,36942.4,165620,3900,33984
Kenya,KEN,1982,8800,,14190,37731.6,185900,4212,34752
Kenya,KEN,1983,8900,,15810,33060.7,196800,4303,38635.2
Kenya,KEN,1984,9000,,18005,42462.7,198000,4422.73,31560
Kenya,KEN,1985,9100,,18900,48986.4,192000,4758,40932
Kenya,KEN,1986,9200,,19500,41054.72,199230,4602,45325.2
Kenya,KEN,1987,9300,,18900,41341.28,219497,4674.99,44270.4
Kenya,KEN,1988,9400,,19200,50523.17,238351,5195.05,40171.2
Kenya,KEN,1989,9500,,19800,52114.64,227711,5362,43512
Kenya,KEN,1990,9600,,20400,56432,215000,5630.1,17880
Kenya,KEN,1991,9700,,21000,59480,247000,7000,18000
Kenya,KEN,1992,9800,,18000,59500,250000,7700,18720
Kenya,KEN,1993,9910.75,,17400,59450,242500,8400,14520
Kenya,KEN,1994,10000,,18300,58850,241900,7392,15480
Kenya,KEN,1995,10256.24,,18900,59450,239000,8482,20040
Kenya,KEN,1996,10603.92,,19200,57100,252000,10473,19680
Kenya,KEN,1997,11000,,18900,58700,260800,11522,20400
Kenya,KEN,1998,12000,,19200,53100,270000,10629,19440
Kenya,KEN,1999,13000,,19500,65852,279000,11081,15000
Kenya,KEN,2000,14000,,15060,64651,256619,13237,16819
Kenya,KEN,2001,15013.73,,17250,75705,282096,13800,28580
Kenya,KEN,2002,16041.92,,17760,77518,318650,14400,19689
Kenya,KEN,2003,17077.61,,18750,77060,342700,15301,20785
Kenya,KEN,2004,18119.89,,25080,75719,350200,16000,19174
Kenya,KEN,2005,19381.86,,19560,75618,396200,16500,19846
Kenya,KEN,2006,20471.67,,22200,80100,430000,16800,21460
Kenya,KEN,2007,21995.54,,66000,84750,445000,16200,23460
Kenya,KEN,2008,23137.47,,74550,83870,458000,16200,24284
Kenya,KEN,2009,24121.3,,62400,87121,483000,18130,25176
Kenya,KEN,2010,25078.22,,64500,88376,462000,15275,27144
Kenya,KEN,2011,26000,,64500,96929,458000,12800,21515
Kenya,KEN,2012,27000,,64500,96635,410600,12950,21650
Kenya,KEN,2013,27500,,65100,99928,425000,17445,23754
Kenya,KEN,2014,28048.59,,59664.71,108893.19,442571,17877,22000
Kenya,KEN,2015,30851.63,,65508.26,97858.82,487175.8,26001,33000
Kenya,KEN,2016,28800.07,,61361.82,78368,200293,10767,64000
Kenya,KEN,2017,30101.34,,58712.24,51443,172061,12988,106473
Kenya,KEN,2018,30475.28,,35886.77,62404,200771.2,18477.89,131682.55
Kenya,KEN,2019,31052.53,,73405.56,106738,329187.44,14440.96,88718.66
Kenya,KEN,2020,31410.95,,61157.23,160418.16,244216.7,25784.94,69212.23
Kenya,KEN,2021,31168.02,,38994.12,123905,250607,23107,89450
Kenya,KEN,2022,31819.74,,24257.84,95247,222881,60356,93340
Kenya,KEN,2023,32525.87,,55055.71,129212,237907,40055,93622
Kenya,KEN,2024,33245.74,,71490.05,153964,260083,34493,102529
Kiribati,KIR,1961,,,,,,620,93.5
Kiribati,KIR,1962,,,,,,620,97.75
Kiribati,KIR,1963,,,,,,620,100.3
Kiribati,KIR,1964,,,,,,742,103.7
Kiribati,KIR,1965,,,,,,742,106.25
Kiribati,KIR,1966,,,,,,636,110.5
Kiribati,KIR,1967,,,,,,636,113.05
Kiribati,KIR,1968,,,,,,636,119
Kiribati,KIR,1969,,,,,,636,123.25
Kiribati,KIR,1970,,,,,,636,127.5
Kiribati,KIR,1971,,,,,,640,133.45
Kiribati,KIR,1972,,,,,,640,140.25
Kiribati,KIR,1973,,,,,,640,144.5
Kiribati,KIR,1974,,,,,,640,148.16
Kiribati,KIR,1975,,,,,,640,151.81
Kiribati,KIR,1976,,,,,,644,155.47
Kiribati,KIR,1977,,,,,,644,159.12
Kiribati,KIR,1978,,,,,,644,162.78
Kiribati,KIR,1979,,,,,,644,165.75
Kiribati,KIR,1980,,,,,,644,170
Kiribati,KIR,1981,,,,,,648,178.5
Kiribati,KIR,1982,,,,,,648,187
Kiribati,KIR,1983,,,,,,648,195.5
Kiribati,KIR,1984,,,,,,648,204
Kiribati,KIR,1985,,,,,,648,212.5
Kiribati,KIR,1986,,,,,,652,221
Kiribati,KIR,1987,,,,,,652,229.5
Kiribati,KIR,1988,,,,,,652,238
Kiribati,KIR,1989,,,,,,652,246.5
Kiribati,KIR,1990,,,,,,652,255
Kiribati,KIR,1991,,,,,,652,263.5
Kiribati,KIR,1992,,,,,,652,272
Kiribati,KIR,1993,,,,,,652,280.5
Kiribati,KIR,1994,,,,,,652,280.5
Kiribati,KIR,1995,,,,,,652,280.5
Kiribati,KIR,1996,,,,,,672,297.5
Kiribati,KIR,1997,,,,,,672,297.5
Kiribati,KIR,1998,,,,,,672,297.5
Kiribati,KIR,1999,,,,,,672,297.5
Kiribati,KIR,2000,,,,,,744,310
Kiribati,KIR,2001,,,,,,764,391
Kiribati,KIR,2002,,,,,,848,442
Kiribati,KIR,2003,,,,,,848,442
Kiribati,KIR,2004,,,,,,860,450.5
Kiribati,KIR,2005,,,,,,876,510
Kiribati,KIR,2006,,,,,,880,578
Kiribati,KIR,2007,,,,,,888,680
Kiribati,KIR,2008,,,,,,888,722.5
Kiribati,KIR,2009,,,,,,888,739.5
Kiribati,KIR,2010,,,,,,900,748
Kiribati,KIR,2011,,,,,,900,765
Kiribati,KIR,2012,,,,,,920,774.96
Kiribati,KIR,2013,,,,,,924.19,806.83
Kiribati,KIR,2014,,,,,,967.51,826.86
Kiribati,KIR,2015,,,,,,979.11,847.15
Kiribati,KIR,2016,,,,,,990.3,862.45
Kiribati,KIR,2017,,,,,,1001.83,887.88
Kiribati,KIR,2018,,,,,,1009.91,932.48
Kiribati,KIR,2019,,,,,,1023.03,1035.78
Kiribati,KIR,2020,,,,,,1036.57,974.38
Kiribati,KIR,2021,,,,,,1052.64,1062.76
Kiribati,KIR,2022,,,,,,1062.55,1095.85
Kiribati,KIR,2023,,,,,,1074.49,1125.57
Kiribati,KIR,2024,,,,,,1086.39,1155.8
Kuwait,KWT,1961,,,1400,7775,1200,,2000
Kuwait,KWT,1962,,,1400,6925,1350,,2080
Kuwait,KWT,1963,,,1400,7905,1500,,2280
Kuwait,KWT,1964,,,1050,9488,1900,,2400
Kuwait,KWT,1965,,,1225,9865,3600,,2640
Kuwait,KWT,1966,,,1050,11365,1900,,2800
Kuwait,KWT,1967,,,1146.6,7867,2180,,3200
Kuwait,KWT,1968,,,983.85,7543,1941,,3600
Kuwait,KWT,1969,,,1066.8,7418,1768,,4000
Kuwait,KWT,1970,,,856.8,8569,2129,,4160
Kuwait,KWT,1971,,,939.05,8510,2249,,4220
Kuwait,KWT,1972,,,1372,9400,4320,,6713
Kuwait,KWT,1973,,,1549.1,9475,4440,,5826
Kuwait,KWT,1974,,,1065.4,7117,2860,,6352
Kuwait,KWT,1975,,,314.3,7001,2441,,6651
Kuwait,KWT,1976,,,310.45,9578,1189,,7000
Kuwait,KWT,1977,,,237.3,12789,2258,,9231
Kuwait,KWT,1978,,,226.8,14692,3266,,8058
Kuwait,KWT,1979,,,293.3,20821,5730,,10500
Kuwait,KWT,1980,,,294,22940,5540,,10504
Kuwait,KWT,1981,,,294,24840,7910,,9231
Kuwait,KWT,1982,,,297.5,26411.36,9850,,7284
Kuwait,KWT,1983,,,308,27333.75,7850,,18896
Kuwait,KWT,1984,,,273.7,40140.8,4150,,20760
Kuwait,KWT,1985,,,335.3,32511.04,2165,,25703
Kuwait,KWT,1986,,,279.65,33407.7,2170,,29465
Kuwait,KWT,1987,,,280,33209.15,2222,,34139
Kuwait,KWT,1988,,,287,33298.4,1774,,32339
Kuwait,KWT,1989,,,290.5,33639.5,1640,,34707
Kuwait,KWT,1990,,,166.25,17130,1375,,28716
Kuwait,KWT,1991,,,106.75,8552,100,,1050
Kuwait,KWT,1992,,,47.95,17071,129,,10943
Kuwait,KWT,1993,,,59.5,25117,624,,20124
Kuwait,KWT,1994,,,117.25,48759,467,,25300
Kuwait,KWT,1995,,,336,38170.85,602,,25899
Kuwait,KWT,1996,,,343,39142.83,650,,29661
Kuwait,KWT,1997,,,386,38715.38,444,,32818
Kuwait,KWT,1998,,,528,38205.75,519,,36913
Kuwait,KWT,1999,,,290,34750,529,,38988
Kuwait,KWT,2000,,,470,34355,806,,32964
Kuwait,KWT,2001,,,560,31330,465,,32689
Kuwait,KWT,2002,,,675.5,37241.36,722,,37362
Kuwait,KWT,2003,,,910,39337.48,980,,37421
Kuwait,KWT,2004,,,350,43052,479,,32429
Kuwait,KWT,2005,,,210,44770,728,,37821
Kuwait,KWT,2006,,,350,43155,1259,,32376
Kuwait,KWT,2007,,,1225,41601,796,,32740
Kuwait,KWT,2008,,,1050,40104,1488,,37777
Kuwait,KWT,2009,,,2100,38543,1623.75,,48332
Kuwait,KWT,2010,,,2100,37106,2004,,37831
Kuwait,KWT,2011,,,2100,37240,1609,,45482
Kuwait,KWT,2012,,,1223.71,38006,1433,,49128
Kuwait,KWT,2013,,,1170.29,38018,1353,,46216
Kuwait,KWT,2014,,,1631.42,45105.65,1888,,46193
Kuwait,KWT,2015,,,1408.84,46500.83,1882,,53293
Kuwait,KWT,2016,,,1897.27,54690.53,1401,,53297
Kuwait,KWT,2017,,,1524.99,51917.28,2151,,55755
Kuwait,KWT,2018,,,2420,51238.82,2145,,61118
Kuwait,KWT,2019,,,2400,52948.14,2906,,61187
Kuwait,KWT,2020,,,2150,52929.9,2048.68,,62550
Kuwait,KWT,2021,,,2340,53469.47,2031.45,,64600
Kuwait,KWT,2022,,,2374.27,53498.03,2019.47,,60000
Kuwait,KWT,2023,,,2663.45,53090.48,1955.38,,61000
Kuwait,KWT,2024,,,2428.54,51620.61,1858.8,,62000
Kyrgyzstan,KGZ,1992,,11000,,70000,87800,35600,22200
Kyrgyzstan,KGZ,1993,,10300,,81600,87800,24800,9300
Kyrgyzstan,KGZ,1994,,12700,,76400,82300,18000,7200
Kyrgyzstan,KGZ,1995,,10200,,54100,84700,27955,2662
Kyrgyzstan,KGZ,1996,,13077,,54200,86377,28726,3010
Kyrgyzstan,KGZ,1997,,18169,,43700,95094,25684,3101
Kyrgyzstan,KGZ,1998,,17914,,44010,94561,30431,3997
Kyrgyzstan,KGZ,1999,,20311,,46638,95113,28641,4504
Kyrgyzstan,KGZ,2000,,23700,,43105,100622,23822,4643
Kyrgyzstan,KGZ,2001,,24800,,43820,100065,25712,4874
Kyrgyzstan,KGZ,2002,,22500,,43578,104768,23049,6202
Kyrgyzstan,KGZ,2003,,26490,,44189,94035,22103,6451
Kyrgyzstan,KGZ,2004,,18138,,44742,94595,25163,4907
Kyrgyzstan,KGZ,2005,,20253,,46374,90850,18663,5381
Kyrgyzstan,KGZ,2006,,19117,,46400,91157,19811,5035
Kyrgyzstan,KGZ,2007,,18947,,47184,90808,20446,5267
Kyrgyzstan,KGZ,2008,,18516,,47257,93345,18971,5820
Kyrgyzstan,KGZ,2009,,18701,,48757,94545,17258,3983
Kyrgyzstan,KGZ,2010,,19011,,50432,97712,16258,4064
Kyrgyzstan,KGZ,2011,,18786,,50126,98685,16335,6113
Kyrgyzstan,KGZ,2012,,21550,,51100,97074,16142,6089
Kyrgyzstan,KGZ,2013,,21800,,51900,98600,16300,6200
Kyrgyzstan,KGZ,2014,,19903,,68974.7,101574,15797,5810.9
Kyrgyzstan,KGZ,2015,,24594.3,,70965.4,99059,15396.6,7997
Kyrgyzstan,KGZ,2016,,23091.7,,72120.43,102689,16369,7896.5
Kyrgyzstan,KGZ,2017,,24769,,73841.74,103626,16375,7639
Kyrgyzstan,KGZ,2018,,23762,,73183.5,108631,16871,8315
Kyrgyzstan,KGZ,2019,,24605,,76326.5,111463,14124,9514
Kyrgyzstan,KGZ,2020,,26274,,76843.97,114466,13042,9499
Kyrgyzstan,KGZ,2021,,27965,,81265.67,113599,10889,11069
Kyrgyzstan,KGZ,2022,,30599,,85446.16,119741,8206,13600
Kyrgyzstan,KGZ,2023,,30264,,86710.26,122835,6137,15765
Kyrgyzstan,KGZ,2024,,19604,,87882.31,125469,6006,19604
Land Locked Developing Countries (FAO),,1961,63860,30345,20256,267323.06,600702,77085.39,69958.48
Land Locked Developing Countries (FAO),,1962,63990,25410,22050.74,271343.12,592894.56,79159.32,72565.47
Land Locked Developing Countries (FAO),,1963,68050,27575,21521.36,282653.28,595202.7,83114.98,74997.32
Land Locked Developing Countries (FAO),,1964,68710,30637,22430,286283.56,614674.6,90184.5,78905.14
Land Locked Developing Countries (FAO),,1965,71860,29420,23470,295486.44,652073,94912.03,82708.8
Land Locked Developing Countries (FAO),,1966,74010,31490,23390,311660.12,689414.8,99618.18,89669.21
Land Locked Developing Countries (FAO),,1967,77640,37860,22650,334455.2,697435.56,105667.3,96280.09
Land Locked Developing Countries (FAO),,1968,80140,41273,23070,360368,703329.56,111826.36,99000.09
Land Locked Developing Countries (FAO),,1969,81830,35627,21670,373520.94,712036.7,116629.34,108350.68
Land Locked Developing Countries (FAO),,1970,84930,31802,20790,382408.56,752742.4,120765.27,112978.29
Land Locked Developing Countries (FAO),,1971,86990,29030,20396,382640.75,767068.44,124154.86,115880.75
Land Locked Developing Countries (FAO),,1972,88450,31615,20946,362574.22,805931.75,129772.85,120670.71
Land Locked Developing Countries (FAO),,1973,91490,34223,20842,354471.06,788547.2,134401.36,124042.71
Land Locked Developing Countries (FAO),,1974,94380,35266,22692,383891.25,769529.25,138191.98,128738.04
Land Locked Developing Countries (FAO),,1975,92530,35304,22114,423929.8,780886.4,146082.45,143504.34
Land Locked Developing Countries (FAO),,1976,93740,34094,21925.6,437663.28,851983.7,159627.69,153401.98
Land Locked Developing Countries (FAO),,1977,97420,37697.6,23918,449965.53,916499.25,169562.19,161103.28
Land Locked Developing Countries (FAO),,1978,97800,41066.4,26278.8,492840.72,920157.75,178784.39,159919.5
Land Locked Developing Countries (FAO),,1979,98800,35318.8,23943.6,491146.44,935040.56,187301.27,162001.3
Land Locked Developing Countries (FAO),,1980,100400,32658,25136,502593.3,938352.75,208047.12,167270
Land Locked Developing Countries (FAO),,1981,99700,31117.22,25516,528730.5,964928.94,223528.56,166544.4
Land Locked Developing Countries (FAO),,1982,101600,29781.5,24648.8,540152.75,1005836.8,233562.42,167797.6
Land Locked Developing Countries (FAO),,1983,102100,30524.06,25916,525799.3,1020330,251020.45,171666.2
Land Locked Developing Countries (FAO),,1984,102750,29845.6,25866,483448.4,1068271.8,242939.38,171718.3
Land Locked Developing Countries (FAO),,1985,103550,31674,23720.94,450742.4,1082885.2,245428.1,179810.66
Land Locked Developing Countries (FAO),,1986,104650,32126.5,24009.12,471592.25,1057935.5,255043.4,192248.95
Land Locked Developing Countries (FAO),,1987,107400,31591.88,23877,481860.28,1066598.6,279381.88,196064.16
Land Locked Developing Countries (FAO),,1988,110700,29707.74,22308,499269.2,1120049.8,283902.28,215715.6
Land Locked Developing Countries (FAO),,1989,114050,31725.14,25130.34,531440.44,1185016.8,303228.8,228504.66
Land Locked Developing Countries (FAO),,1990,117371,32888.7,27351.4,553605.44,1279393.9,341323.3,245501.8
Land Locked Developing Countries (FAO),,1991,112059.27,38714.45,31544.47,519780.66,1745360,382058.62,328214.78
Land Locked Developing Countries (FAO),,1992,111745.69,109165.2,39007.71,989284.94,3106304.8,847387.25,633571.6
Land Locked Developing Countries (FAO),,1993,192409.38,99191.99,40350.73,1103728,3280437.5,760972.56,614486.9
Land Locked Developing Countries (FAO),,1994,197436.84,105556.45,34017.35,1078069.8,3247233.8,755005.2,590486.25
Land Locked Developing Countries (FAO),,1995,203956.48,97623.78,36195.08,1029645.75,3203318.2,738590.3,574113.9
Land Locked Developing Countries (FAO),,1996,206442.39,124585.39,39142.47,1019291.7,3319572.5,722730.3,556498.7
Land Locked Developing Countries (FAO),,1997,208244.16,125898.45,40117.05,985565.2,3330620,719829.25,562427.5
Land Locked Developing Countries (FAO),,1998,215012.16,127806.59,40221.47,1037313.9,3385313.8,748976.5,604732.06
Land Locked Developing Countries (FAO),,1999,215801.6,130692.79,42775.17,1053696.2,3414252,800941.3,623913.06
Land Locked Developing Countries (FAO),,2000,220406.95,123048.18,40345.95,1010380.3,3397469,666177.2,633310.94
Land Locked Developing Countries (FAO),,2001,226443.05,118170.93,41147.65,995140.94,3341975.8,717330.4,683841.94
Land Locked Developing Countries (FAO),,2002,231246.28,123483.66,37793.46,993699.2,3476985.2,714741.6,718092.5
Land Locked Developing Countries (FAO),,2003,235963.9,116296.18,39475.85,1016867.8,3520556.2,745706.06,763111.56
Land Locked Developing Countries (FAO),,2004,242406.7,125320.74,39662.35,1083695.8,3621020.8,772739,814688.44
Land Locked Developing Countries (FAO),,2005,246671.45,126816.23,39307.78,1121599.8,3764254.5,773119.56,898207.94
Land Locked Developing Countries (FAO),,2006,247833.44,120630.36,38365.33,1163894.5,3906943.8,812769.6,939749.6
Land Locked Developing Countries (FAO),,2007,256215.23,119422.59,41848.33,1242971.6,4038458.5,841976.7,993495.44
Land Locked Developing Countries (FAO),,2008,265244.12,129735.99,55431.82,1312694.4,4183660,845569.44,1065085.8
Land Locked Developing Countries (FAO),,2009,271897.25,132991.98,48577.69,1443138.9,4298694,880850.4,1149601
Land Locked Developing Countries (FAO),,2010,279977.1,122366.36,59515.03,1534852,4458269,901191.1,1300470.6
Land Locked Developing Countries (FAO),,2011,290470.75,128267.34,57692.88,1590624.4,4539320,954887.7,1388237.9
Land Locked Developing Countries (FAO),,2012,304293.16,146525.86,60552.23,1674841.5,4626429,1002365.1,1484584.4
Land Locked Developing Countries (FAO),,2013,305958.3,150252.62,60469.86,1742975.9,4828874.5,1029021.56,1561909.4
Land Locked Developing Countries (FAO),,2014,309025.22,151582.81,62315.07,1807235,4912443.5,1056736.6,1596614.5
Land Locked Developing Countries (FAO),,2015,318076.47,186246.38,64061.81,1942546.5,5150270,1112147.5,1676372.6
Land Locked Developing Countries (FAO),,2016,316823.44,183993.66,70308.02,1969871.5,5306994.5,1188235.4,1726129.9
Land Locked Developing Countries (FAO),,2017,321947.2,193972.4,73603.45,2075402.1,5560109.5,1202145.1,1888435.1
Land Locked Developing Countries (FAO),,2018,326662.84,220348.84,82827.6,2157508.5,5831131,1282976.5,1979167.8
Land Locked Developing Countries (FAO),,2019,329328.78,238987.31,90137.8,2242434,5886779,1288748.1,2055876.4
Land Locked Developing Countries (FAO),,2020,334249.97,287358.5,93648.94,2349033.8,6073018,1217453.9,2177869.2
Land Locked Developing Countries (FAO),,2021,332547.62,256262.72,101529.07,2274942.5,6165589.5,1224321.5,2304417.5
Land Locked Developing Countries (FAO),,2022,336128.97,281524.88,104586.69,2401112,6293626.5,1211231.1,2357086
Land Locked Developing Countries (FAO),,2023,337911.53,290185.4,101573,2411483.2,6406822,1357352.9,2464014.8
Land Locked Developing Countries (FAO),,2024,341716.5,265374.56,102872.61,2374540.8,6543750,1414901.2,2557147.5
Laos,LAO,1961,,,,63,5875.25,9000,4498.5
Laos,LAO,1962,,,,63,6047.5,9000,5115
Laos,LAO,1963,,,,64.05,6113.9,9000,5092
Laos,LAO,1964,,,,64.05,6340.1,11800,6411.65
Laos,LAO,1965,,,,64.05,6387.82,13400,7067.92
Laos,LAO,1966,,,,64.05,6747.24,14700,8423.76
Laos,LAO,1967,,,,65.38,7865.5,15000,9601.5
Laos,LAO,1968,,,,67.2,6937.75,15000,9943.2
Laos,LAO,1969,,,,70.7,7047.75,14200,9621
Laos,LAO,1970,,,,74.9,7205.5,13800,9147.6
Laos,LAO,1971,,,,73.5,7253.25,13600,8344
Laos,LAO,1972,,,,76.3,7301,12800,6748
Laos,LAO,1973,,,,80.5,7242.8,12000,5224
Laos,LAO,1974,,,,79.8,6516.5,10500,4876
Laos,LAO,1975,,,,73.5,6124.25,9000,4192
Laos,LAO,1976,,,,70,6983.5,11400,3579
Laos,LAO,1977,,,,66.5,6103.5,12400,3576
Laos,LAO,1978,,,,84.84,7369.45,10400,3834.5
Laos,LAO,1979,,,,72.8,8604.74,12400,4049
Laos,LAO,1980,,,,105,9930.5,16600,4062
Laos,LAO,1981,,,,112,10424.45,18000,4782.5
Laos,LAO,1982,,,,126,10646.5,18400,4999.5
Laos,LAO,1983,,,,140,11059.5,19500,5742.5
Laos,LAO,1984,,,,154,12186.4,20400,6201
Laos,LAO,1985,,,,193.2,14245,17800,5632.5
Laos,LAO,1986,,,,182,15845,19200,5570
Laos,LAO,1987,,,,196,15805.6,21200,6877.5
Laos,LAO,1988,,,,210,13230,19050,6032
Laos,LAO,1989,,,,250.6,14475,20600,7166
Laos,LAO,1990,,,,331.8,15720,20860,6946.5
Laos,LAO,1991,,,,278.6,18200,21487.47,7409
Laos,LAO,1992,,,,245,19360,22762.63,7920
Laos,LAO,1993,,,,287,20603,25485.43,8955.5
Laos,LAO,1994,,,,315,21716,27113.28,9514.5
Laos,LAO,1995,,,,313.6,28388,28816,10139
Laos,LAO,1996,,,,364,27663,29608,10732.5
Laos,LAO,1997,,,,378,29814,30514,11032.5
Laos,LAO,1998,,,,408.8,30957,31427,11292.5
Laos,LAO,1999,,,,441,37700,31600,10872.5
Laos,LAO,2000,,,,429.8,33000,27650,11925
Laos,LAO,2001,,,,480.2,34400,31550,13332.5
Laos,LAO,2002,,,,490,37550,31550,13307.5
Laos,LAO,2003,,,,527.8,39800,35500,17800
Laos,LAO,2004,,,,659.4,39535,37000,19430
Laos,LAO,2005,,,,735,40584,39000,19740
Laos,LAO,2006,,,,812,41282,43000,20540
Laos,LAO,2007,,,,1036,42230,46000,20300
Laos,LAO,2008,,,,1036,43530,50700,20860
Laos,LAO,2009,,,,1400,44250,54500,22045
Laos,LAO,2010,,,,1414,45220,59670.67,23900
Laos,LAO,2011,,,,1666,46480,58177.55,25452.5
Laos,LAO,2012,,,,1708,48970,60765.31,27007.85
Laos,LAO,2013,,,,1806,49370,64372.22,28599.02
Laos,LAO,2014,,,,1897.48,49491.31,69292.83,29817.05
Laos,LAO,2015,,,,2140.93,51288.57,73437.77,31144.27
Laos,LAO,2016,,,,2185.81,52634.38,83595.97,31638.06
Laos,LAO,2017,,,,2297.88,54397.06,87385.3,33149.4
Laos,LAO,2018,,,,2414.84,56157.32,86293.89,34413.58
Laos,LAO,2019,,,,2547.26,57859.59,93111.63,38831.72
Laos,LAO,2020,,,,2691.85,58575.42,97533.11,41420.99
Laos,LAO,2021,,,,2841.93,61468.72,98836.33,42706.71
Laos,LAO,2022,,,,3036.99,63971.26,100979.74,44448.62
Laos,LAO,2023,,,,3201.55,66733.24,104344.1,46014.64
Laos,LAO,2024,,,,3383.42,69617.13,109919.11,48336.76
Latvia,LVA,1992,,700,,3900,119600,100500,21100
Latvia,LVA,1993,,600,,3800,107000,68100,12700
Latvia,LVA,1994,,200,,2200,68100,53800,11400
Latvia,LVA,1995,,100,,1100,48000,62600,10800
Latvia,LVA,1996,,100,,725,26500,39500,8662
Latvia,LVA,1997,,200,,412,25504,37053,7613
Latvia,LVA,1998,,100,,337,25837,36482,7865
Latvia,LVA,1999,,51,,263,22520,34617,6254
Latvia,LVA,2000,,78,,388,22342,31541,7229
Latvia,LVA,2001,,119,,298,19044,31648,8895
Latvia,LVA,2002,,85,,275,16043,35891,10642
Latvia,LVA,2003,,41,,318,21193,36905,12445
Latvia,LVA,2004,,65,,304,21587,36808,14265
Latvia,LVA,2005,,82,,350,20444,38450,17203
Latvia,LVA,2006,,85,,383,20684,37812,20608
Latvia,LVA,2007,,101,,424,22755,40433,20551
Latvia,LVA,2008,,104,,628,21445,40733,23077
Latvia,LVA,2009,,93,,589,20452,38846,23168
Latvia,LVA,2010,,93,,592,18414,37175,23484
Latvia,LVA,2011,,146,,671,18015,37562,22950
Latvia,LVA,2012,,118,,679,17312,35726,24630
Latvia,LVA,2013,,84,,675,16688,35924,26830
Latvia,LVA,2014,,85,,676,17659,37037,28700
Latvia,LVA,2015,,78,,805,18769,35940,29523
Latvia,LVA,2016,,81,,896,19468,36377,29971
Latvia,LVA,2017,,80,,870,18450,38073,33393
Latvia,LVA,2018,,50,,990,17480,38850,33190
Latvia,LVA,2019,,60,,1020,16370,40680,34879.12
Latvia,LVA,2020,,,,1030,16030,37260,35168.79
Latvia,LVA,2021,,,,850,17040,37850,35100
Latvia,LVA,2022,,,,850,15940,38720,36580
Latvia,LVA,2023,,,,860,17960,33320,37080
Latvia,LVA,2024,,,,810,16820,34490,38480
Least Developed Countries (FAO),,1961,187010,5723.4,46261.3,548031.75,1187172.1,147211.69,208159.08
Least Developed Countries (FAO),,1962,189190,5954.45,47733.84,565502.06,1211355.8,152719.36,220246.14
Least Developed Countries (FAO),,1963,195320,6339.95,51592.76,571484.94,1246416.2,164675.23,231021.1
Least Developed Countries (FAO),,1964,200040,7151.35,50336.95,588204.06,1278438.2,180282.81,244955.69
Least Developed Countries (FAO),,1965,206130,7488.8,50878.5,602145.25,1291823.2,191657.22,261340.9
Least Developed Countries (FAO),,1966,206970,7908.85,59204.75,619835.25,1376250.1,205371.38,285797.9
Least Developed Countries (FAO),,1967,211220,8024.95,61306.75,643960.75,1433125.4,223706.72,308359.47
Least Developed Countries (FAO),,1968,213440,8476.5,70226.15,667974.44,1482253.4,227055.25,322681.75
Least Developed Countries (FAO),,1969,214510,8540.9,66877.3,665586.6,1504549.6,244785.03,349048.72
Least Developed Countries (FAO),,1970,216540,8854.45,67252.75,675351.6,1532661.5,256288.27,374313.2
Least Developed Countries (FAO),,1971,219640,9185.65,69586.75,672311.5,1481039.8,267301.9,379671.5
Least Developed Countries (FAO),,1972,221350,9304.8,71731,652439.9,1473701.9,271692.38,380498.1
Least Developed Countries (FAO),,1973,224510,8953.85,70183.75,653959.2,1472185.8,271354.34,383094.53
Least Developed Countries (FAO),,1974,229230,9194.45,69247.75,653966.2,1502999,262462.38,381597.16
Least Developed Countries (FAO),,1975,233260,9496.5,70817.5,697053.9,1535369.6,262194.4,397282.7
Least Developed Countries (FAO),,1976,232070,9806,71141.1,753215.3,1580890.9,264350.56,411599.97
Least Developed Countries (FAO),,1977,238070,10061.4,72287.75,782857.25,1630444,264873.56,422171.8
Least Developed Countries (FAO),,1978,238430,10428.5,73216.75,807667.75,1764175,273915.38,457664.38
Least Developed Countries (FAO),,1979,243350,10378.7,73442.5,823176.7,1773351.2,279283.78,477876.7
Least Developed Countries (FAO),,1980,247750,10301.5,85776.1,844668.56,1758187,287084.78,465745.56
Least Developed Countries (FAO),,1981,250850,10296.25,81996.3,855183.06,1848878,298960.78,491257
Least Developed Countries (FAO),,1982,255950,10083.75,80783.05,848884.2,1891847,319913.97,525110.9
Least Developed Countries (FAO),,1983,259550,10366.45,76497.45,856725.7,1904162,333651.2,551437.2
Least Developed Countries (FAO),,1984,263300,9523.6,78243.9,838869.4,1942812.6,355537.78,567671.3
Least Developed Countries (FAO),,1985,267700,10501.78,78454.64,841971.75,2001743.2,364555.1,627735.2
Least Developed Countries (FAO),,1986,272200,10447.67,82220.87,837033.2,2062527.5,379183.84,653072.6
Least Developed Countries (FAO),,1987,277850,10760.75,86321.15,873269.25,1956418.6,406537.5,663619.3
Least Developed Countries (FAO),,1988,283350,11436.08,88349.45,917594.5,2008339,416631.25,715631.8
Least Developed Countries (FAO),,1989,289800,12131.9,97486.82,958223.4,2078282,440522.25,662696.4
Least Developed Countries (FAO),,1990,294700,12838.77,104035.08,986800.94,2117606.8,480399.25,657264.7
Least Developed Countries (FAO),,1991,289343.16,13108.85,100182.84,952364.8,2001979,512526.4,745638.9
Least Developed Countries (FAO),,1992,249580.42,13152.2,108966.54,968219.1,2030648.5,566564.44,782463.56
Least Developed Countries (FAO),,1993,301181.12,13377.27,112041.61,932109.5,2071836.1,603708.25,773471.25
Least Developed Countries (FAO),,1994,307189.38,13633.05,123774.54,978615.5,2095814.2,637030.44,791217.25
Least Developed Countries (FAO),,1995,312772.4,13821.26,134293.94,1029455.75,2156697.5,684170.7,822769.06
Least Developed Countries (FAO),,1996,318075.94,14081.02,143349.06,1078941.2,2250050.8,708195.75,846366.94
Least Developed Countries (FAO),,1997,321812.88,14223.45,150704.84,1157787.8,2330793.5,759894.6,891290.8
Least Developed Countries (FAO),,1998,329017.38,14381.74,162845.88,1271789,2417640,779679.9,933123.2
Least Developed Countries (FAO),,1999,328240.28,14561.09,162158.27,1335487.1,2541848.5,816032.6,991634.8
Least Developed Countries (FAO),,2000,332147.47,14963.98,166639.95,1323718.2,2484725.2,853642.3,1072124.2
Least Developed Countries (FAO),,2001,337589.12,15884.6,173684.34,1360856.8,2531356.5,895626.2,1175139.5
Least Developed Countries (FAO),,2002,342238.84,16093.45,173124.06,1377526.9,2669843,944580.06,1257901.6
Least Developed Countries (FAO),,2003,345795.8,16463.08,185497.66,1419352.4,2748855,1024030.44,1410420.2
Least Developed Countries (FAO),,2004,350833.56,16747.52,187972.55,1475775.8,2795967.2,1098541.2,1510455.1
Least Developed Countries (FAO),,2005,356408.66,16799.51,161705.78,1573378.5,2936540,1211656.6,1656907.1
Least Developed Countries (FAO),,2006,358615.8,16281.99,198724.73,1591033.6,3014600,1254967.6,1747504
Least Developed Countries (FAO),,2007,366249.03,16954.22,208738.33,1641653.6,3050823.5,1320402.2,1889722.2
Least Developed Countries (FAO),,2008,375443.78,17482.09,233648.81,1687165.8,3182941.2,1420497.2,2007975.9
Least Developed Countries (FAO),,2009,382474,17709.85,233442.69,1734485.6,3299741,1504321.4,2223640.2
Least Developed Countries (FAO),,2010,390687.44,17498.99,249114.03,1871037.2,3499805.8,1562972.6,2403744.2
Least Developed Countries (FAO),,2011,399996.25,17707.54,258815.88,1973926.5,3600151,1644844.2,2554638
Least Developed Countries (FAO),,2012,405160.03,17818.88,265160.38,1974157.9,3758979.8,1762383,2708662.5
Least Developed Countries (FAO),,2013,406954.1,17819.98,264394.44,2030297.5,3854610.2,1878984.5,2901864.2
Least Developed Countries (FAO),,2014,410568.25,17637.9,268454.5,2102922.2,3905973.5,2029566,3114164
Least Developed Countries (FAO),,2015,418488.34,17475.99,270718.03,2172654.2,3948319.8,2086948.4,3328652
Least Developed Countries (FAO),,2016,418636.88,17947.89,268815.25,2208717.2,4020667.2,2146754,3384556.5
Least Developed Countries (FAO),,2017,424693.3,17973.06,272870.84,2218536,4226420,2259619,3512669.5
Least Developed Countries (FAO),,2018,429738.78,17422.23,280653.56,2205660,4001674.8,1731631.4,2435707.2
Least Developed Countries (FAO),,2019,432590.4,17664.69,286017.1,2326077.5,4148673.5,1721068.2,2472152.2
Least Developed Countries (FAO),,2020,437740.5,17312.43,285432,2370986.5,4181566.8,1758508.1,2753151.5
Least Developed Countries (FAO),,2021,437147.16,17434.19,292995.25,2396317.5,4176870.5,1833428.8,2874920
Least Developed Countries (FAO),,2022,439835.25,17573.56,292879.2,2444144.8,4254826,1899992.2,2932136.5
Least Developed Countries (FAO),,2023,441652.4,17757.63,295057.12,2519130,4374749.5,1961879,3010804
Least Developed Countries (FAO),,2024,445476.44,17811.17,294052.88,2616258.2,4498105,2072017.2,3060544
Lebanon,LBN,1961,,,,18890,14580,302.5,6258
Lebanon,LBN,1962,,,,21132,17820,302.5,10151
Lebanon,LBN,1963,,,,19850,23760,302.5,10624
Lebanon,LBN,1964,,,,22242,16470,302.5,12528
Lebanon,LBN,1965,,,,20518,16740,407,14956
Lebanon,LBN,1966,,,,22522,12825,407,18400
Lebanon,LBN,1967,,,,17564,12690,407,16177
Lebanon,LBN,1968,,,,19690,15525,605,17820
Lebanon,LBN,1969,,,,16290,14310,605,18300
Lebanon,LBN,1970,,,,18524,11340,715,18900
Lebanon,LBN,1971,,,,16920,12825,605,19400
Lebanon,LBN,1972,,,,15630,10125,550,21500
Lebanon,LBN,1973,,,,12670,8100,770,22322
Lebanon,LBN,1974,,,,11150,6075,715,24870
Lebanon,LBN,1975,,,,6210,2160,770,22200
Lebanon,LBN,1976,,,,5814,1755,660,8650
Lebanon,LBN,1977,,,,10340,16335,990,12000
Lebanon,LBN,1978,,,,9430,6885,660,19200
Lebanon,LBN,1979,,,,10276,11475,605,42570
Lebanon,LBN,1980,,,,9651.91,11874.6,660,47410
Lebanon,LBN,1981,,,,10943,14310,715,47300
Lebanon,LBN,1982,,,,10617,15525,825,53130
Lebanon,LBN,1983,,,,12858,16875,1045,52470
Lebanon,LBN,1984,,,,11354,16605,1430,51150
Lebanon,LBN,1985,,,,8404,18765,1870,51700
Lebanon,LBN,1986,,,,7736,15660,2475,55000
Lebanon,LBN,1987,,,,7316,13230,3575,58000
Lebanon,LBN,1988,,,,12298,15390,3465,60000
Lebanon,LBN,1989,,,,10080,15120,3575,57885
Lebanon,LBN,1990,,,,8710,9585,3740,56000
Lebanon,LBN,1991,,,,10954,6885,3850,55000
Lebanon,LBN,1992,,,,11310,27810,4290,54833
Lebanon,LBN,1993,,,,15214,28215,5280,56000
Lebanon,LBN,1994,,,,16320,24300,4950,59500
Lebanon,LBN,1995,,,,10518,17685,4400,58000
Lebanon,LBN,1996,,,,13637,10495,3850,58163
Lebanon,LBN,1997,,,,10418.4,44200,2750,81300
Lebanon,LBN,1998,,,,8615.6,30760,3300,87500
Lebanon,LBN,1999,,,,8939.8,51480,2500,90100
Lebanon,LBN,2000,,,,8545.8,57600,2400,105000
Lebanon,LBN,2001,,,,20252.14,42903,2200,109000
Lebanon,LBN,2002,,,,16789,54600,1900,116200
Lebanon,LBN,2003,,,,17585.8,55566,1300,119400
Lebanon,LBN,2004,,,,14647,52857,1200,129200
Lebanon,LBN,2005,,,,10972.4,61467,1100,122400
Lebanon,LBN,2006,,,,9903.2,51943.5,1000,132100
Lebanon,LBN,2007,,,,12139.6,46530.96,900,135200
Lebanon,LBN,2008,,,,13470,46620,863.5,136000
Lebanon,LBN,2009,,,,16368.38,61567.8,800,129880
Lebanon,LBN,2010,,,,13550.12,45764,770,80000
Lebanon,LBN,2011,,,,12084.25,44689,759,95000
Lebanon,LBN,2012,,,,10546.8,44107,770,100000
Lebanon,LBN,2013,,,,11111.88,47545,784.15,85106.38
Lebanon,LBN,2014,,,,10820.07,45607.97,803.23,93999.63
Lebanon,LBN,2015,,,,9888.54,47270.75,789.75,108557.69
Lebanon,LBN,2016,,,,8195.17,42823.42,764.11,125242
Lebanon,LBN,2017,,,,7290.93,46683.99,731.47,131136
Lebanon,LBN,2018,,,,8593.13,49523.36,750.07,135895.73
Lebanon,LBN,2019,,,,8225.38,48617.76,740.52,121003.41
Lebanon,LBN,2020,,,,7322.74,48834.23,727.4,130607.07
Lebanon,LBN,2021,,,,7170.79,48948.43,724.5,136764.56
Lebanon,LBN,2022,,,,6929.09,42780.97,740.77,134141.69
Lebanon,LBN,2023,,,,7091.62,39253.96,742.32,135738.1
Lebanon,LBN,2024,,,,7144.59,39193.98,743.87,137661.6
Lesotho,LSO,1961,2690,,,3231.52,8270.25,1632,456.8
Lesotho,LSO,1962,2730,,,3761.05,8514.3,1689,472
Lesotho,LSO,1963,2780,,,3813.58,8273.25,1740,488
Lesotho,LSO,1964,2820,,,3621.63,6414,1788,502.4
Lesotho,LSO,1965,2860,,,3872.42,7627.2,1824,518.4
Lesotho,LSO,1966,2910,,,3810.22,4597.8,1860,464
Lesotho,LSO,1967,2960,,,4119.86,6173.25,1920,576
Lesotho,LSO,1968,3020,,,3405.52,5721.6,1950,606.4
Lesotho,LSO,1969,3070,,,3732.6,6523.8,1980,640
Lesotho,LSO,1970,3130,,,4304.71,8321.1,1980.8,672
Lesotho,LSO,1971,3190,,,4437,8400,2050,720
Lesotho,LSO,1972,3250,,,4604,8550,2200,720
Lesotho,LSO,1973,3310,,,4736,9000,2300,736
Lesotho,LSO,1974,3380,,,4900,9300,2350,736
Lesotho,LSO,1975,3450,,,4980,9000,2450,736
Lesotho,LSO,1976,3500,,,4440,8700,2500,744
Lesotho,LSO,1977,3500,,,4620,9000,2550,744
Lesotho,LSO,1978,3500,,,4960,9750,2600,744
Lesotho,LSO,1979,3500,,,5320,10500,2650,744
Lesotho,LSO,1980,3500,,,5680,10800,2700,760
Lesotho,LSO,1981,3500,,,5860,10800,2250,768
Lesotho,LSO,1982,3500,,,6040,11700,2500,880
Lesotho,LSO,1983,3500,,,6170,12000,2400,960
Lesotho,LSO,1984,3500,,,6300,12000,2400,1000
Lesotho,LSO,1985,3500,,,6480,12300,2500,1040
Lesotho,LSO,1986,3500,,,6570,12450,3000,1040
Lesotho,LSO,1987,3500,,,6660,12450,3000,1080
Lesotho,LSO,1988,3500,,,6790,12600,3000,1120
Lesotho,LSO,1989,3500,,,6920,11385,3000,1160
Lesotho,LSO,1990,3875,,,6840,9450,2850,1280
Lesotho,LSO,1991,3031.23,58,,754,2175,500,936
Lesotho,LSO,1992,3123.94,53.12,,702.8,2853,441.7,832
Lesotho,LSO,1993,3216.5,64.83,,678.2,2695,591.8,1074.24
Lesotho,LSO,1994,3308.77,69.77,,738.2,2375,446.8,1287.8
Lesotho,LSO,1995,3414.78,62.88,,646.8,2395,645.3,1607.35
Lesotho,LSO,1996,3498.32,62.4,,574.1,2235,627,1497.34
Lesotho,LSO,1997,3600,56.13,,595.8,2506,782.2,1387.28
Lesotho,LSO,1998,3700,57.89,,430,2076,789,1277.38
Lesotho,LSO,1999,3800,65.67,,710.4,3178,1039,1167.82
Lesotho,LSO,2000,3900,65.17,,715.3,3224,1219,1071.78
Lesotho,LSO,2001,4000,61.63,,673.3,3403,1114,1017.61
Lesotho,LSO,2002,4050,53.42,,663.5,2966,992.3,1070.55
Lesotho,LSO,2003,4100,53.22,,605.2,3108,680.6,962.93
Lesotho,LSO,2004,4150,56.87,,599.2,3050,1097,855.43
Lesotho,LSO,2005,4200,51.14,,656.1,3245,1340,961.78
Lesotho,LSO,2006,4300,50.36,,629.9,3018,2176,961.19
Lesotho,LSO,2007,4400,51.02,,661.9,3314,970.6,953.12
Lesotho,LSO,2008,4500,58.24,,870.3,2730,1320,645.33
Lesotho,LSO,2009,4699.57,56.23,,742.6,1953,808.6,821.87
Lesotho,LSO,2010,4881.08,53.61,,435,1898,561.3,534.78
Lesotho,LSO,2011,5200,53.24,,666.5,2484,914.1,516.34
Lesotho,LSO,2012,5266.39,54.29,,714.6,2654,942.6,531.96
Lesotho,LSO,2013,5129.56,47.57,,937.7,2517,530.1,390.2
Lesotho,LSO,2014,5170.06,44.65,,828.1,2339,1764,962.65
Lesotho,LSO,2015,5438.32,37.4,,927.9,2506,1257,554.71
Lesotho,LSO,2016,5245.98,146.2,,829.59,2301.3,1810.3,309.85
Lesotho,LSO,2017,5351.03,68,,794.88,1986.81,665.94,459.16
Lesotho,LSO,2018,5426.97,53.91,,953.67,1679.93,579.51,444.28
Lesotho,LSO,2019,5520.02,45.62,,688.83,1392.05,651.8,298.4
Lesotho,LSO,2020,5620.41,39.26,,963.02,1635.81,919.35,522.31
Lesotho,LSO,2021,5699.59,52.02,,467.88,1034.29,717.71,801.8
Lesotho,LSO,2022,5598.09,78.6,,798.75,955.53,744.36,585.15
Lesotho,LSO,2023,5669.1,72.04,,645.91,1137.04,781.4,666.15
Lesotho,LSO,2024,5733.21,69.85,,629.43,1042.29,751.97,568.52
Liberia,LBR,1961,3000,,,648.26,2037.5,1920,1084.96
Liberia,LBR,1962,3050,,,685.39,2112.5,1984,1080.97
Liberia,LBR,1963,3100,,,705,2187.5,2050.96,1134.17
Liberia,LBR,1964,3150,,,731.2,2262.5,2113.36,1225.98
Liberia,LBR,1965,3180,,,749.8,2350,2176.52,1305.98
Liberia,LBR,1966,3200,,,785.5,2487.5,2273.04,1320.57
Liberia,LBR,1967,3300,,,809,2375,2400.08,1376.81
Liberia,LBR,1968,3500,,,837,2062.5,2496,1446.72
Liberia,LBR,1969,3700,,,865.5,2062.5,2564.68,1483.7
Liberia,LBR,1970,4000,,,889,2687.5,2624.28,1572.5
Liberia,LBR,1971,4200,,,922,2937.5,2656,1656.8
Liberia,LBR,1972,4400,,,945.5,3200,2688,1724
Liberia,LBR,1973,4600,,,978.5,2962.5,2752,1848
Liberia,LBR,1974,4800,,,1011.5,2350,2840,1944
Liberia,LBR,1975,5000,,,1035,2125,2880,2056
Liberia,LBR,1976,5250,,,1098.5,2187.5,3000,2128
Liberia,LBR,1977,5400,,,1152,2212.5,3040,2688
Liberia,LBR,1978,5600,,,1180,2187.5,3120,2712
Liberia,LBR,1979,5700,,,1129,2187.5,3200,2812
Liberia,LBR,1980,5800,,,1117,1662.5,3320,2704
Liberia,LBR,1981,5900,,,1178,1837.5,3440,2973
Liberia,LBR,1982,6000,,,1221,2250,3600,3010
Liberia,LBR,1983,6000,,,1287,2725,3680,3456
Liberia,LBR,1984,6000,,,1297,2187.5,3840,3576
Liberia,LBR,1985,6000,,,1306,1562.5,4080,4072
Liberia,LBR,1986,6000,,,1311,1437.5,4160,4197
Liberia,LBR,1987,6000,,,1320.5,1437.5,4480,4477
Liberia,LBR,1988,6000,,,1325.5,1137.5,4480,4437
Liberia,LBR,1989,6000,,,1325.5,975,4280,4760
Liberia,LBR,1990,5732,,,1316,1000,4000,4760
Liberia,LBR,1991,5456.2,,,1316,1000,4000,4760
Liberia,LBR,1992,5553.63,,,1316,1000,4000,4760
Liberia,LBR,1993,5651.05,,,1316,1000,4000,4760
Liberia,LBR,1994,5748.48,,,1316,1000,4000,4760
Liberia,LBR,1995,5845.9,,,1316,1000,4000,4760
Liberia,LBR,1996,5943.32,,,1316,1000,4000,5400
Liberia,LBR,1997,6040.75,,,1316,1000,4000,5560
Liberia,LBR,1998,6138.17,,,1316,1000,4000,5800
Liberia,LBR,1999,6222.62,,,1316,1000,4000,5800
Liberia,LBR,2000,6496.08,,,1316,1000,4400,6600
Liberia,LBR,2001,6500,,,1316,1000,4400,7080
Liberia,LBR,2002,6503.39,,,1316,1000,4400,7400
Liberia,LBR,2003,6510.29,,,1316,1000,4400,7880
Liberia,LBR,2004,6521.54,,,1316,1000,4400,8200
Liberia,LBR,2005,6539.3,,,1316,1000,4400,8680
Liberia,LBR,2006,6565.75,,,1415.5,1018.75,5100,9210
Liberia,LBR,2007,6600,,,1514.6,1045,5882,9730
Liberia,LBR,2008,6700,,,1619.19,1056.25,6783.2,10270
Liberia,LBR,2009,7033.29,,,1731.63,1075,7822,10690
Liberia,LBR,2010,7500,,,1857.3,1100,9020,11180
Liberia,LBR,2011,8000,,,1893,1125,9720,11760
Liberia,LBR,2012,8490.96,,,1903,1137.5,9800,11921.12
Liberia,LBR,2013,7663.08,,,1911.34,1160.25,9878.91,12384.2
Liberia,LBR,2014,7624.81,,,1905.49,1162.05,9848.64,12777.8
Liberia,LBR,2015,7982.55,,,1903.19,1179.42,9770.06,12851.14
Liberia,LBR,2016,7756.82,,,1906.41,1182.77,9734.39,12957.64
Liberia,LBR,2017,7749.45,,,1906.78,1130.45,9716.35,13185.65
Liberia,LBR,2018,7810.3,,,1904.51,1079.71,9651.18,13388.68
Liberia,LBR,2019,7899.27,,,1902.15,919.61,9645.74,13593.94
Liberia,LBR,2020,7996.95,,,1901.17,1037.17,9650.33,13757.71
Liberia,LBR,2021,8054,,,1888.92,998.66,9446.09,13958.4
Liberia,LBR,2022,8013.25,,,1885.99,985.32,9367.34,14144.78
Liberia,LBR,2023,8038.14,,,1882.8,976.78,9306.71,14338.54
Liberia,LBR,2024,8063.04,,,1880.73,968.67,9246.27,14533.06
Libya,LBY,1961,,,3878,7656,2441,,381
Libya,LBY,1962,,,4533,8416,2543,,453
Libya,LBY,1963,,,4829,8743,2615,,530
Libya,LBY,1964,,,6214,8649,2419,,622
Libya,LBY,1965,,,10696,10678,2736,,805
Libya,LBY,1966,,,12637,15623,3240,,1025
Libya,LBY,1967,,,10479,16231,5334,,1321
Libya,LBY,1968,,,10203,19165,6641,,1782
Libya,LBY,1969,,,11216,22884,4861,,1973
Libya,LBY,1970,,,12103,28296,5692,,1884
Libya,LBY,1971,,,10472,30929,5791,,2730
Libya,LBY,1972,,,11031,34757,6300,,4500
Libya,LBY,1973,,,11925,32123,3757,,10200
Libya,LBY,1974,,,9685,37083,8053,,9495
Libya,LBY,1975,,,4500,37919,9494,,11885
Libya,LBY,1976,,,5649,37600,10835,,19841
Libya,LBY,1977,,,7411,41000,34000,,15235
Libya,LBY,1978,,,6088,52000,41118,,20357
Libya,LBY,1979,,,7088,52700,40587,,25339
Libya,LBY,1980,,,8440,59050,50000,,26890
Libya,LBY,1981,,,7000,61560,51000,,35364
Libya,LBY,1982,,,8000,59400,33400,,34800
Libya,LBY,1983,,,9000,63240,37000,,40000
Libya,LBY,1984,,,9000,62310,34000,,44000
Libya,LBY,1985,,,8400,47100,21200,,45000
Libya,LBY,1986,,,7600,39450,25400,,47500
Libya,LBY,1987,,,6000,41500,29400,,53300
Libya,LBY,1988,,,7000,44650,33000,,52650
Libya,LBY,1989,,,8000,36675,27200,,58500
Libya,LBY,1990,,,10000,28800,24000,,65000
Libya,LBY,1991,,,10600,29550,6800,,66300
Libya,LBY,1992,,,10000,29475,5400,,67600
Libya,LBY,1993,,,7600,35475,4600,,71500
Libya,LBY,1994,,,6680,31020,4200,,83788
Libya,LBY,1995,,,7470,36376,4400,,102800
Libya,LBY,1996,,,7790,47462,4400,,100000
Libya,LBY,1997,,,4100,37290,4200,,99000
Libya,LBY,1998,,,3100,42673,4200,,98000
Libya,LBY,1999,,,3480,37053,4200,,98150
Libya,LBY,2000,,,3700,30150,4000,,98540
Libya,LBY,2001,,,3707,34406,4000,,99060
Libya,LBY,2002,,,3800,30900,4000,,98800
Libya,LBY,2003,,,4000,34200,4200,,98800
Libya,LBY,2004,,,4300,35250,4400,,98800
Libya,LBY,2005,,,4700,36600,4600,,98800
Libya,LBY,2006,,,5000,38700,5600,,93500
Libya,LBY,2007,,,5000,40700,5600,,120000
Libya,LBY,2008,,,5000,41100,5600,,112200
Libya,LBY,2009,,,5234,42450,5800,,115200
Libya,LBY,2010,,,5375,44925,5800,,118800
Libya,LBY,2011,,,5105,45000,6000,,122400
Libya,LBY,2012,,,5105,45150,6000,,124200
Libya,LBY,2013,,,5226.18,45484.8,6000,,125000
Libya,LBY,2014,,,5222.89,44423.52,6000,,120674.16
Libya,LBY,2015,,,5143.1,43450.9,6000,,118857.52
Libya,LBY,2016,,,5017.18,43087.54,6000,,119028.37
Libya,LBY,2017,,,4897.96,42544.8,6200,,120100.23
Libya,LBY,2018,,,5790,42963.71,6650,,124040
Libya,LBY,2019,,,5890,44180.88,6330,,124280
Libya,LBY,2020,,,4570,42355.67,7010,,129750
Libya,LBY,2021,,,5780,41928.19,5860,,127570
Libya,LBY,2022,,,6457.38,41490.24,6303.11,,128459.39
Libya,LBY,2023,,,5625.98,41702.7,6385.46,,132328.89
Libya,LBY,2024,,,5715.75,41142.16,6219.27,,131498.62
Lithuania,LTU,1992,,325,,1925.5,226113,155285,35682.73
Lithuania,LTU,1993,,180,,1945.93,161784,90198,23981.09
Lithuania,LTU,1994,,298,,1700,116140,81602,26356.82
Lithuania,LTU,1995,,615,,1600,86863,93058,28215.9
Lithuania,LTU,1996,,376,,1400,83008,88475,27404.21
Lithuania,LTU,1997,,369,,1200,89665,87109,23876.44
Lithuania,LTU,1998,,385,,1200,81419,95673,25440.62
Lithuania,LTU,1999,,430,,1200,77253,91020,24608.58
Lithuania,LTU,2000,,523,,867,75411,84528,26926.95
Lithuania,LTU,2001,,437,,792,47331,72251,31155.41
Lithuania,LTU,2002,,370,,831,44732,94867,36339.34
Lithuania,LTU,2003,100,118,,670,43230,91348,40736.11
Lithuania,LTU,2004,100,19,,652,47600,97119,53061
Lithuania,LTU,2005,115,16,,735,52891,105621,60475
Lithuania,LTU,2006,97,16,,611,47323,106217,65690
Lithuania,LTU,2007,98,38,,801,55977,99288,68163
Lithuania,LTU,2008,105,17,,801,47539,75863,70648
Lithuania,LTU,2009,102,10,,748,45114,60424,71437
Lithuania,LTU,2010,100,873,,593,43717,73337,77608
Lithuania,LTU,2011,100,737,,596,41980,74927,80171
Lithuania,LTU,2012,100,706,,607,40902,79439,85283
Lithuania,LTU,2013,100,369,,665,37709,86965,92980
Lithuania,LTU,2014,110,569,,668,40240,84851,99647
Lithuania,LTU,2015,100,535,,962,45102,84314,110713
Lithuania,LTU,2016,100,485,,1165,43319,74037,111772
Lithuania,LTU,2017,100,222,,1336,41917,71476,133640
Lithuania,LTU,2018,,214,,1230,41670,72060,107975
Lithuania,LTU,2019,,239,,1160,44180,77660,99658
Lithuania,LTU,2020,,,,1250,43410,80370,99027.16
Lithuania,LTU,2021,,,,1130,45540,79210,86991.51
Lithuania,LTU,2022,,,,1000,44580,71210,85595.12
Lithuania,LTU,2023,,,,980,45990,66720,86220.41
Lithuania,LTU,2024,,,,880,44760,68970,85709.14
Low Income Food Deficit Countries (FAO),,1961,218510,7573.4,53647.3,587963.5,1186233.2,155547.3,191376.06
Low Income Food Deficit Countries (FAO),,1962,221890,7856.45,55307.04,608035.4,1206868.1,159877.77,198690.27
Low Income Food Deficit Countries (FAO),,1963,228020,8380.95,59564.36,615676,1231684.2,167173.95,205405.19
Low Income Food Deficit Countries (FAO),,1964,231340,9101.35,58723.75,631425.8,1253608.2,177435.62,216700.9
Low Income Food Deficit Countries (FAO),,1965,238330,9512.8,59621.1,648746.06,1269077.5,182715.92,225970.4
Low Income Food Deficit Countries (FAO),,1966,238770,10010.85,68350.25,669301.06,1359377.9,192528.67,235559.45
Low Income Food Deficit Countries (FAO),,1967,242120,10226.95,70924.75,695911.4,1403722.5,203107.92,248562.88
Low Income Food Deficit Countries (FAO),,1968,245440,10791.5,80309.15,716702.25,1462884.9,212460.84,258713.22
Low Income Food Deficit Countries (FAO),,1969,246110,10895.9,77689.3,716904.6,1489917.2,223016.03,279614.4
Low Income Food Deficit Countries (FAO),,1970,249740,11171.45,77596.75,725579.1,1534707.8,244243.38,294159.16
Low Income Food Deficit Countries (FAO),,1971,252440,11530.65,80200.75,724044.5,1507930.2,258570.02,311913.88
Low Income Food Deficit Countries (FAO),,1972,253750,11585.8,82555,700187.2,1530301.4,277601.6,318740.88
Low Income Food Deficit Countries (FAO),,1973,258310,11248.85,81151.75,698049.7,1543493.2,274638.62,328666.25
Low Income Food Deficit Countries (FAO),,1974,262430,11504.45,80710.75,706120.25,1531384.1,295820.34,335375.53
Low Income Food Deficit Countries (FAO),,1975,265860,11821.5,82430.5,751806.56,1561711.6,311794.4,356843.84
Low Income Food Deficit Countries (FAO),,1976,266070,12148,83201.1,803156.5,1650294,327481.84,368136.16
Low Income Food Deficit Countries (FAO),,1977,272470,12382.4,84698.75,850367.94,1762188.2,342404.06,393758.97
Low Income Food Deficit Countries (FAO),,1978,272730,13862.5,86518.75,886321.4,1875421.8,355130.28,415550.16
Low Income Food Deficit Countries (FAO),,1979,278650,12712.7,86780.5,918334.6,1865543.8,365327.66,435056.84
Low Income Food Deficit Countries (FAO),,1980,285050,12535.5,99087.1,953290.1,1866339.5,362173.47,441987.56
Low Income Food Deficit Countries (FAO),,1981,288750,12708.25,95496.3,968504.5,1895148.6,378082.06,484470.5
Low Income Food Deficit Countries (FAO),,1982,293850,12545.75,94742.05,957093.94,1975632.5,375990.66,511832.25
Low Income Food Deficit Countries (FAO),,1983,298950,12821.45,92166.45,959197.44,1998748,393857.9,541027.4
Low Income Food Deficit Countries (FAO),,1984,303900,11958.6,96090.92,948958.3,2053305.5,405042.8,555697.3
Low Income Food Deficit Countries (FAO),,1985,311400,12926.77,97178.6,944548,2071849.2,418576.1,609748.1
Low Income Food Deficit Countries (FAO),,1986,317100,12816.67,101429.03,933237.25,2109622.5,441768.5,635810.56
Low Income Food Deficit Countries (FAO),,1987,323950,13063.75,104810.99,975280.06,2031467.6,464687.38,622988.44
Low Income Food Deficit Countries (FAO),,1988,330550,13670.08,107112.95,1035778.56,2106684,474061.06,658288.1
Low Income Food Deficit Countries (FAO),,1989,337300,14365.9,116833.22,1084532.4,2176308.8,500611.75,635047.9
Low Income Food Deficit Countries (FAO),,1990,343365,15231.77,124021.02,1114564.1,2232673,572239.9,618007.7
Low Income Food Deficit Countries (FAO),,1991,338588,15437,120774.84,1085750.9,2578789.5,623832.75,704039.1
Low Income Food Deficit Countries (FAO),,1992,296178.06,28190.74,127193.96,1241336.5,3120975.2,665827.94,805357
Low Income Food Deficit Countries (FAO),,1993,351391.88,27758.1,129651.98,1188259.8,3014401.5,641359.44,749703.6
Low Income Food Deficit Countries (FAO),,1994,358233.88,30511.85,142336.8,1249213.2,3052049.2,636889.4,740885.9
Low Income Food Deficit Countries (FAO),,1995,366018.9,28295.58,153459.94,1288051.5,3158363.2,664813.6,749671.6
Low Income Food Deficit Countries (FAO),,1996,371677.75,31512.17,162791.52,1330619.8,3315363.8,663550.4,759523.4
Low Income Food Deficit Countries (FAO),,1997,377412.88,36664.89,169780.66,1385996.1,3386357.2,664774.9,784977.7
Low Income Food Deficit Countries (FAO),,1998,390017.38,36560.72,182167.88,1515168.9,3501641,721622.94,828605.1
Low Income Food Deficit Countries (FAO),,1999,392643.94,39111.53,181792.77,1607946.4,3639851.8,762259.75,852242.1
Low Income Food Deficit Countries (FAO),,2000,399588.75,42880.13,181880.95,1603808.1,3578244.5,786898.1,891238.3
Low Income Food Deficit Countries (FAO),,2001,407318.5,44819.21,191111.84,1630000.2,3638627.5,809852.56,994656.9
Low Income Food Deficit Countries (FAO),,2002,415833.06,43063.18,191094.06,1590497.5,3777945,835044.4,1021331.9
Low Income Food Deficit Countries (FAO),,2003,425487.7,47776.08,204555.66,1670309.1,3872689,849673.6,1122927.8
Low Income Food Deficit Countries (FAO),,2004,434762.22,38928.52,213452.55,1721029.8,3975032.8,879997.4,1173282
Low Income Food Deficit Countries (FAO),,2005,447183.16,41465.41,181794.78,1839855.6,4170669.5,909615.06,1211471.4
Low Income Food Deficit Countries (FAO),,2006,457076.47,39847.49,221781.73,1867108.1,4276592,884321.94,1234340.8
Low Income Food Deficit Countries (FAO),,2007,468162.12,40461.72,275358.34,1914642.5,4328578.5,893643.9,1295080.8
Low Income Food Deficit Countries (FAO),,2008,481835.94,40855.09,308678.8,1978576.5,4485202,917174.94,1354830.6
Low Income Food Deficit Countries (FAO),,2009,492685.72,41283.85,296169.7,2027494.2,4641608,931230,1419567.2
Low Income Food Deficit Countries (FAO),,2010,506430.53,41495.99,314304.03,2190958.5,4858640,946070.75,1515532.1
Low Income Food Deficit Countries (FAO),,2011,521556.25,42342.54,324265.88,2318267,4981238.5,991061.75,1610808.1
Low Income Food Deficit Countries (FAO),,2012,531045.7,45603.09,330735.22,2300119.5,5093682,1024970.3,1598302.1
Low Income Food Deficit Countries (FAO),,2013,531956.2,46538.45,330743.88,2372897.5,5201720,1076438.5,1675640.6
Low Income Food Deficit Countries (FAO),,2014,535284.3,44413.28,329440.4,2475224,5166385,1114609.5,1722415.9
Low Income Food Deficit Countries (FAO),,2015,555541.8,48835.31,337536.97,2508991.5,5434749.5,1148618,1840063.6
Low Income Food Deficit Countries (FAO),,2016,550231.25,48980.28,331669.62,2540825.5,5268686.5,1184267.6,1966339.8
Low Income Food Deficit Countries (FAO),,2017,560256.56,49421.01,333503.8,2535666.8,5466459.5,1236515.8,2108605.2
Low Income Food Deficit Countries (FAO),,2018,567818,50551.94,319334.94,2604078,5867586.5,1338954.6,2229440.8
Low Income Food Deficit Countries (FAO),,2019,572147.7,49856.71,361188.47,2747232.8,6054908.5,1283167.5,2215718
Low Income Food Deficit Countries (FAO),,2020,578830.75,51628.36,348301.94,2875414.2,6033120,1314524.5,2324664.2
Low Income Food Deficit Countries (FAO),,2021,575897,53637.19,333597,2879580.2,6154405.5,1353430.4,2503452
Low Income Food Deficit Countries (FAO),,2022,580895.4,55700.86,318313.4,2954467.2,6253117.5,1441713.8,2519727.5
Low Income Food Deficit Countries (FAO),,2023,584955.5,55955.82,351327.6,3090402.8,6426374,1466008.5,2609551
Low Income Food Deficit Countries (FAO),,2024,591199.56,45862.47,366934.6,3202197.8,6645912.5,1561586.2,2745797
Low-income countries,OWID_LIC,1961,122270,1659.4,17938,272453.62,453200.5,104102.84,102415.92
Low-income countries,OWID_LIC,1962,123410,1722.45,19054.74,278743.34,467388.03,107771.46,105696.89
Low-income countries,OWID_LIC,1963,126790,1888.95,22727.36,290375.38,480351.8,112702.07,109206.79
Low-income countries,OWID_LIC,1964,128970,1988.35,21106,299030.5,490978.3,119729.45,114087.68
Low-income countries,OWID_LIC,1965,133320,2153.8,21246.6,312468.94,478983.7,122315.74,118881.49
Low-income countries,OWID_LIC,1966,131950,2257.35,21494,325389.25,530384.25,128666.61,123420.9
Low-income countries,OWID_LIC,1967,132680,2283.95,21478,345366.1,548328.44,136250.47,131405.58
Low-income countries,OWID_LIC,1968,132320,2380,26033,363270.34,564657.7,140235.56,137564.31
Low-income countries,OWID_LIC,1969,131710,2489.4,24874,366674.3,567776.75,145486.92,149984.27
Low-income countries,OWID_LIC,1970,132050,2552.45,25528,375937.8,559469.8,162035.31,159634.66
Low-income countries,OWID_LIC,1971,133450,2812.15,25996,378404.2,554303.1,175659.75,169503.78
Low-income countries,OWID_LIC,1972,133450,2677.3,27496,352784.3,552437.94,191920.5,168813.44
Low-income countries,OWID_LIC,1973,133650,2351.35,25759,346148.2,543047.3,189796.86,174344.06
Low-income countries,OWID_LIC,1974,134100,2549.45,27370,365065.9,556902.5,205357.73,175695.5
Low-income countries,OWID_LIC,1975,133030,2689,26137,389532.4,581925.06,217400.6,189371.42
Low-income countries,OWID_LIC,1976,132670,2873.5,25965.6,420987.2,606711.8,224961.94,193187.4
Low-income countries,OWID_LIC,1977,133770,2991.4,26774,455842.4,622352.1,237836.02,207737.9
Low-income countries,OWID_LIC,1978,131280,3063.5,28520.8,473791.3,707870.25,248942.89,221435.4
Low-income countries,OWID_LIC,1979,134300,3101.2,28531.6,494304,687669.4,261011.92,237986.6
Low-income countries,OWID_LIC,1980,135400,3236.5,31747,531055.75,716031.5,274444.88,243515.3
Low-income countries,OWID_LIC,1981,135200,3191.25,33498,544680.94,749458,294563.25,277413.5
Low-income countries,OWID_LIC,1982,136100,2853.75,33542.8,554276.2,766952.44,291954.12,295885.1
Low-income countries,OWID_LIC,1983,137000,2986.45,31350,557131.2,775234.75,307587.75,312944.7
Low-income countries,OWID_LIC,1984,137750,1993.6,32464.02,527602.8,788633.9,316796.12,330778.8
Low-income countries,OWID_LIC,1985,138650,1659.27,31715.9,506205.1,790848.5,327575.3,366978.1
Low-income countries,OWID_LIC,1986,139850,1727.67,34655.28,511665.8,764121.3,342853,382794.6
Low-income countries,OWID_LIC,1987,142700,1715.75,35987.84,547301.8,790858.7,367832.66,368109.3
Low-income countries,OWID_LIC,1988,145100,1791.08,36387.5,584157.5,826331.7,380208.6,400339.1
Low-income countries,OWID_LIC,1989,148550,1846.9,43565.74,618446.2,847697.1,403055.5,376149.9
Low-income countries,OWID_LIC,1990,150647,1833.78,49052.34,633024.06,880389.06,477023.5,375954.2
Low-income countries,OWID_LIC,1991,144789.97,1905.85,47486.46,584645.4,775573.06,526997.7,448964.78
Low-income countries,OWID_LIC,1992,150004.8,1966.57,49601.29,556258.94,789288.6,490265.56,475692.88
Low-income countries,OWID_LIC,1993,227944.22,2067.44,58360.37,613471.6,1077762.6,491296.7,507399.75
Low-income countries,OWID_LIC,1994,232712.12,2205.78,59704.29,652726,1096347.5,499792.75,507414.06
Low-income countries,OWID_LIC,1995,236971.78,2293.3699,62321.68,667675.9,1125280.6,515284.5,514146.78
Low-income countries,OWID_LIC,1996,240898.81,2416.12,64370.82,704664.5,1225497.8,515687.44,525693
Low-income countries,OWID_LIC,1997,243295.17,2409.08,64049.85,736255.25,1238844.8,522416.38,540799.2
Low-income countries,OWID_LIC,1998,249161.78,2491.35,68471.87,794980.94,1287021.2,558745.56,563036.75
Low-income countries,OWID_LIC,1999,247074.28,2607.41,66650.77,839414.06,1305434.1,596364.4,581095.3
Low-income countries,OWID_LIC,2000,249856.7,2505.3,65353.95,804490.7,1256273.1,616412.44,604028.2
Low-income countries,OWID_LIC,2001,252213.8,2998.98,70864.85,799987.9,1251569.4,632954.2,658561.25
Low-income countries,OWID_LIC,2002,255047.17,3089.28,70225.07,741079.3,1371060.6,663482,693346.3
Low-income countries,OWID_LIC,2003,257533.44,3246.74,78151.64,803360.06,1413637.5,672884,760956.9
Low-income countries,OWID_LIC,2004,260627.33,3515.65,76159.55,851935.4,1459987.5,697497.4,776034.1
Low-income countries,OWID_LIC,2005,265960.34,3410.87,76475.77,905109.06,1522060.1,730303.4,786293.1
Low-income countries,OWID_LIC,2006,269718.97,2921.13,75496.73,933611.56,1569920.2,697207.5,786312.06
Low-income countries,OWID_LIC,2007,274096.12,3492.7,80346.33,961305.5,1619822.1,707263.6,814446.2
Low-income countries,OWID_LIC,2008,280610.7,3968.1,92614.82,987623.94,1642587.8,722883.56,859034.8
Low-income countries,OWID_LIC,2009,285191.28,4187.88,86656.69,1031965.06,1655655.4,728559.6,917810.9
Low-income countries,OWID_LIC,2010,291029.2,3875.88,97690.04,1064813,1757035.2,734233.75,986104.6
Low-income countries,OWID_LIC,2011,297539.78,4147.3,96451.88,1131929.9,1794626.6,767575.44,1023090.6
Low-income countries,OWID_LIC,2012,311110.44,4257.6,241917.22,1579138.8,2208737,810305.2,1050440.4
Low-income countries,OWID_LIC,2013,311540.8,4265.42,241078.86,1605224.9,2220351.8,853102.25,1068589
Low-income countries,OWID_LIC,2014,313524.66,4332.2,244107.7,1649713.2,2235178.2,877998.75,1102453.4
Low-income countries,OWID_LIC,2015,320070.75,4348.26,245072.4,1650466.8,2273521.2,894428.1,1166649.1
Low-income countries,OWID_LIC,2016,320003.4,4922.4,244679.47,1674152.4,2283306.8,929948.4,1182253
Low-income countries,OWID_LIC,2017,325067.94,4988.84,248456.08,1703722.9,2343727.2,993800.7,1265693.6
Low-income countries,OWID_LIC,2018,329230.03,4806.56,254941.95,1750813.1,2370511.2,1085675.1,1348098.9
Low-income countries,OWID_LIC,2019,331127.9,4966.0103,259628.72,1832581.6,2460301.8,1053840.8,1337128.6
Low-income countries,OWID_LIC,2020,335676.84,4756.7803,258056.9,1898588.2,2546137.2,1054527.9,1293934.9
Low-income countries,OWID_LIC,2021,333922.6,4925.72,265257.1,1907870.2,2496037.5,1091492.5,1361671.6
Low-income countries,OWID_LIC,2022,337007.78,5007.46,264594.25,1960121.1,2530321.5,1128571.9,1315039.6
Low-income countries,OWID_LIC,2023,338099.8,5210.6,266431,1979314.6,2574576.8,1165571.8,1350745.6
Low-income countries,OWID_LIC,2024,341225.6,5304.54,264972.25,2041479.1,2635387.8,1249253.5,1435960.1
Lower-middle-income countries,OWID_LMC,1961,345840,8271.7,28597.3,812003.6,2633228.8,370536.34,386692.56
Lower-middle-income countries,OWID_LMC,1962,350130,8922.55,29647.1,836789.25,2671453,375351.22,408088.1
Lower-middle-income countries,OWID_LMC,1963,354230,8953.4,31945.4,848010.7,2729064,385060.22,427103.12
Lower-middle-income countries,OWID_LMC,1964,369920,9725.45,33614.95,868113.1,2807285.2,401880.56,458243.88
Lower-middle-income countries,OWID_LMC,1965,373910,10296.55,35046.5,888745.9,2896683,412458.47,482143.28
Lower-middle-income countries,OWID_LMC,1966,381870,10185.65,35687.75,907695.06,2981768.2,428358.7,522510.28
Lower-middle-income countries,OWID_LMC,1967,403140,10548.8,36894.75,920504.2,3068453,458550.6,555060.75
Lower-middle-income countries,OWID_LMC,1968,418370,11203.7,34153.75,930797.1,3189007,481593.47,577954.75
Lower-middle-income countries,OWID_LMC,1969,426100,11297.65,36337.3,938932.44,3313681.2,512341.47,616072.4
Lower-middle-income countries,OWID_LMC,1970,431840,12622.4,37379.75,947200.9,3399901.2,540779.75,654392.8
Lower-middle-income countries,OWID_LMC,1971,439590,14041.6,37123.75,961524.94,3500659.5,565679.8,674701.44
Lower-middle-income countries,OWID_LMC,1972,444350,14318.25,40858,976513.6,3545265,583407.4,716563.25
Lower-middle-income countries,OWID_LMC,1973,428360,14953.25,39150.75,999312.94,3678372.5,609368.75,741640.56
Lower-middle-income countries,OWID_LMC,1974,439580,13933.75,39595.75,1024027.9,3694472.8,606436.1,777453.25
Lower-middle-income countries,OWID_LMC,1975,454730,13288.55,37513.5,1063222.5,3705069,627870.44,844543.3
Lower-middle-income countries,OWID_LMC,1976,460950,13758.75,40053.5,1097304.2,3887871,654157.1,885694.5
Lower-middle-income countries,OWID_LMC,1977,480000,14395.25,38522.75,1155386.5,4015529.5,661818.8,929948.6
Lower-middle-income countries,OWID_LMC,1978,487400,14520.25,38465.75,1214812.6,4171073.5,681158.94,1004855.6
Lower-middle-income countries,OWID_LMC,1979,497675,14277.25,37853.5,1247029.6,4315908,695681.3,1073192.8
Lower-middle-income countries,OWID_LMC,1980,516650,14455.5,38201.5,1237014.4,4485813,705118.75,1157853
Lower-middle-income countries,OWID_LMC,1981,533350,16335.05,39841.5,1292932.4,4481592.5,733961.56,1262060.6
Lower-middle-income countries,OWID_LMC,1982,552350,14820,54969.25,1352554.2,4765111,784122.1,1393048.4
Lower-middle-income countries,OWID_LMC,1983,566850,14045.5,58896.25,1396239.6,4860969,819667.44,1473283.1
Lower-middle-income countries,OWID_LMC,1984,581650,12948,66385.5,1451127.8,4920588.5,846173.4,1571759.2
Lower-middle-income countries,OWID_LMC,1985,593450,13864.5,66429.5,1529922.9,5013389,939359.06,1650812.6
Lower-middle-income countries,OWID_LMC,1986,614250,13794.5,62851.75,1565946.9,4958289,989631.5,1735987.1
Lower-middle-income countries,OWID_LMC,1987,626750,14256.5,53136.75,1677711.6,5090934.5,1015337.06,1943297.6
Lower-middle-income countries,OWID_LMC,1988,639750,15203.75,61078.75,1784840.2,5229840.5,1064044.2,2021936.6
Lower-middle-income countries,OWID_LMC,1989,654150,15845.25,66359.75,1853159.5,5344794,1092220.9,1962812.6
Lower-middle-income countries,OWID_LMC,1990,660906,16832,66346.25,1904072,5446169.5,1051429.5,1978722.8
Lower-middle-income countries,OWID_LMC,1991,665989.3,16979.15,70867.25,1962550.2,5327086.5,1035409.9,2192482.8
Lower-middle-income countries,OWID_LMC,1992,675822,29774.9,68870.68,2221401.5,6088341,1782941,2488197.5
Lower-middle-income countries,OWID_LMC,1993,692257.56,29151.03,59191.62,2308749.2,5681069,1727361.5,2698452
Lower-middle-income countries,OWID_LMC,1994,704933.6,31693.57,66119.63,2419338,5833984,1759423.1,2875763
Lower-middle-income countries,OWID_LMC,1995,717582.56,29312.6,67067.73,2506549.5,6007251,1889412.5,3072328
Lower-middle-income countries,OWID_LMC,1996,729440.44,32356.709,68871.38,2287641.8,5775374,1932128.6,3252597.8
Lower-middle-income countries,OWID_LMC,1997,743352.9,37685.29,67439.23,2362357.2,6253076.5,1914814.1,3565731.5
Lower-middle-income countries,OWID_LMC,1998,758712.4,38024.38,67313.7,2422051.5,6594872.5,1932719.6,3652864
Lower-middle-income countries,OWID_LMC,1999,776956.4,40375.65,73804.25,2490865,6868739,2003080,3988690.2
Lower-middle-income countries,OWID_LMC,2000,795066.44,44104.87,70337.65,2560788.5,7045552,2015136.4,4255765
Lower-middle-income countries,OWID_LMC,2001,817912.44,45490.16,74655.54,2814950.5,7299946.5,1988361.1,4693946.5
Lower-middle-income countries,OWID_LMC,2002,840237.9,43967.5,72838.92,2861615.5,7719582,2100219.5,5155683
Lower-middle-income countries,OWID_LMC,2003,864406.44,48426.48,70380.25,2916970.8,7863061,2122748,5182451.5
Lower-middle-income countries,OWID_LMC,2004,888952.44,39439.77,74975.35,2979031.5,8103114.5,2110659.8,5463222
Lower-middle-income countries,OWID_LMC,2005,912139.25,42043.06,66653.08,3065018.8,8439969,2226295.2,5903401.5
Lower-middle-income countries,OWID_LMC,2006,947640.6,40170.43,65911.7,2945128.8,9003978,1739125.1,6226055
Lower-middle-income countries,OWID_LMC,2007,963993.44,40069.94,101444.61,3049032.5,9250093,1783466.8,6901234
Lower-middle-income countries,OWID_LMC,2008,1003616.94,40071.89,107329.43,3132201.8,9768144,1871005.2,7238395.5
Lower-middle-income countries,OWID_LMC,2009,1027978.4,39966.68,97495,3235273.5,10286046,1965791.8,7831424
Lower-middle-income countries,OWID_LMC,2010,1028925.2,40705.82,101313,3498033.8,10658868,2071140.1,8434100
Lower-middle-income countries,OWID_LMC,2011,1072506.1,41143.74,105837,3574803.2,11106077,2156319,9051791
Lower-middle-income countries,OWID_LMC,2012,1084094.2,44266.48,107076.9,3650359,11460761,2205097,9403843
Lower-middle-income countries,OWID_LMC,2013,1094606.5,45233.42,113602.59,3866714.2,12104157,2296613.5,9869905
Lower-middle-income countries,OWID_LMC,2014,1106856,42968.57,109721.95,4093531.8,12288728,2412566.2,10456466
Lower-middle-income countries,OWID_LMC,2015,1148350,47605.34,116525.984,4273040.5,12598875,2498285.2,11010257
Lower-middle-income countries,OWID_LMC,2016,1141882.1,47358.66,110099.51,4432070,12550618,2532644.8,11202141
Lower-middle-income countries,OWID_LMC,2017,1156022.8,47809.84,111488.1,4521503.5,12832636,2570383,12105628
Lower-middle-income countries,OWID_LMC,2018,1168785.4,49075.92,79832.83,4549409.5,12975598,1970221,11456609
Lower-middle-income countries,OWID_LMC,2019,1181717.1,48214.79,126224.336,4801394.5,13008477,2002030.4,12229808
Lower-middle-income countries,OWID_LMC,2020,1194595.9,50166.03,113253.46,5046707.5,12395341,2025025.5,13120214
Lower-middle-income countries,OWID_LMC,2021,1210019.1,51804.65,106899.59,5221870.5,13039186,2069139.1,14100669
Lower-middle-income countries,OWID_LMC,2022,1202019,53770.008,97963.8,5491671,13413239,2148225.5,14261395
Lower-middle-income countries,OWID_LMC,2023,1212201.5,53695.64,127517.42,5909503,13668082,2189490,14910332
Lower-middle-income countries,OWID_LMC,2024,1226188,41538.99,146728.02,6224808.5,14009862,2213281,15619693
Luxembourg,LUX,2000,336.7,16,,20,8167,12510,560
Luxembourg,LUX,2001,391.5,0,,21,11246,11412,688
Luxembourg,LUX,2002,323.5,19,,88,10738,11692.49,768
Luxembourg,LUX,2003,380.8,17,,78.88,10927,12315.51,741.63
Luxembourg,LUX,2004,377.9,12,,67.56,10700,11447.2,669.13
Luxembourg,LUX,2005,447.4,22,,72.94,9934,10823.16,581.33
Luxembourg,LUX,2006,408,11,,76,9333,9834,423.65
Luxembourg,LUX,2007,435.1,12,,58.58,9210.49,9922,338.17
Luxembourg,LUX,2008,493.6,15.65,,53.38,9171.13,9946.8,201
Luxembourg,LUX,2009,392.4,15,,54.76,9096,10102.4,245
Luxembourg,LUX,2010,400.2,14,,48.26,9390,9761.6,224
Luxembourg,LUX,2011,349.6,13,,49.7,9066,9746.5,255.4
Luxembourg,LUX,2012,362.8,13,,56,8585,10608,238.6
Luxembourg,LUX,2013,307.4,13.4,,53,8060,11121.2,243.9
Luxembourg,LUX,2014,401.9,4.3,,60.9,8592.5,12150.3,239.3
Luxembourg,LUX,2015,397,4.2,,59.5,9179.7,12506.1,254.5
Luxembourg,LUX,2016,394.6,3,,49.7,9528.8,13981.8,265.4
Luxembourg,LUX,2017,400,3,,52.5,9643,12943.6,269.9
Luxembourg,LUX,2018,,4,,50,9960,12920,0
Luxembourg,LUX,2019,,1,,50,10250,12960,0
Luxembourg,LUX,2020,,2,,50,10340,12490,0
Luxembourg,LUX,2021,,1.4,,50,10590,12550,0
Luxembourg,LUX,2022,,0.2,,60,9810,12840,0
Luxembourg,LUX,2023,,0.2,,60,9580,11590,0
Luxembourg,LUX,2024,,0,,60,9430,10290,0
Macao,MAC,1961,,,,2.17,706.45,1869,1494
Macao,MAC,1962,,,,1.28,1120.02,2328,1620
Macao,MAC,1963,,,,1.53,1165.67,2820,1692
Macao,MAC,1964,,,,1.39,1600.42,3033,1980
Macao,MAC,1965,,,,1.2,1548.87,3367,2520
Macao,MAC,1966,,,,1.06,1668.88,4001,2785.5
Macao,MAC,1967,,,,0.97,1186.16,3343,2340
Macao,MAC,1968,,,,0.34,1088.34,3377,2340
Macao,MAC,1969,,,,0.51,1141.34,3364,2340
Macao,MAC,1970,,,,0.35,1522.84,3841,1841.4
Macao,MAC,1971,,,,0.19,1522.79,4356,2014.2
Macao,MAC,1972,,,,1.67,2479.2,4906,2070
Macao,MAC,1973,,,,2.67,1907,5132,2340
Macao,MAC,1974,,,,3.73,1668.96,4683,1980
Macao,MAC,1975,,,,5.73,1976.94,5109,2238.3
Macao,MAC,1976,,,,7.57,2102.72,4768,2610
Macao,MAC,1977,,,,2.26,2182.79,5050,2520
Macao,MAC,1978,,,,4.94,2292.99,5873,2610
Macao,MAC,1979,,,,1.17,2142,7244,3094.8
Macao,MAC,1980,,,,0.54,2705,7825,3651.9
Macao,MAC,1981,,,,7.61,1773,7960,2939.2
Macao,MAC,1982,,,,3.2,1451.5,8260,3403.4
Macao,MAC,1983,,,,0,1414,7926,2856.4
Macao,MAC,1984,,,,0.5,1190,7776,3107
Macao,MAC,1985,,,,1.5,1685,6847,3821.4
Macao,MAC,1986,,,,1,1578,6986,4271
Macao,MAC,1987,,,,0.1,1541,6453,4114.1
Macao,MAC,1988,,,,0,2041,7498,3756.3
Macao,MAC,1989,,,,0,2188.75,7458,4271.7
Macao,MAC,1990,,,,0.17,1614.45,8200,4405.45
Macao,MAC,1991,,,,0.06,1605.24,6900,4991.3
Macao,MAC,1992,,,,0.29,1667,7800,5115
Macao,MAC,1993,,,,0.24,1650.12,8000,5404.55
Macao,MAC,1994,,,,0,1602.65,9000,5187.75
Macao,MAC,1995,,,,0.14,1355.55,9100,5198.85
Macao,MAC,1996,,,,0.02,1403.72,9300,5117.6
Macao,MAC,1997,,,,0,1065.33,10500,4781.05
Macao,MAC,1998,,,,2.04,1137.53,10654,4290.55
Macao,MAC,1999,,,,39.74,1088.89,9987,4907.7
Macao,MAC,2000,,,,24.04,1042.91,10023,4889.8
Macao,MAC,2001,,,,24,1138,10303,4513.45
Macao,MAC,2002,,,,23,1086,9422,4495.25
Macao,MAC,2003,,,,24,1078,9627,4031.25
Macao,MAC,2004,,,,22,1129,9581,3941.4
Macao,MAC,2005,,,,25,1071,9458,4108.46
Macao,MAC,2006,,,,19,1239,9354,4153.11
Macao,MAC,2007,,,,10,1170,9213,4682.47
Macao,MAC,2008,,,,13.79,811,7516,3781.6
Macao,MAC,2009,,,,21.83,908,7200,3771.81
Macao,MAC,2010,,,,20.44,898,6998,3764.08
Macao,MAC,2011,,,,20.94,918,7859,3756.76
Macao,MAC,2012,,,,21.44,788,8292,3752.55
Macao,MAC,2013,,,,21.94,800,8300,3748.35
Macao,MAC,2014,,,,23.54,834.62,7984.24,3576.39
Macao,MAC,2015,,,,24.22,847.5,7202.53,3538.77
Macao,MAC,2016,,,,25.1,833.12,6646.87,3532.58
Macao,MAC,2017,,,,25.86,810.82,6189.48,3492.86
Macao,MAC,2018,,,,26.54,790.26,5732.33,3405.24
Macao,MAC,2019,,,,27.12,768.65,5000,3378.19
Macao,MAC,2020,,,,27.59,766.69,5000,3313.16
Macao,MAC,2021,,,,27.39,778.73,5000,3330.72
Macao,MAC,2022,,,,26.86,778.39,5000,3231.82
Macao,MAC,2023,,,,27.19,769.45,5000,3168.46
Macao,MAC,2024,,,,27.51,760.51,4970.53,3105.84
Madagascar,MDG,1961,2000,14.4,,3096,97920,15336,24980
Madagascar,MDG,1962,2000,12.45,,3402,101362.5,16146,25740
Madagascar,MDG,1963,2000,13.95,,3787.8,101617.5,17658,26344
Madagascar,MDG,1964,2000,13.35,,4412.4,103275,19170,26976
Madagascar,MDG,1965,2000,13.8,,4734.6,87975,17118,27580
Madagascar,MDG,1966,2000,7.35,,5292,114750,19332,28268
Madagascar,MDG,1967,2000,13.95,,5976.6,114750,18954,28956
Madagascar,MDG,1968,2000,15,,6931.2,116025,19386,30410
Madagascar,MDG,1969,2000,14.4,,6886.2,112582.5,19062,32280
Madagascar,MDG,1970,2000,12.45,,7025.7,109395,19440,34520
Madagascar,MDG,1971,2000,12.15,,7117.5,100215,23868,37178.46
Madagascar,MDG,1972,2000,12.3,,7365.6,110670,27216,34464.43
Madagascar,MDG,1973,2000,10.35,,7254.9,109650,23868,37772.76
Madagascar,MDG,1974,2000,9.45,,7833.9,110287.5,21978,35540
Madagascar,MDG,1975,2000,9,,7925.4,112327.5,23733,37840
Madagascar,MDG,1976,2000,7.5,,8685.9,113347.5,20142,37200
Madagascar,MDG,1977,2000,6.6,,7426.2,81472.5,20682,38280
Madagascar,MDG,1978,2000,9.9,,7544.1,155295,21276,41650
Madagascar,MDG,1979,2000,10.8,,7494,127500,24300,42460
Madagascar,MDG,1980,2100,10.5,,9493.35,133875,29538,34060
Madagascar,MDG,1981,2200,9.45,,10865.55,134385,35478,34560
Madagascar,MDG,1982,2300,8.75,,10783.5,134895,30726,32960
Madagascar,MDG,1983,2400,7.35,,8343,135532.5,32400,31040
Madagascar,MDG,1984,2500,7,,8478,136093.5,41400,30720
Madagascar,MDG,1985,2600,3.67,,8937,133875,40170,39560
Madagascar,MDG,1986,2700,8.57,,8904,134002.5,42360,42880
Madagascar,MDG,1987,2800,5.25,,9006,137700,45960,34780
Madagascar,MDG,1988,2900,5.08,,9549,140505,50440,38980
Madagascar,MDG,1989,3000,4.9,,8667,141652.5,52650,37300
Madagascar,MDG,1990,3100,5.08,,8952,142800,53950,41380
Madagascar,MDG,1991,3200,4.9,,3273,44497.5,20507.5,42400
Madagascar,MDG,1992,3300,4.72,,3956.2,44561.25,20962.5,42640
Madagascar,MDG,1993,3400,4.38,,3934.37,44625,26815.1,44060
Madagascar,MDG,1994,3500,14.7,,3981.82,44625,27228.43,44960
Madagascar,MDG,1995,3549.42,9.97,,4094.47,44688.75,29569.81,47750
Madagascar,MDG,1996,3600,4.9,,3369,44752.5,24605,50400
Madagascar,MDG,1997,3700,5.08,,3939.22,44752.5,29909.14,52960
Madagascar,MDG,1998,3800,5.42,,3729.23,44816.25,22188.99,55850
Madagascar,MDG,1999,3900,5.6,,3508.23,44880,17186.34,58690
Madagascar,MDG,2000,4000,5.95,,3061.81,44943.75,9008.76,64370
Madagascar,MDG,2001,4114.52,5.78,,2950.5,38122.5,7939.42,66820
Madagascar,MDG,2002,4240.91,5.78,,3472.5,36017.78,9050.94,67160
Madagascar,MDG,2003,4376.06,5.78,,3720.53,36417.23,10241.86,67160
Madagascar,MDG,2004,4517.65,5.78,,3958.62,36542.49,11376.56,67160
Madagascar,MDG,2005,5445.59,5.78,,3425.49,42533.62,20862.83,67160
Madagascar,MDG,2006,5728.78,6.13,,3176.14,41501.25,21365.19,68452
Madagascar,MDG,2007,6790.45,6.13,,3590.94,42598.42,21779.52,68664
Madagascar,MDG,2008,6909.63,7.35,,3687.8,42678.77,22205,69580
Madagascar,MDG,2009,7022.5,6.13,,4213.66,42710.32,23071.88,70820
Madagascar,MDG,2010,7125.39,6.13,,4391.42,42377.05,23532.81,71400
Madagascar,MDG,2011,7200,6.3,,4896.53,42059.09,24013.1,72200
Madagascar,MDG,2012,7300,6.3,,4953.79,42062.2,24565.25,72480
Madagascar,MDG,2013,7250,6.13,,4914.41,41713.52,24121.33,72040
Madagascar,MDG,2014,7300,5.92,,4840.38,43855,23986,72516.68
Madagascar,MDG,2015,7351.6,5.89,,4937.94,44205,24584,78416.97
Madagascar,MDG,2016,7406.11,5.92,,5082.3,44516,25246.9,83469.59
Madagascar,MDG,2017,7459.58,5.89,,4605.48,42878.75,25555.6,83885.39
Madagascar,MDG,2018,7483.25,5.66,,4668.12,37005,26186.3,84712.69
Madagascar,MDG,2019,7495.44,5.62,,4730.76,37410,26672.1,85544.29
Madagascar,MDG,2020,7510.43,5.6,,4930.32,31354.18,27720.23,86574.09
Madagascar,MDG,2021,7637.21,5.53,,5545.25,26679.33,26400,88485.03
Madagascar,MDG,2022,7637.44,5.44,,5851.13,23942.52,26500,89236.7
Madagascar,MDG,2023,7667.75,5.36,,5547.91,31952.79,31447.56,90301.52
Madagascar,MDG,2024,7698.07,5.29,,5203.46,24978.54,31577.6,91348.15
Malawi,MWI,1961,,,,2194,4100,4020,2272
Malawi,MWI,1962,,,,2047.6,4523.4,4205,2432
Malawi,MWI,1963,,,,1864.71,5130.8,5115,2592
Malawi,MWI,1964,,,,1988.2,5068.8,5320,2678.2
Malawi,MWI,1965,,,,1922,5121.3,4950,2838.11
Malawi,MWI,1966,,,,1929.2,5519.67,4950,3036.9
Malawi,MWI,1967,,,,2564,6654.7,5700,3188.26
Malawi,MWI,1968,,,,2684.2,7122.73,6000,3295.29
Malawi,MWI,1969,,,,2536.4,7367.71,7250,5504.33
Malawi,MWI,1970,,,,2444.2,7922.37,5990,5952.9
Malawi,MWI,1971,,,,2560.2,7526.9,5855,5760
Malawi,MWI,1972,,,,2548,7292.74,6900,6000
Malawi,MWI,1973,,,,2348,7963.82,6895,6400
Malawi,MWI,1974,,,,2680,8848.17,7000,6720
Malawi,MWI,1975,,,,2776,9178.54,6185,7040
Malawi,MWI,1976,,,,2968.4,8881.54,7565,7440
Malawi,MWI,1977,,,,3301.8,10391.85,7155,8000
Malawi,MWI,1978,,,,3162,10589.85,8205,8400
Malawi,MWI,1979,,,,2638,10863.6,6975,8800
Malawi,MWI,1980,,,,2653.4,11850,7890,8960
Malawi,MWI,1981,,,,2884.2,16625.98,8225,9120
Malawi,MWI,1982,,,,3124.6,18000.2,7915,9280
Malawi,MWI,1983,,,,2817.6,15209.79,8470,9440
Malawi,MWI,1984,,,,3184.2,15257.06,7440,9600
Malawi,MWI,1985,,,,3524,10282.2,7390,9840
Malawi,MWI,1986,,,,3425,16181.21,11250,10080
Malawi,MWI,1987,,,,3616,15551.17,12500,10160
Malawi,MWI,1988,,,,3585,16160,10000,10560
Malawi,MWI,1989,,,,3553,15554,10250,11200
Malawi,MWI,1990,,,,3368.8,16856.9,10250,11360
Malawi,MWI,1991,,,,3417,17123.54,11050,12880
Malawi,MWI,1992,,,,3746,16791.45,13500,11760
Malawi,MWI,1993,,,,3810,17600,11025,12640
Malawi,MWI,1994,,,,3406,15000,11500,13120
Malawi,MWI,1995,,,,3344,15000,15500,13600
Malawi,MWI,1996,,,,4846,22550,14250,14160
Malawi,MWI,1997,,,,5983,12120,19150,14320
Malawi,MWI,1998,,,,6112,14342,19400,14560
Malawi,MWI,1999,,,,6364,14555,20250,15040
Malawi,MWI,2000,,,,8812,17425,21250,15280
Malawi,MWI,2001,,,,10844,19475,19900,15280
Malawi,MWI,2002,,,,9987,21876,12984,9309
Malawi,MWI,2003,,,,10309,22588,13140,11240
Malawi,MWI,2004,,,,13220,22089,11301,15840
Malawi,MWI,2005,,,,10849,21344,12041,15985
Malawi,MWI,2006,,,,15351,24104,16895,11150
Malawi,MWI,2007,,,,18038,26583,25033,13686
Malawi,MWI,2008,,,,20485,28815,33962,19060
Malawi,MWI,2009,,,,22428,30046,41872,21337
Malawi,MWI,2010,,,,24618,32225,31670,23831
Malawi,MWI,2011,,,,28861,34055,44201,55805
Malawi,MWI,2012,,,,30902,35683,66534.04,74356
Malawi,MWI,2013,,,,33811,38382,89035,77711
Malawi,MWI,2014,,,,37451,39514,102396,85973
Malawi,MWI,2015,,,,41100,42362,127292,98973
Malawi,MWI,2016,,,,46112,41615,162969,74958
Malawi,MWI,2017,,,,48397,45736,187440,130114
Malawi,MWI,2018,,,,53248,50018,268061,190617
Malawi,MWI,2019,,,,52064.07,55652.99,270000,104967.51
Malawi,MWI,2020,,,,55417.44,56830.7,350000,121477.65
Malawi,MWI,2021,,,,61226.13,58917.59,311000,123580.02
Malawi,MWI,2022,,,,72491.82,66226.8,291950.88,101434.36
Malawi,MWI,2023,,,,75203.72,69241.41,416070.12,106158.08
Malawi,MWI,2024,,,,79694.31,73661.51,438709.8,111034.91
Malaysia,MYS,1961,,48,,2054.21,15200.34,55348,29400
Malaysia,MYS,1962,,50.4,,2037.59,14694.7,60334.8,32100
Malaysia,MYS,1963,,49.2,,1901.55,15025.78,56170,36700
Malaysia,MYS,1964,,54,,1813.78,16096.14,56444,41500
Malaysia,MYS,1965,,54,,1889.48,16785.56,58636,46600
Malaysia,MYS,1966,,54.24,,1959.49,16226.18,62691.2,51800
Malaysia,MYS,1967,,54.6,,1635.1,16210.17,60773.2,57100
Malaysia,MYS,1968,,54.6,,1505.89,14885.6,58910,62700
Malaysia,MYS,1969,,54.72,,1782.48,14867.16,66636.8,68700
Malaysia,MYS,1970,,54.72,,1791.89,15748.18,70418,74500
Malaysia,MYS,1971,,55.2,,1848.22,16933.52,69267.2,76700
Malaysia,MYS,1972,,56.4,,1946.59,18618.4,75295.2,79100
Malaysia,MYS,1973,,56.4,,1298.69,13941.18,74308.8,86400
Malaysia,MYS,1974,,56.4,,1174.84,16980.71,79843.6,94800
Malaysia,MYS,1975,,56.4,,1280.24,15159.01,113107.2,113400
Malaysia,MYS,1976,,56.4,,1378.06,15326.12,126040,116700
Malaysia,MYS,1977,,56.4,,1296.07,15045.6,116066.4,114900
Malaysia,MYS,1978,,56.4,,1169.98,15461.19,118148.8,121900
Malaysia,MYS,1979,,57.6,,951.03,16569.03,120066.8,128200
Malaysia,MYS,1980,,57.6,,928.91,18813.78,135575.2,136000
Malaysia,MYS,1981,,57.6,,743.81,18507.6,144672,146600
Malaysia,MYS,1982,,57.6,,641.02,19385.32,134479.2,168700
Malaysia,MYS,1983,,60,,932.25,17010.84,143959.6,189400
Malaysia,MYS,1984,,57.6,,724.13,16870.32,142754,209700
Malaysia,MYS,1985,,60,,670.72,15965.48,153111.2,250800
Malaysia,MYS,1986,,60,,671.53,15208.22,158865.2,271000
Malaysia,MYS,1987,,78,,638.9,15308,174757.2,311000
Malaysia,MYS,1988,,78,,796.99,16881.86,162701.2,322700
Malaysia,MYS,1989,,66,,774.82,15346.54,196285,337600
Malaysia,MYS,1990,,90,,790.29,15176.56,226599,384900
Malaysia,MYS,1991,,108,,681.2,14311,233277,473474
Malaysia,MYS,1992,,114,,668.8,14833,250893,558800
Malaysia,MYS,1993,,90,,616.2,15263,262771,644200
Malaysia,MYS,1994,,66,,708.3,15188,284789,684100
Malaysia,MYS,1995,,60,,671.3,16919,283359,706737
Malaysia,MYS,1996,,144,,572.2,16046,278303,713000
Malaysia,MYS,1997,,144,,555.4,15944,282316,720000
Malaysia,MYS,1998,,36,,738.7,16708,260172,730000
Malaysia,MYS,1999,,72,,893.6,18300,158685,738000
Malaysia,MYS,2000,,108,,888,17501,159818,714270
Malaysia,MYS,2001,,180,,938,19319,184702,750997
Malaysia,MYS,2002,,300,,1130,22190,192900,814058
Malaysia,MYS,2003,,240,,1302,23966,190933,846654
Malaysia,MYS,2004,,240,,1320,26658,200180,927490
Malaysia,MYS,2005,,240,,1460,29396,208323,964000
Malaysia,MYS,2006,,240,,1600,31885,216747,1027300
Malaysia,MYS,2007,,216,,1780,34976,200109,1074600
Malaysia,MYS,2008,,240,,1958.4,38250,195070,1130182
Malaysia,MYS,2009,,228,,2161.9,42178,206026,1165660
Malaysia,MYS,2010,,204,,2386.5,46510,234000,1263563
Malaysia,MYS,2011,,210,,3091.5,48835,214308,1308006
Malaysia,MYS,2012,,201.6,,4806.2,51277,218471,1374369
Malaysia,MYS,2013,,157.61,,4688.8,51715,217422,1458093
Malaysia,MYS,2014,,166.45,,4546.1,52901,217558,1572794
Malaysia,MYS,2015,,168.02,,4407,50494,222598,1633408
Malaysia,MYS,2016,,190.69,,4991,47956,195176,1755231
Malaysia,MYS,2017,,203.79,,4400.07,46333,218177,1664852.1
Malaysia,MYS,2018,,194.67,,4433.73,46924,223862,1653686.8
Malaysia,MYS,2019,,143.99,,4200,44025,222791,1655293
Malaysia,MYS,2020,,188.93,,3916.76,41378.79,220586.4,1702770
Malaysia,MYS,2021,,190.88,,3502.46,36800.56,197371.58,1652981.8
Malaysia,MYS,2022,,189.86,,3570.07,35934.08,181853.23,1611441.1
Malaysia,MYS,2023,,200.86,,4368.36,38667.25,147419.31,1631941.2
Malaysia,MYS,2024,,206.01,,4269.37,42426.31,136506.28,1670140.8
Mali,MLI,1961,8000,500,2560,22414,30015,291.84,8040
Mali,MLI,1962,8000,500,2560,22327,32315,557.76,8436
Mali,MLI,1963,9000,600,2720,25356,32430,548.16,8800
Mali,MLI,1964,9000,700,2720,27100,34615,864,9200
Mali,MLI,1965,10000,800,3360,28596.93,37260,800,9600
Mali,MLI,1966,10000,820,3520,28697.5,41400,752,9200
Mali,MLI,1967,11000,840,3520,29676,45000,800,9440
Mali,MLI,1968,12000,870,3680,32696.64,44850,920,10000
Mali,MLI,1969,13000,850,3360,34040.4,48144,1000,10800
Mali,MLI,1970,14000,850,3360,34052.41,46575,1000,11520
Mali,MLI,1971,15000,850,3360,30794,44550,960,12240
Mali,MLI,1972,15500,700,2880,22900,38500,800,11120
Mali,MLI,1973,16000,600,2560,16650,33000,640,9920
Mali,MLI,1974,16500,630,2720,21150,36900,680,10640
Mali,MLI,1975,17000,640,2880,29400,40000,800,11120
Mali,MLI,1976,17500,650,3040,34450,41820,960,10800
Mali,MLI,1977,18000,660,3200,38200,42000,1120,10400
Mali,MLI,1978,18500,670,3526.4,44705,42880,1280,11440
Mali,MLI,1979,18800,680,3505.6,45452,38144,1400,10800
Mali,MLI,1980,18300,700,3699.2,48640,36720,1536,11040
Mali,MLI,1981,17700,800,3787.2,47255,44133,1696,12240
Mali,MLI,1982,17500,385,3824,46580,45742.5,1440,13840
Mali,MLI,1983,17300,392.5,3472,43798,44555.7,1680,15360
Mali,MLI,1984,17000,306,3520,33590,57152,1664,17240
Mali,MLI,1985,17000,273,3680,31174,54108.8,1760,20000
Mali,MLI,1986,17000,334.5,3840,32585,62103.6,1628,22400
Mali,MLI,1987,17000,269.5,3600,33033,61053,1776,22640
Mali,MLI,1988,17000,280,3680,37250,65000,1840,23040
Mali,MLI,1989,17000,270,3200,41495,68900,1760,23360
Mali,MLI,1990,16241,385,3856,46197.45,71500,1792,23680
Mali,MLI,1991,13073.47,394,288,4334,66888.66,340,24000
Mali,MLI,1992,13551.52,417.5,258.29,4384.41,69759.77,286.76,24400
Mali,MLI,1993,14029.57,460,265.49,4380.4,71064.64,278.75,24560
Mali,MLI,1994,14507.61,506,273.53,4382.21,71123.6,272.8,24000
Mali,MLI,1995,14985.66,560,281.1,4570.11,70210.5,260.91,25600
Mali,MLI,1996,15463.71,615.5,290.38,4633.22,68557.38,258.29,25680
Mali,MLI,1997,15941.76,678.5,300.09,4706.55,66359.16,257.68,26000
Mali,MLI,1998,16419.81,747.5,310.07,5111.3,63778.35,259.3,28800
Mali,MLI,1999,16897.86,824,320.33,5562.63,60949.53,263.57,29200
Mali,MLI,2000,17118.98,825,332.7,5952.26,56433.29,282.41,29200
Mali,MLI,2001,17634.67,1000,307.92,5382.77,52962.3,282.81,27200
Mali,MLI,2002,18000,1102,377.17,5664.33,54176.74,309.84,32480
Mali,MLI,2003,18246.25,1214,387.59,5934.06,51028.63,312.49,33600
Mali,MLI,2004,18474.73,1338,397.69,6482.84,47974.11,310.6,34800
Mali,MLI,2005,18707.35,1325,403.28,6750.52,45103.36,324.24,34400
Mali,MLI,2006,18945.59,1578,288.77,6926.17,41718.18,296.65,34400
Mali,MLI,2007,18500,1787,289.79,7798.32,40270.67,296.23,33988
Mali,MLI,2008,20231.7,2170,292.15,7776.28,31400,288.14,39440
Mali,MLI,2009,21277.53,2391,112,9387,30654,275.34,40600
Mali,MLI,2010,22324.96,2439,176,11761,35902,269.09,41600
Mali,MLI,2011,23700,2500,320,13356,36001,175,41200
Mali,MLI,2012,24500,2584.58,70,11109,37532,119,42000
Mali,MLI,2013,23912.79,2626.32,46,10941,34691,101,44136
Mali,MLI,2014,23803.94,2625.5,96,11060,37577,119,37789.11
Mali,MLI,2015,25395.84,2677.7,116,12442,43123,242,43074.84
Mali,MLI,2016,24370.86,2772.13,226.47,14368.5,44409.27,578.91,60000
Mali,MLI,2017,24931.02,2837.96,227.96,14419.31,51571.74,617.42,48000
Mali,MLI,2018,25342.38,2795.48,165.7,13571.88,51259.61,754.03,44481.15
Mali,MLI,2019,25819.35,2854.86,295.59,16076.52,54553.54,1008.57,43097.07
Mali,MLI,2020,26351.23,2910.57,516.65,20917.6,71252.13,560,43103.01
Mali,MLI,2021,25853.9,2963.85,1655.97,19117.7,55737.68,683.13,49545.09
Mali,MLI,2022,26234.57,3018.22,1927.99,25968.96,59296.03,755.7,50070.7
Mali,MLI,2023,26593.25,3073.57,795,16873.58,59465.02,785.02,51065.63
Mali,MLI,2024,26916.83,3129.94,631.52,22518.18,67217.15,754.29,52032.6
Malta,MLT,1961,,85,,332,3001,2018,950
Malta,MLT,1962,,85,,292,2899,1494,1050
Malta,MLT,1963,,85,,283,2696,2549,1100
Malta,MLT,1964,,92,,353,2354,2040,1200
Malta,MLT,1965,,86,,412,2354,1948,1200
Malta,MLT,1966,,58,,399,2206,2452,1340.54
Malta,MLT,1967,,59,,321,2351,2545,1386.32
Malta,MLT,1968,,115,,300,2728,2643,2393.4
Malta,MLT,1969,,144,,237,2500,3399,2275.02
Malta,MLT,1970,,135,,232,2347,4116,2410.4
Malta,MLT,1971,,135,,211,2426,3871,2975.92
Malta,MLT,1972,,149,,174,2453,3750,2667.36
Malta,MLT,1973,,111,,178,1574,4506,3573.38
Malta,MLT,1974,,111,,190,1525,4604,2838.3
Malta,MLT,1975,,101,,137,1644,3691,3240.14
Malta,MLT,1976,,74,,135,1962,4052,3548.3
Malta,MLT,1977,,62,,163,2129,4922,4089.46
Malta,MLT,1978,,75,,149,2420,4195,3820.4
Malta,MLT,1979,,67,,102,2116,724,4711
Malta,MLT,1980,,65,,100,2391,25,4635.2
Malta,MLT,1981,,48,,55,2282,401,4903.2
Malta,MLT,1982,,53,,33,1720,1482,3831.6
Malta,MLT,1983,,51,,47,1595,3255,3992
Malta,MLT,1984,,47,,27,1534,5093,3984
Malta,MLT,1985,,39,,32,1422,7008,4084
Malta,MLT,1986,,44,,30,1420,7100,4084
Malta,MLT,1987,,46,,28,1500,7500,4188.2
Malta,MLT,1988,,48,,27,1730,7773,4288.2
Malta,MLT,1989,,48,,26,1550,8289,4413.2
Malta,MLT,1990,,46,,26,1697,7814,4388.2
Malta,MLT,1991,,48,,32,1650,8300,4404
Malta,MLT,1992,,60,,35,1640,8400,4511.4
Malta,MLT,1993,,36,,35,1640,8508,4523.4
Malta,MLT,1994,,27,,37,1650,9300,4771.4
Malta,MLT,1995,,20,,41,1736,8500,5075.6
Malta,MLT,1996,,20,,52,1750,8600,6668
Malta,MLT,1997,,28,,73.47,1686,10191,5294
Malta,MLT,1998,,30,,92.44,1584,10397,5147.6
Malta,MLT,1999,,39,,111.26,1588,10258,5397
Malta,MLT,2000,,62,,135,1608,9069,6147
Malta,MLT,2001,,80,,122,1536,9930,6403
Malta,MLT,2002,,73,,118,1636,10405,6955
Malta,MLT,2003,,63,,135,1408,9779,7510
Malta,MLT,2004,,63,,131,1290,8469,6441
Malta,MLT,2005,,72,,131,1390,8889,4665
Malta,MLT,2006,,63,,134,1398,8217,4103
Malta,MLT,2007,,55,,142,1386,8018,4734
Malta,MLT,2008,,55,,135,1479,8503,5147
Malta,MLT,2009,,55,,133,1543,7369,4854
Malta,MLT,2010,,57,,143,1422,7511,4566
Malta,MLT,2011,,58,,132,1128,7305,4323
Malta,MLT,2012,,55.87,,139,1111,5665,4419.35
Malta,MLT,2013,,38.29,,137,1134,5920,4312.98
Malta,MLT,2014,,57.11,,125.83,1129,6153,4061.6
Malta,MLT,2015,,58.6,,136.65,1032,5428,4057.43
Malta,MLT,2016,,58.81,,138.6,1151,4931,3968.97
Malta,MLT,2017,,59.17,,146.51,1117,4707,3676
Malta,MLT,2018,,,,150,1070,4430,3820
Malta,MLT,2019,,,,180,1030,4410,3990
Malta,MLT,2020,,,,180,1140,4560,4150
Malta,MLT,2021,,,,170,1050,4720,4070
Malta,MLT,2022,,,,180,1040,4430,4250
Malta,MLT,2023,,,,190,1100,3960,4740
Malta,MLT,2024,,,,180,1150,4120,4950
Martinique,MTQ,1961,,,,184,2806,1775,641
Martinique,MTQ,1962,,,,186,2400,1500,645.5
Martinique,MTQ,1963,,,,186,2500,1500,664
Martinique,MTQ,1964,,,,211,2250,1350,837.5
Martinique,MTQ,1965,,,,216,1900,1350,837.5
Martinique,MTQ,1966,,,,219,2000,1350,871
Martinique,MTQ,1967,,,,218,2061,1150,926
Martinique,MTQ,1968,,,,222,2220,1200,1139.5
Martinique,MTQ,1969,,,,230,2460,1395,1348
Martinique,MTQ,1970,,,,218,2700,1330,1218
Martinique,MTQ,1971,,,,220,2240,1500,1416.5
Martinique,MTQ,1972,,,,230,3000,1550,1486.5
Martinique,MTQ,1973,,,,284,4200,1500,1515
Martinique,MTQ,1974,,,,276,2580,1500,1519.5
Martinique,MTQ,1975,,,,296,2750,1500,1519.5
Martinique,MTQ,1976,,,,346,2740,1550,1619.5
Martinique,MTQ,1977,,,,380,2810,1400,1719.5
Martinique,MTQ,1978,,,,380,2200,1400,1715
Martinique,MTQ,1979,,,,236,2400,1400,1715
Martinique,MTQ,1980,,,,404,2600,1400,1815
Martinique,MTQ,1981,,,,222,2600,1500,1815
Martinique,MTQ,1982,,,,286,2900,1600,1800
Martinique,MTQ,1983,,,,566,2900,1700,1900
Martinique,MTQ,1984,,,,628,3000,2150,1400
Martinique,MTQ,1985,,,,600,3100,1800,1400
Martinique,MTQ,1986,,,,600,3000,1900,1095
Martinique,MTQ,1987,,,,460,2800,1900,1095
Martinique,MTQ,1988,,,,430,2500,2000,1096
Martinique,MTQ,1989,,,,420,2433,1950,1046
Martinique,MTQ,1990,,,,460,2600,2000,1044
Martinique,MTQ,1991,,,,460,2500,2050,1284
Martinique,MTQ,1992,,,,460,2500,2000,1284
Martinique,MTQ,1993,,,,440,2300,1800,1284
Martinique,MTQ,1994,,,,433,2250,1800,904
Martinique,MTQ,1995,,,,320,2250,1500,559
Martinique,MTQ,1996,,,,325,2572,1500,1046
Martinique,MTQ,1997,,,,325,2288,1481,952
Martinique,MTQ,1998,,,,338,2360,1535,865
Martinique,MTQ,1999,,,,339,2287,1658,1091
Martinique,MTQ,2000,,,,343,1947,1842,1050
Martinique,MTQ,2001,,,,427,1750,1522,1039
Martinique,MTQ,2002,,,,233,1842,1653,950
Martinique,MTQ,2003,,,,290,1600,1650,887
Martinique,MTQ,2004,,,,288,1700,1532,1087
Martinique,MTQ,2005,,,,114,1647,1273,730
Martinique,MTQ,2006,,,,103,1626,1324,949
Mauritania,MRT,1961,,135,5925,13500,10020,0,1440
Mauritania,MRT,1962,,135,6195,13800,10560,0,1480
Mauritania,MRT,1963,,135,6315,14145,11040,0,1520
Mauritania,MRT,1964,,150,6585,14070,12132,0,1560
Mauritania,MRT,1965,,150,6855,14295,13272,0,1600
Mauritania,MRT,1966,,180,6975,14550,13812,0,1680
Mauritania,MRT,1967,,255,7110,15000,14352,0,1760
Mauritania,MRT,1968,,195,9000,15750,14760,0,1840
Mauritania,MRT,1969,,195,8250,16050,10800,0,1920
Mauritania,MRT,1970,,225,8550,16200,10800,0,2000
Mauritania,MRT,1971,,225,9000,16050,14355,0,2080
Mauritania,MRT,1972,,195,9600,14700,10000,0,2160
Mauritania,MRT,1973,,195,9000,15000,8100,0,2160
Mauritania,MRT,1974,,195,8550,13500,8000,0,2160
Mauritania,MRT,1975,,195,8250,14550,9975,5.5,2240
Mauritania,MRT,1976,,195,8250,16500,11000,50,2360
Mauritania,MRT,1977,,195,8400,17250,13200,0,2480
Mauritania,MRT,1978,,165,8700,18000,15600,0,2560
Mauritania,MRT,1979,,165,8850,18300,15960,4.25,2640
Mauritania,MRT,1980,,165,11088,18525,17160,0,2720
Mauritania,MRT,1981,,180,11088,17325,20020,0,2960
Mauritania,MRT,1982,,180,10800,17850,18590,5,3040
Mauritania,MRT,1983,,180,10944,17400,17160,4.75,3040
Mauritania,MRT,1984,,180,11232,17100,15730,3.85,3160
Mauritania,MRT,1985,,180,11376,17250,17160,0,3360
Mauritania,MRT,1986,,195,17138,17616,15120,0,3520
Mauritania,MRT,1987,,195,17556,17655,15372,0,3600
Mauritania,MRT,1988,,195,18183,17830.5,15876,0,3680
Mauritania,MRT,1989,,195,19019,19785,16380,0,3760
Mauritania,MRT,1990,,195,19855,20565,17010,0,3840
Mauritania,MRT,1991,,195,18000,21225,19700,0,3920
Mauritania,MRT,1992,,195,17100,20025,18200,0,3840
Mauritania,MRT,1993,,195,15000,20217.26,9240,,3760
Mauritania,MRT,1994,,195,18000,21000,9360,,3840
Mauritania,MRT,1995,,202.5,18462,21165,9600,,3840
Mauritania,MRT,1996,,202.5,18046,25500,10200,,4000
Mauritania,MRT,1997,,252,18300,26400,12500,,4000
Mauritania,MRT,1998,,307.5,18487,29700,13500,,4096
Mauritania,MRT,1999,,363,16170,32550,14000,,4000
Mauritania,MRT,2000,,418.5,19940,34200,21000,,4080
Mauritania,MRT,2001,,474,20930,36000,22000,,4800
Mauritania,MRT,2002,,529.5,22000,38100,22000,,4400
Mauritania,MRT,2003,,585,23000,38400,23000,,4400
Mauritania,MRT,2004,,637.5,23500,39300,24000,,4360
Mauritania,MRT,2005,,637.5,24000,39300,25200,,4440
Mauritania,MRT,2006,,648,22500,39300,25800,,4464
Mauritania,MRT,2007,,648,22500,39300,25800,,4464
Mauritania,MRT,2008,,657,21600,37500,25800,,4464
Mauritania,MRT,2009,,657,22000,37800,25800,,4464
Mauritania,MRT,2010,,657,23000,43800,25787.11,,4464
Mauritania,MRT,2011,,657,23500,45000,27000,,4520
Mauritania,MRT,2012,,657,23500,48000,28200,,4560
Mauritania,MRT,2013,,657,23550,49558.68,29400,,4640
Mauritania,MRT,2014,,657,24650,46808.54,29000,,4640
Mauritania,MRT,2015,,619.92,25850,53987.38,29706.56,,4752.59
Mauritania,MRT,2016,,592.35,24240,54795.4,31615.07,,4747.61
Mauritania,MRT,2017,,620.13,24428.9,54077.83,30281.86,,4771.37
Mauritania,MRT,2018,,536.2,25702.55,55297.59,29309.23,,4794.76
Mauritania,MRT,2019,,470.64,26277.85,56131.95,29797.6,,4818.13
Mauritania,MRT,2020,,530.46,27225.42,59069.87,29999.66,,4851.82
Mauritania,MRT,2021,,474.89,27514.02,60466.15,30437.02,,4881.95
Mauritania,MRT,2022,,462.39,28010.11,61692.15,30575.16,,4892.57
Mauritania,MRT,2023,,454.44,28429.19,63197.37,30844.99,,4914.4
Mauritania,MRT,2024,,446.54,28855.68,64756.91,31134.44,,4933.76
Mauritius,MUS,1961,,,,220,1670,371,425
Mauritius,MUS,1962,,,,251,1933,394,431.95
Mauritius,MUS,1963,,,,282,2113,434,431.13
Mauritius,MUS,1964,,,,293,2180,445,424.92
Mauritius,MUS,1965,,,,266,2021,474,419.61
Mauritius,MUS,1966,,,,283,2087,497,414.5
Mauritius,MUS,1967,,,,298,2425,565,424.5
Mauritius,MUS,1968,,,,251,2377,554,434.5
Mauritius,MUS,1969,,,,256,2186,548,634.5
Mauritius,MUS,1970,,,,264,2189,570,759.5
Mauritius,MUS,1971,,,,205,2127,620,795.5
Mauritius,MUS,1972,,,,209,1892,751,855.5
Mauritius,MUS,1973,,,,215,1069,765,934.5
Mauritius,MUS,1974,,,,255,972,775,2037
Mauritius,MUS,1975,,,,205,968,745,2437
Mauritius,MUS,1976,,,,175,1056,597,2570
Mauritius,MUS,1977,,,,224,1257,606,3178
Mauritius,MUS,1978,,,,232,1157,620,3437
Mauritius,MUS,1979,216,,,205,1735,523,5787
Mauritius,MUS,1980,240,,,174,2049,687,5737
Mauritius,MUS,1981,250,,,140,1217,639,5837
Mauritius,MUS,1982,325,,,135,1365,608,6037
Mauritius,MUS,1983,325,,,143,1174,601,6462
Mauritius,MUS,1984,325,,,150,1018,616,6238.5
Mauritius,MUS,1985,325,,,180,995,540,6038.5
Mauritius,MUS,1986,350,,,197,1340,620,6913.5
Mauritius,MUS,1987,375,,,210,1467,732,7538.5
Mauritius,MUS,1988,400,,,218,1635,690,9038.5
Mauritius,MUS,1989,425,,,220,1700,690,10543
Mauritius,MUS,1990,450,,,220,2125,875,12553.5
Mauritius,MUS,1991,175,,,230,2250,945,13294.5
Mauritius,MUS,1992,525,,,230,2484,1030,15541
Mauritius,MUS,1993,525,,,220,2613,1080,17051
Mauritius,MUS,1994,535,,,324.95,3067.74,1058,18904.5
Mauritius,MUS,1995,550,,,264.77,2676.25,1038,19378.5
Mauritius,MUS,1996,550,,,310.66,2149.48,1112,20608.5
Mauritius,MUS,1997,550,,,327.3,2520.48,948,20888.5
Mauritius,MUS,1998,500,,,356.4,3164.24,752,18368.5
Mauritius,MUS,1999,520,,,322.95,3198.72,678,20973.5
Mauritius,MUS,2000,550,,,267.76,3249.76,891,21078.5
Mauritius,MUS,2001,570,,,216.7,2265.6,882,27278.5
Mauritius,MUS,2002,590,,,333.54,2791.8,756,29383.5
Mauritius,MUS,2003,600,,,249.28,2871.7,785,30078.5
Mauritius,MUS,2004,585.23,,,249.45,3284.25,743,33078.5
Mauritius,MUS,2005,620,,,211.76,3339.64,709,33078.5
Mauritius,MUS,2006,620,,,169.2,3070.55,870,36223.5
Mauritius,MUS,2007,625,,,116.88,1994.83,765,40241
Mauritius,MUS,2008,625,,,119.32,2050,524,42283.5
Mauritius,MUS,2009,625,,,124.24,2300,605,44291
Mauritius,MUS,2010,625,,,117.16,2420,800,46691
Mauritius,MUS,2011,625,,,110.97,2883,825,47091
Mauritius,MUS,2012,625,,,95,2414,833,47493.54
Mauritius,MUS,2013,625,,,83.72,2112,795,46892.14
Mauritius,MUS,2014,625,,,85.37,2111,717,47592.35
Mauritius,MUS,2015,625,,,79.53,2213,623,46493.25
Mauritius,MUS,2016,625,,,68.23,1818.54,676.9,45893.14
Mauritius,MUS,2017,625,,,67.85,1784.85,641.47,47593.85
Mauritius,MUS,2018,625,,,67.08,1919.68,572.9,49092.38
Mauritius,MUS,2019,625,,,44.19,1930.83,600.4,51092.72
Mauritius,MUS,2020,625,,,47.37,1826,598,47592.43
Mauritius,MUS,2021,625,,,43.39,1823,574,49192.26
Mauritius,MUS,2022,625,,,65.62,2071,583,55792.21
Mauritius,MUS,2023,625,,,54.42,2049,572,59292.14
Mauritius,MUS,2024,640.86,,,59.97,2090,633,51292.06
Melanesia (FAO),,1961,120000,50.7,,599.98,7392.15,20762.5,1657.72
Melanesia (FAO),,1962,123000,41.55,,596.66,7755.45,21337,1736.95
Melanesia (FAO),,1963,125000,44.4,,642.71,8252.7,21718.5,1764.48
Melanesia (FAO),,1964,128000,42.45,,629.96,8517.2,22160,1801.63
Melanesia (FAO),,1965,130000,44.55,,634.77,8596.52,22740,1868.14
Melanesia (FAO),,1966,135000,57.15,,620.2,8952.5,23333.5,1939.91
Melanesia (FAO),,1967,138000,40.8,,520,9856,24110,1983.79
Melanesia (FAO),,1968,140000,37.2,,574.62,11134.8,24796.5,2058.11
Melanesia (FAO),,1969,145000,36.15,,586.88,12058.8,25480.5,2158.49
Melanesia (FAO),,1970,148000,38.4,,485.77,11959,26367,2298.68
Melanesia (FAO),,1971,150000,38.1,,502.23,13255.85,27116,2487.1
Melanesia (FAO),,1972,153000,24.75,,495.28,12792.2,27910,2537.52
Melanesia (FAO),,1973,155000,27.75,,492.2,12759.8,29062.5,3006.47
Melanesia (FAO),,1974,160000,39.75,,487.3,12479.8,29692.5,3190.5
Melanesia (FAO),,1975,162000,31.05,,477.14,13480.5,31143,3284.5
Melanesia (FAO),,1976,165000,29.25,,455.28,13563.35,33235,3693.3
Melanesia (FAO),,1977,168000,29.25,,447.43,14099.7,33900.5,4344.6
Melanesia (FAO),,1978,170000,26.25,,428.15,14420.5,34702.5,4850.9
Melanesia (FAO),,1979,175000,30.75,,459.46,15024,36039,5525.2
Melanesia (FAO),,1980,180000,31.5,,560.01,15403.5,36810,6552.3
Melanesia (FAO),,1981,185000,35.55,,611.49,15772,37429,7525.3
Melanesia (FAO),,1982,190000,33,,658.47,16470.75,38504,7047.6
Melanesia (FAO),,1983,195000,33,,738.53,16201.5,39725,7935.1
Melanesia (FAO),,1984,200000,33,,797.25,16636,40181,7902.7
Melanesia (FAO),,1985,205000,34.5,,822.95,17807.5,41337,8031.4
Melanesia (FAO),,1986,210000,33,,862.9,17625.5,41738,8453.5
Melanesia (FAO),,1987,215000,36,,882.03,17538.5,42358,8850
Melanesia (FAO),,1988,220000,36,,867.6,17611.5,42727,9175.2
Melanesia (FAO),,1989,225000,37.5,,856.57,17576.5,43374,10287
Melanesia (FAO),,1990,230000,38.25,,825.26,19053.5,44384.5,10987.7
Melanesia (FAO),,1991,235000,39,,882.15,12082.5,45161.5,11513.7
Melanesia (FAO),,1992,240000,39.75,,944.15,12054.5,48843,11750.7
Melanesia (FAO),,1993,245000,40.5,,805.88,12804.5,53344.5,11677.5
Melanesia (FAO),,1994,250000,46.5,,898.35,13518.5,57422.5,14230.5
Melanesia (FAO),,1995,255000,46.5,,955.35,12847.5,61159,14989.5
Melanesia (FAO),,1996,260000,42.75,,905.3,13541.5,62600,15929.8
Melanesia (FAO),,1997,265000,45,,936.05,14254.5,66060.7,15739.8
Melanesia (FAO),,1998,270000,54,,972.7,14014.5,67856.64,14437.6
Melanesia (FAO),,1999,275000,54,,1003.7,14279.5,68655.02,15060.9
Melanesia (FAO),,2000,280000,54,,1035.75,13790.5,68340.14,15012.9
Melanesia (FAO),,2001,290000,36,,1073.05,13567,74571.72,15115.2
Melanesia (FAO),,2002,300000,54,,867,12635.5,78235.61,17716.5
Melanesia (FAO),,2003,310000,54,,914.25,13303.5,78203.58,19557.5
Melanesia (FAO),,2004,320000,54,,1266.25,13048.75,78258.5,20285.8
Melanesia (FAO),,2005,330000,54,,1039.45,12795.75,78324.62,19711.73
Melanesia (FAO),,2006,355000,55.5,,1059.75,12216.5,78575.6,21448.5
Melanesia (FAO),,2007,365000,57,,1081.57,12186,80953.47,22602.8
Melanesia (FAO),,2008,375000,60,,1096.92,12260,81252.39,22875.1
Melanesia (FAO),,2009,380000,69,,426.67,11421,83163.92,20215.1
Melanesia (FAO),,2010,360000,72,,378.95,12950.9,85362.89,23086.9
Melanesia (FAO),,2011,380000,73.5,,341.23,12805,86842.04,28943.2
Melanesia (FAO),,2012,380000,69.67,,367.47,12467.98,87991.01,34298.91
Melanesia (FAO),,2013,388942.3,70.85,,443.65,12881.18,85444.84,25882.42
Melanesia (FAO),,2014,395508,71.26,,392.27,13297.19,86419.31,30677.51
Melanesia (FAO),,2015,406964.66,70,,255.91,13719.18,88330.15,32356.43
Melanesia (FAO),,2016,411938.53,66.05,,242.12,11414.28,87072.76,23921.05
Melanesia (FAO),,2017,416194.47,64.95,,349.16,12739.77,87580.51,41847.83
Melanesia (FAO),,2018,421582.62,63.24,,394.91,11636.55,87542.32,44303.01
Melanesia (FAO),,2019,427215.8,61.28,,360.72,11181.86,87873.24,42959.22
Melanesia (FAO),,2020,432463.8,57.79,,364.03,10416.22,88443.52,34434.85
Melanesia (FAO),,2021,439976.1,55.17,,401.98,12391.02,87161.36,34820.37
Melanesia (FAO),,2022,433023.34,51.83,,482.09,11841.52,87444.21,54143.38
Melanesia (FAO),,2023,438539.25,49.03,,796.64,12890.28,87001.72,51320.49
Melanesia (FAO),,2024,443985.25,52.82,,881.74,12234.13,89605.38,54817.12
Mexico,MEX,1961,,42925,,30096,373000,422000,134860
Mexico,MEX,1962,,43050,,29531,441560,422000,148440
Mexico,MEX,1963,,43175,,30554,459820,424000,155020
Mexico,MEX,1964,,43300,,31979,479740,426000,161600
Mexico,MEX,1965,,43430,,32466,489700,428000,175680
Mexico,MEX,1966,,43550,,32148,499330,430000,182760
Mexico,MEX,1967,,43680,,32833,508950,444000,189990
Mexico,MEX,1968,,43930,,33298,518600,446000,196390
Mexico,MEX,1969,,44190,,37265,523730,460000,204450
Mexico,MEX,1970,,44820,,37547,511129,479000,218900
Mexico,MEX,1971,,45450,,38512,495842,503570,232940
Mexico,MEX,1972,,46044,,48154,500951,572894,244285
Mexico,MEX,1973,,46143,,48258,476679,641441,271290
Mexico,MEX,1974,,46193,,48395,491515,719036,295073.9
Mexico,MEX,1975,,46313,,48551,569595,810019,309960.9
Mexico,MEX,1976,,46400,,48745,677937,909310,331811
Mexico,MEX,1977,,46681,,49094,746808,1009890,353471
Mexico,MEX,1978,,46878,,50023,732468,1084622,380760.7
Mexico,MEX,1979,,46997,,51240,652288,1166822,411761.7
Mexico,MEX,1980,,47254,,52575,740755,1250800,444371
Mexico,MEX,1981,,57914,,55626,835825,1306616,472105
Mexico,MEX,1982,,58100,,57467,861940,1365414,499957
Mexico,MEX,1983,,59400,,54820,944295,1485882,520187
Mexico,MEX,1984,,60600,,52289,925020,1455303,543491.5
Mexico,MEX,1985,,61900,,59311,926771,1293221,607280.8
Mexico,MEX,1986,,64500,,62037,1247856,959259,722232.5
Mexico,MEX,1987,,66800,,57542,1272593,914573,718255.6
Mexico,MEX,1988,,69300,,62127,1271000,861200,673697.7
Mexico,MEX,1989,,70560,,61746,1162780,726670,651259.9
Mexico,MEX,1990,,72450,,60797,1113919,757351,792521.9
Mexico,MEX,1991,,74350,,65576,1188687,811899,878515.9
Mexico,MEX,1992,,76350,,70765,1247195,819782,911497
Mexico,MEX,1993,,76860,,70166,1256478,821580,1052041
Mexico,MEX,1994,,77870,,68973,1364711,872907,1135248
Mexico,MEX,1995,,78870,,67565,1412336,921576,1294757
Mexico,MEX,1996,,79380,,65322,1329947,910290,1275421
Mexico,MEX,1997,,80729,,65430,1340071,939245,1456095
Mexico,MEX,1998,,82944.99,,68653,1379768,960689,1621355
Mexico,MEX,1999,,78876,,68216,1399629,994186,1754489
Mexico,MEX,2000,,80436,,72150,1408618,1029955,1848734
Mexico,MEX,2001,,82576,,75060,1444621,1057843,1952288
Mexico,MEX,2002,,83881,,80430,1467574,1070246,2102667
Mexico,MEX,2003,,84047,,84361,1503760,1035308,2180968
Mexico,MEX,2004,,86321.99,,86344,1543730,1064382,2304151
Mexico,MEX,2005,,88078,,88618,1557707,1102940,2460315
Mexico,MEX,2006,,79128,,90562,1612992,1108942,2485184
Mexico,MEX,2007,,79380,,91407,1635040,1152003,2564199
Mexico,MEX,2008,,80587,,94403,1667136.2,1160677,2604593
Mexico,MEX,2009,,81749,,96982,1704985,1162398,2657360
Mexico,MEX,2010,,83200,,98833,1744738,1174582,2701969
Mexico,MEX,2011,,83350,,100385,1803932,1201998,2786129
Mexico,MEX,2012,,83350,,99184,1820547,1238625,2812279
Mexico,MEX,2013,,83500,,97636,1806758,1283672,2825308
Mexico,MEX,2014,,80921.7,,98046,1827152,1290591,2898923
Mexico,MEX,2015,,78621.99,,98809,1845236,1322529,2981308
Mexico,MEX,2016,,77501.53,,99892.18,1878705.5,1376198.6,3094632.5
Mexico,MEX,2017,,74988.47,,101383,1926901,1441851,3228016
Mexico,MEX,2018,,71947.3,,102789.67,1980846.4,1502521.5,3355454.2
Mexico,MEX,2019,,71771.83,,103967.76,2027634.2,1600445.5,3493490
Mexico,MEX,2020,,72127.25,,104758.93,2081261.6,1652362.2,3595777.5
Mexico,MEX,2021,,72141.92,,106323.44,2130590.8,1693006.2,3686866.8
Mexico,MEX,2022,,71446.98,,108074.36,2175576.5,1730051.4,3799951.5
Mexico,MEX,2023,,71055.7,,109485.72,2214927.8,1768525.2,3906962.5
Mexico,MEX,2024,,70664.45,,110033.29,2253615.2,1882461.2,4032212
Micronesia (FAO),,1961,,,,,,641.54,95.1
Micronesia (FAO),,1962,,,,,,642.05,99.35
Micronesia (FAO),,1963,,,,,,642.59,101.9
Micronesia (FAO),,1964,,,,,,765.1,105.3
Micronesia (FAO),,1965,,,,,,766.15,107.85
Micronesia (FAO),,1966,,,,,,660.69,112.1
Micronesia (FAO),,1967,,,,,,661.2,115.45
Micronesia (FAO),,1968,,,,,,662.25,121.4
Micronesia (FAO),,1969,,,,,,663.3,125.65
Micronesia (FAO),,1970,,,,,,664.35,129.9
Micronesia (FAO),,1971,,,,,,669.4,135.85
Micronesia (FAO),,1972,,,,,,671.5,142.65
Micronesia (FAO),,1973,,,,,,673.6,146.9
Micronesia (FAO),,1974,,,,,,676,150.56
Micronesia (FAO),,1975,,,,,,676,155.01
Micronesia (FAO),,1976,,,,,,674,157.87
Micronesia (FAO),,1977,,,,,,674,161.52
Micronesia (FAO),,1978,,,,,,680,165.18
Micronesia (FAO),,1979,,,,,,681.5,168.15
Micronesia (FAO),,1980,,,,,,683,173.2
Micronesia (FAO),,1981,,,,,,693,181.7
Micronesia (FAO),,1982,,,,,,696,190.2
Micronesia (FAO),,1983,,,,,,699,198.7
Micronesia (FAO),,1984,,,,,,693,207.2
Micronesia (FAO),,1985,,,,,,696,215.7
Micronesia (FAO),,1986,,,,,,703,225
Micronesia (FAO),,1987,,,,,,706,233.5
Micronesia (FAO),,1988,,,,,,709,242
Micronesia (FAO),,1989,,,,,,709,250.5
Micronesia (FAO),,1990,,,,,,712,259
Micronesia (FAO),,1991,,,,13.2,245.87,1571.28,420.91
Micronesia (FAO),,1992,,,,13.21,245.7,1576,429.55
Micronesia (FAO),,1993,,,,13.21,245.97,1577.21,437.77
Micronesia (FAO),,1994,,,,13.21,245.81,1584.16,437.97
Micronesia (FAO),,1995,,,,13.2,244.8,1594,438.51
Micronesia (FAO),,1996,,,,13.2,244.8,1614,455.51
Micronesia (FAO),,1997,,,,13.2,244.8,1614,455.51
Micronesia (FAO),,1998,,,,13.2,244.8,1614,455.51
Micronesia (FAO),,1999,,,,13.2,244.8,1614,455.51
Micronesia (FAO),,2000,,,,13.2,244.8,1686,468.01
Micronesia (FAO),,2001,,,,13.2,244.8,1706,549.01
Micronesia (FAO),,2002,,,,13.2,244.8,1790,600.01
Micronesia (FAO),,2003,,,,13.2,244.8,1790,600.01
Micronesia (FAO),,2004,,,,13.2,244.8,1801.91,608.52
Micronesia (FAO),,2005,,,,13.2,244.8,1817.91,667.61
Micronesia (FAO),,2006,,,,13.2,244.8,1822,733.62
Micronesia (FAO),,2007,,,,14.3,258.4,1836,843.6
Micronesia (FAO),,2008,,,,13.71,243.2,1711.76,886.27
Micronesia (FAO),,2009,,,,12.93,241.7,1847.26,902.38
Micronesia (FAO),,2010,,,,12.51,228.84,1855.22,907.1
Micronesia (FAO),,2011,,,,13.01,240.31,1906.92,926.77
Micronesia (FAO),,2012,,,,12.89,236.53,1925.19,938.57
Micronesia (FAO),,2013,,,,13.37,240.02,1954.22,972.28
Micronesia (FAO),,2014,,,,13.22,236.34,2024.67,989.48
Micronesia (FAO),,2015,,,,13.19,237.37,2045.63,1010.09
Micronesia (FAO),,2016,,,,13.17,241.41,2068.89,1025.67
Micronesia (FAO),,2017,,,,13.18,250.5,2093.64,1051.76
Micronesia (FAO),,2018,,,,13.14,248.1,2079.28,1096.01
Micronesia (FAO),,2019,,,,13.09,242.94,2097.73,1199.79
Micronesia (FAO),,2020,,,,13.05,240.59,2114.29,1138.79
Micronesia (FAO),,2021,,,,13.25,250.92,2151.46,1227.68
Micronesia (FAO),,2022,,,,13.28,251.93,2172.06,1260.98
Micronesia (FAO),,2023,,,,13.3,252.12,2193.8,1291
Micronesia (FAO),,2024,,,,13.32,252.21,2215.47,1321.54
Micronesia (country),FSM,1991,,,,13.2,245.87,856.28,153.41
Micronesia (country),FSM,1992,,,,13.21,245.7,858,153.55
Micronesia (country),FSM,1993,,,,13.21,245.97,856.21,153.27
Micronesia (country),FSM,1994,,,,13.21,245.81,863.16,153.47
Micronesia (country),FSM,1995,,,,13.2,244.8,873,154.01
Micronesia (country),FSM,1996,,,,13.2,244.8,873,154.01
Micronesia (country),FSM,1997,,,,13.2,244.8,873,154.01
Micronesia (country),FSM,1998,,,,13.2,244.8,873,154.01
Micronesia (country),FSM,1999,,,,13.2,244.8,873,154.01
Micronesia (country),FSM,2000,,,,13.2,244.8,873,154.01
Micronesia (country),FSM,2001,,,,13.2,244.8,873,154.01
Micronesia (country),FSM,2002,,,,13.2,244.8,873,154.01
Micronesia (country),FSM,2003,,,,13.2,244.8,873,154.01
Micronesia (country),FSM,2004,,,,13.2,244.8,873,154.01
Micronesia (country),FSM,2005,,,,13.2,244.8,873,153.61
Micronesia (country),FSM,2006,,,,13.2,244.8,873,151.62
Micronesia (country),FSM,2007,,,,14.3,258.4,876,159.6
Micronesia (country),FSM,2008,,,,13.71,243.2,749.67,159.76
Micronesia (country),FSM,2009,,,,12.93,241.7,885.52,158.86
Micronesia (country),FSM,2010,,,,12.51,228.84,881.72,155.07
Micronesia (country),FSM,2011,,,,13.01,240.31,933.45,157.75
Micronesia (country),FSM,2012,,,,12.89,236.53,931.73,159.57
Micronesia (country),FSM,2013,,,,13.37,240.02,956.58,161.41
Micronesia (country),FSM,2014,,,,13.22,236.34,982.59,158.59
Micronesia (country),FSM,2015,,,,13.19,237.37,991.9,158.91
Micronesia (country),FSM,2016,,,,13.17,241.41,1003.89,159.19
Micronesia (country),FSM,2017,,,,13.18,250.5,1016.97,159.86
Micronesia (country),FSM,2018,,,,13.14,248.1,995.61,159.51
Micronesia (country),FSM,2019,,,,13.09,242.94,1000.92,160
Micronesia (country),FSM,2020,,,,13.05,240.59,1003.87,160.4
Micronesia (country),FSM,2021,,,,13.25,250.92,1024.34,160.91
Micronesia (country),FSM,2022,,,,13.28,251.93,1035.16,161.12
Micronesia (country),FSM,2023,,,,13.3,252.12,1044.88,161.42
Micronesia (country),FSM,2024,,,,13.32,252.21,1054.57,161.73
Middle Africa (FAO),,1961,140170,750,180,31450.95,104455.47,32096.35,14238.5
Middle Africa (FAO),,1962,143460,802,180,31347.15,109802.56,32739.95,14658.75
Middle Africa (FAO),,1963,145870,841,360,31605,114038.76,33531.55,15406
Middle Africa (FAO),,1964,150090,750,360,31409.61,113963.11,34024,16849.25
Middle Africa (FAO),,1965,153800,724,360,31733.42,111841.79,35645.15,17688.1
Middle Africa (FAO),,1966,152500,762,360,33945.33,112654.22,36986.55,18485.95
Middle Africa (FAO),,1967,151780,762,360,35103.16,122860.64,37806.15,20562.8
Middle Africa (FAO),,1968,151020,775,360,36365.51,126924.28,40110.75,23143.25
Middle Africa (FAO),,1969,149260,775,360,37158.99,127069.4,41264.75,26459.8
Middle Africa (FAO),,1970,149000,697,360,39069.03,139643,43585.72,29388.4
Middle Africa (FAO),,1971,147900,645,360,38832.81,144670.5,45885.47,30305
Middle Africa (FAO),,1972,146900,556,450,41937.27,144965.1,47160.6,30742.2
Middle Africa (FAO),,1973,146880,530,450,38389.83,145522.5,48624.8,31953.6
Middle Africa (FAO),,1974,146200,465,540,40088.6,148547.6,49852.42,32746.4
Middle Africa (FAO),,1975,143780,400,540,42016.8,159540.1,52348.95,33493.2
Middle Africa (FAO),,1976,144940,337,540,45092.95,181101.8,57647.3,35977.5
Middle Africa (FAO),,1977,144220,301,540,48561.42,185319.3,59458.45,37076
Middle Africa (FAO),,1978,142100,314,540,50956.1,191673.6,61570.03,38206
Middle Africa (FAO),,1979,145700,315,540,52799.28,193447,64662,38263
Middle Africa (FAO),,1980,148100,317,540,54447.16,202156.5,65353.97,36527.5
Middle Africa (FAO),,1981,150500,397,576,55612.2,204950.1,65966.55,36527
Middle Africa (FAO),,1982,152800,397,630,57049.73,217256.8,64532.42,37264.5
Middle Africa (FAO),,1983,155200,413,720,59231.97,229275,64054.15,39317
Middle Africa (FAO),,1984,157650,413,720,62928.77,243985.3,66137.73,43647
Middle Africa (FAO),,1985,161750,414,635.94,66206.52,246290.84,72321.3,43720
Middle Africa (FAO),,1986,164350,390,627.12,74108.97,252780.6,77708.24,47205
Middle Africa (FAO),,1987,166700,366,684,79770.02,270736.75,75522.35,49669
Middle Africa (FAO),,1988,167900,329,702,86757.42,285767.7,75897.9,51725
Middle Africa (FAO),,1989,169350,332,929.34,93326.84,296511.06,78552.25,53055
Middle Africa (FAO),,1990,172103,334,942.3,100536.2,301841.8,84158,53558
Middle Africa (FAO),,1991,169392.7,352,1020.1,104884.62,309060.56,78123.05,53208
Middle Africa (FAO),,1992,174164.67,357,1103.56,109687.95,323871.9,80728.6,56092.8
Middle Africa (FAO),,1993,177574.31,357,1194.37,114384.66,336190.47,80597.91,56480.4
Middle Africa (FAO),,1994,181043.9,367,1291.22,120492.38,331266.84,82165.21,58790.2
Middle Africa (FAO),,1995,184688.64,378.5,1396.61,125892.79,331182.8,82673.12,58635.9
Middle Africa (FAO),,1996,188296.31,378.5,1510.04,131128.7,381196.6,87646.18,63168.8
Middle Africa (FAO),,1997,193144.22,385,1632.53,138867.12,372547.75,90220.25,64881.5
Middle Africa (FAO),,1998,199292.12,390,1764.36,145822.45,389379.56,93945.88,67672.1
Middle Africa (FAO),,1999,201836.38,401.5,1906.62,150139.86,411184.1,88457.83,66413.7
Middle Africa (FAO),,2000,203920.94,406.5,2059.62,160705.56,447056.9,93103.28,59418.7
Middle Africa (FAO),,2001,206322.6,521.5,2224.49,168653.47,458449.25,94665.27,67991.6
Middle Africa (FAO),,2002,209291.23,533,2402.45,176889.39,466644.25,99383.68,67556.6
Middle Africa (FAO),,2003,212588.23,543,2593.85,185679.1,473641,103448.15,67968.6
Middle Africa (FAO),,2004,215293.08,418,2800.84,193924.8,473528,107544.18,84821
Middle Africa (FAO),,2005,220511.98,436.9,3022.95,204166.36,501506,108533.45,92087
Middle Africa (FAO),,2006,225368.2,453.5,3262.41,212896.36,516778.53,113831.68,100790.84
Middle Africa (FAO),,2007,230423.5,577.5,3520.59,223086.48,543822.4,120557.06,107511.4
Middle Africa (FAO),,2008,234876.62,634,3798.92,234598.66,574576.75,137336.44,113324.26
Middle Africa (FAO),,2009,239358.83,673,4097.95,245846.1,590748.75,142723.34,112518.12
Middle Africa (FAO),,2010,247355.8,716,4420.11,265528.25,581698.1,162322.53,120566
Middle Africa (FAO),,2011,255376.66,729,4766.96,282264.78,606528.4,172617.17,125694.84
Middle Africa (FAO),,2012,260886.47,734.21,5140.12,285355.12,630378.5,168001.12,129997.99
Middle Africa (FAO),,2013,261594.9,738.46,5542.23,309847.5,658384.9,178844.4,136093.81
Middle Africa (FAO),,2014,262871.28,746.81,5974.02,330441.1,690518.3,196314.48,144005.64
Middle Africa (FAO),,2015,272298.38,727.26,5411.46,347602.72,717449.06,207082.78,170541.42
Middle Africa (FAO),,2016,269638.97,1215.37,4882.68,371133.56,741648.7,223998.36,197632.56
Middle Africa (FAO),,2017,273820.66,1233.82,5828.35,376694.22,782370.25,231960.73,199509.36
Middle Africa (FAO),,2018,277039.38,1133.87,5281.67,393273.88,813166.25,237400.33,180587.16
Middle Africa (FAO),,2019,279315.2,1161.15,5029.28,411837.62,789286.8,225997.72,165722.6
Middle Africa (FAO),,2020,282395.5,1223.49,4765.03,432489.4,811550.1,225753.67,108411.63
Middle Africa (FAO),,2021,281033.66,1229.52,6542.23,458863.56,841840.9,251538.16,176495.5
Middle Africa (FAO),,2022,283014.28,1266.85,6773.18,492148.6,881850.06,253495.11,201154.47
Middle Africa (FAO),,2023,285949.4,1309.93,7094.11,519552.06,921006.56,262320.2,194676.23
Middle Africa (FAO),,2024,289025.12,1346.03,7423.91,538649.3,953462.44,270207.7,205090.23
Moldova,MDA,1992,,85,,3900,72800,113800,39114
Moldova,MDA,1993,,110,,3492,68300,79100,26550
Moldova,MDA,1994,,96,,3828,61800,61238,23991
Moldova,MDA,1995,,100,,3228,46700,59572,24642
Moldova,MDA,1996,,102,,3410,38900,63500,19051
Moldova,MDA,1997,,82,,3290,34888,65506,16998
Moldova,MDA,1998,,67,,3562,24400,57784,16224
Moldova,MDA,1999,,48,,3550,21100,60800,16206
Moldova,MDA,2000,,100,,3200,17979,49720,16325
Moldova,MDA,2001,,100,,2600,15580,43600,19900
Moldova,MDA,2002,,150,,2723,16106,44900,21150
Moldova,MDA,2003,,300,,2600,16300,43200,21700
Moldova,MDA,2004,,280,,2624,16024,41308,24637
Moldova,MDA,2005,,58,,2383,15641,39666,28183
Moldova,MDA,2006,,66,,2339,14975,47955,31212
Moldova,MDA,2007,,70,,2300,15178,58938,32128
Moldova,MDA,2008,,57,,2166,10584,35061,29835
Moldova,MDA,2009,,84,,2157,11046,42230,34682
Moldova,MDA,2010,,92,,2109,10158,56895,41251
Moldova,MDA,2011,,189,,2145,9676,63923,41691
Moldova,MDA,2012,,184,,2107,9509,64497,39141
Moldova,MDA,2013,,213,,1976,8288,64497,43355
Moldova,MDA,2014,,91,,1879,8220,61072,47061
Moldova,MDA,2015,,90,,1893,8419,71923,47496.68
Moldova,MDA,2016,,91.8,,1900.1,9512.5,72668.2,52865.58
Moldova,MDA,2017,,73,,2271,7609,62169,44799.22
Moldova,MDA,2018,,40,,1825,8052,65925,45548.6
Moldova,MDA,2019,,36,,1881,7628,64943,43557.78
Moldova,MDA,2020,,266,,804.9,2499.9,20636.3,40904.22
Moldova,MDA,2021,,231.4,,792.4,2274,19485.8,37889.26
Moldova,MDA,2022,,220,,372.6,1999,20229.2,46053.42
Moldova,MDA,2023,,240,,507.6,2187.2,22248.1,46436.38
Moldova,MDA,2024,,230,,705,2261,23727.4,50640.02
Mongolia,MNG,1961,,26000,13000,67000,59000,300,200
Mongolia,MNG,1962,,21000,14000,68000,42000,300,280
Mongolia,MNG,1963,,23000,12000,70000,35000,400,320
Mongolia,MNG,1964,,24000,13000,66000,39000,400,320
Mongolia,MNG,1965,,25300,13500,67000,44500,500,360
Mongolia,MNG,1966,,24200,13000,67000,49400,500,360
Mongolia,MNG,1967,,26500,12000,73000,53800,300,400
Mongolia,MNG,1968,,24400,12000,80000,47700,400,200
Mongolia,MNG,1969,,23000,10400,87100,50800,400,200
Mongolia,MNG,1970,,22800,9000,90000,51700,300,200
Mongolia,MNG,1971,,22000,8700,88000,48400,400,260
Mongolia,MNG,1972,,24000,8600,92000,61700,400,260
Mongolia,MNG,1973,,24700,9000,90000,51300,500,240
Mongolia,MNG,1974,,29000,10600,107200,54000,500,280
Mongolia,MNG,1975,,30500,10700,126460,60600,600,200
Mongolia,MNG,1976,,29500,10300,108590,68200,500,250
Mongolia,MNG,1977,,34000,12000,97436,62500,400,280
Mongolia,MNG,1978,,37300,12500,120643,70700,600,300
Mongolia,MNG,1979,,31800,11000,118320,75200,900,300
Mongolia,MNG,1980,,29000,10300,116000,70600,1000,300
Mongolia,MNG,1981,,27500,9900,126800,69900,1400,300
Mongolia,MNG,1982,,26500,8700,132000,65500,1300,300
Mongolia,MNG,1983,,27100,9700,123700,68100,1500,300
Mongolia,MNG,1984,,27400,9400,126300,68200,1900,300
Mongolia,MNG,1985,,29500,9700,116200,68100,2200,300
Mongolia,MNG,1986,,29862,9668,122766,75327,2417,352
Mongolia,MNG,1987,,29505,9033,120788,72643,3046,367
Mongolia,MNG,1988,,27536,7724,112388,73295,3958,463
Mongolia,MNG,1989,,29492,9601,121892,72790,5510,413
Mongolia,MNG,1990,,30700,11600,132300,66200,7889,250
Mongolia,MNG,1991,,36400,20700,135900,83800,3849,400
Mongolia,MNG,1992,,38500,18800,116300,75700,1758,100
Mongolia,MNG,1993,,23500,14700,112600,64500,700,105
Mongolia,MNG,1994,,19800,7100,111900,64400,700,28
Mongolia,MNG,1995,,22700,7400,111500,69400,600,27
Mongolia,MNG,1996,,38600,9200,121300,89900,300,18
Mongolia,MNG,1997,,39800,8800,104400,86600,240,20
Mongolia,MNG,1998,,40000,8000,120200,99300,200,20
Mongolia,MNG,1999,,45500,9000,128900,104600,300,35
Mongolia,MNG,2000,,40000,13000,120000,113400,900,49
Mongolia,MNG,2001,,32500,10800,104600,66900,500,35
Mongolia,MNG,2002,,39000,7316,94900,60700,300,42
Mongolia,MNG,2003,,26000,4601,80900,43600,200,70
Mongolia,MNG,2004,,40000,7140,98100,52300,200,189
Mongolia,MNG,2005,,40400,6900,94600,45300,300,196
Mongolia,MNG,2006,,31900,6100,88400,44200,200,166.55
Mongolia,MNG,2007,,29000,5300,107000,46600,300,175.84
Mongolia,MNG,2008,,38100,6800,119810,54200,375,197.3
Mongolia,MNG,2009,,35582,5740,168819,58565,478,199.7
Mongolia,MNG,2010,,23047,5756,126444,47547,375,181.82
Mongolia,MNG,2011,,25474,4953,124262,53591,217,206
Mongolia,MNG,2012,,31082,5296,123576,59704,403,201
Mongolia,MNG,2013,,29760,6718,156548,56436,527,124
Mongolia,MNG,2014,,29534.9,6355.2,151846.7,54876.3,763.4,233.8
Mongolia,MNG,2015,,50642.3,8161.9,220902.1,93251.8,603.1,237
Mongolia,MNG,2016,,41734,6455.1,193075.3,92383.1,770,223.52
Mongolia,MNG,2017,,41787,7122,207469,97680,488,220
Mongolia,MNG,2018,,57192.68,9689.33,236329.48,126591.13,600,291
Mongolia,MNG,2019,,70812,12546,258075,114682,606,470
Mongolia,MNG,2020,,105881.29,16975.28,343062.53,158476.61,286,539
Mongolia,MNG,2021,,64553.29,13154.97,240768.83,110620.5,252.6,245.8
Mongolia,MNG,2022,,80773.94,14986.57,311123.56,140217.08,266.02,366.79
Mongolia,MNG,2023,,79530.58,13632.63,285231.38,147060.7,683,160
Mongolia,MNG,2024,,61158.08,11572.46,197076.7,107748.7,271.81,486.71
Montenegro,MNE,2006,,,,1443.88,4456,2913,977.65
Montenegro,MNE,2007,,,,1447.47,4991,2873,1102.83
Montenegro,MNE,2008,,,,1200.2,4612,1878,963.21
Montenegro,MNE,2009,,,,1114.49,4576,2076,936.85
Montenegro,MNE,2010,,,,1055.82,4727,1895,1191.65
Montenegro,MNE,2011,,,,1132.5,4688,4446,1078.43
Montenegro,MNE,2012,,,,1158.45,4391,3780,1182.13
Montenegro,MNE,2013,,,,1804.78,4191,540,1455.81
Montenegro,MNE,2014,,,,931.79,3834,2793,1408.02
Montenegro,MNE,2015,,,,1066.78,3211,3308,1430.95
Montenegro,MNE,2016,,,,1990.34,5415.94,3531.35,1766.25
Montenegro,MNE,2017,,,,1179.98,3874.59,3899.47,1669.96
Montenegro,MNE,2018,,,,1056.32,3720.4,3436.4,1625.06
Montenegro,MNE,2019,,,,1183.12,5440,3599,1670.7
Montenegro,MNE,2020,,,,948.65,6010,4002,1264.4
Montenegro,MNE,2021,,,,1040.17,6500,3587.93,1424.44
Montenegro,MNE,2022,,,,1028.89,6970,3173.33,2081.58
Montenegro,MNE,2023,,,,989.33,7150,3399.11,2116.28
Montenegro,MNE,2024,,,,918.1,6700,4934.7,2665.29
Morocco,MAR,1961,0,1190,3400,65200,67080,2200,25743
Morocco,MAR,1962,0,1630,3300,54800,67730,1850,25280
Morocco,MAR,1963,0,1300,3300,48800,67800,1035,25496
Morocco,MAR,1964,0,1440,3400,51160,63660,1000,27363
Morocco,MAR,1965,0,1640,3400,57660,72300,995,26660
Morocco,MAR,1966,0,1400,2700,60000,79100,700,27500
Morocco,MAR,1967,0,1400,2700,64700,81100,800,28000
Morocco,MAR,1968,0,1800,3400,71000,87000,1200,28880
Morocco,MAR,1969,0,1900,3400,69000,92000,1800,29360
Morocco,MAR,1970,0,2970,3700,70800,92000,1650,31200
Morocco,MAR,1971,0,4100,3902,74000,90000,2185,31200
Morocco,MAR,1972,0,4210,4000,76000,93000,2374,37600
Morocco,MAR,1973,0,4863,3609,76000,92000,1884,35000
Morocco,MAR,1974,0,3794,4468,75000,90000,1103,36000
Morocco,MAR,1975,0,3100,3900,66300,81400,600,43200
Morocco,MAR,1976,0,3500,3200,53570,79400,540,46400
Morocco,MAR,1977,0,4000,2157,61150,90000,750,54400
Morocco,MAR,1978,0,2640,2266,68000,95000,638,57920
Morocco,MAR,1979,0,3600,1780,69000,100000,576,58080
Morocco,MAR,1980,0,4400,1800,71000,107000,580,54000
Morocco,MAR,1981,0,6000,1700,80000,131000,600,52000
Morocco,MAR,1982,0,4300,3780,59000,150000,650,54400
Morocco,MAR,1983,0,3360,2733,58690,124000,660,59200
Morocco,MAR,1984,4000,2100,2197,61030,114900,660,64000
Morocco,MAR,1985,7000,1700,1657,66540,85000,410,80000
Morocco,MAR,1986,15000,1800,1700,67030,103000,455,100000
Morocco,MAR,1987,20000,2000,2000,84200,118000,600,129000
Morocco,MAR,1988,25000,2400,1750,110995,122100,600,125000
Morocco,MAR,1989,27800,2400,1800,126520,150045,640,138000
Morocco,MAR,1990,27300,2500,2200,121835,144890,700,147200
Morocco,MAR,1991,29350,2500,2000,120014,149000,700,95000
Morocco,MAR,1992,30000,2400,2200,128305,145000,719,102000
Morocco,MAR,1993,32000,2300,2150,122459,150000,710,90000
Morocco,MAR,1994,33000,2200,2250,124570,125000,730,110000
Morocco,MAR,1995,33004.01,2100,2050,132000,122100,730,130000
Morocco,MAR,1996,33879.63,2040,2000,112000,103000,730,180000
Morocco,MAR,1997,34757.11,2000,2484,142000,125000,750,215000
Morocco,MAR,1998,35636.6,2000,2120,137000,120000,560,220000
Morocco,MAR,1999,36518.09,2000,2000,146000,135000,600,213000
Morocco,MAR,2000,37401.56,2042,2000,147000,140000,600,203000
Morocco,MAR,2001,38286.92,2067,2150,145500,145000,600,235000
Morocco,MAR,2002,39122.4,1900,2250,132000,170000,600,260500
Morocco,MAR,2003,40005.36,2000,2300,127000,150000,600,272000
Morocco,MAR,2004,40889.87,1935,2350,128000,140000,600,292500
Morocco,MAR,2005,41775.67,2100,2472,137000,157000,600,338000
Morocco,MAR,2006,42662.56,2150,2400,142500,160000,600,320000
Morocco,MAR,2007,43550.29,2000,2087,142000,160000,600,370000
Morocco,MAR,2008,44438.58,2069,2520,143000,180000,600,440000
Morocco,MAR,2009,45327.12,1740,2590,155670,190000,600,440000
Morocco,MAR,2010,46215.53,1940,2530,162000,192000,650,510000
Morocco,MAR,2011,47000,1800,4296,167021,198657,625,540000
Morocco,MAR,2012,47992.39,1800,5148,171868,204422,630,510000
Morocco,MAR,2013,48886.73,1800,4340,144000,254000,650,495000
Morocco,MAR,2014,49717.6,1745.92,4292,146879,259078,629.63,534000
Morocco,MAR,2015,50569.29,1990.51,4300,185430,245514,618.06,610000
Morocco,MAR,2016,51436.76,2178.02,3027,190762,257799,617.11,560000
Morocco,MAR,2017,52304.35,2253.85,3000,204636,276548,614.98,640000
Morocco,MAR,2018,53175.55,2225.18,3300,209844,281600,607.98,670000
Morocco,MAR,2019,54045.5,2217.95,3600,210888,283002,608.94,732000
Morocco,MAR,2020,54914.45,2189.71,3400,210000,282000,606.09,635000
Morocco,MAR,2021,55790.25,1987.39,3400,210000,282000,608.9,640000
Morocco,MAR,2022,54915.56,1973,2766,190700,252100,612.49,660000
Morocco,MAR,2023,55785.06,1848.06,4058,191400,256850,613.35,700000
Morocco,MAR,2024,56654.77,1778.61,5081,151200,254200,614.22,735000
Mozambique,MOZ,1961,,,,2700,24750,5880,4170
Mozambique,MOZ,1962,,,,2760,25500,6300,4362
Mozambique,MOZ,1963,,,,2808,26250,6720,4554
Mozambique,MOZ,1964,,,,2868,27000,7140,4791
Mozambique,MOZ,1965,,,,3024,27750,10680,5028
Mozambique,MOZ,1966,,,,2884.8,28050,7980,8010
Mozambique,MOZ,1967,,,,2928,28800,8400,10092
Mozambique,MOZ,1968,,,,3072,29250,10140,11184
Mozambique,MOZ,1969,,,,3060,30150,8580,12462.26
Mozambique,MOZ,1970,,,,3180,30750,8880,14760.37
Mozambique,MOZ,1971,,,,3300,31500,10500,15546.02
Mozambique,MOZ,1972,,,,3571.2,32250,11520,15738
Mozambique,MOZ,1973,,,,3244.8,33000,12540,16470
Mozambique,MOZ,1974,,,,3834,33750,13740,15132
Mozambique,MOZ,1975,,,,3300,36000,10920,15096.02
Mozambique,MOZ,1976,,,,1944,31500,6900,15192
Mozambique,MOZ,1977,,,,2040,33750,7500,16296
Mozambique,MOZ,1978,,,,2160,34500,7920,16848
Mozambique,MOZ,1979,,,,2208,35250,8280,18660
Mozambique,MOZ,1980,,,,2232,36000,8640,19752
Mozambique,MOZ,1981,,,,2280,36750,9000,20394
Mozambique,MOZ,1982,,,,2316,36000,9360,21396
Mozambique,MOZ,1983,,,,2352,35250,9720,22050
Mozambique,MOZ,1984,,,,2388,36000,10080,22962
Mozambique,MOZ,1985,,,,3336,36750,10440,23514
Mozambique,MOZ,1986,,,,4788,31500,10800,24246
Mozambique,MOZ,1987,,,,6000,28500,11160,24792
Mozambique,MOZ,1988,,,,7452,28500,11520,25788
Mozambique,MOZ,1989,,,,8904,27150,11880,25974
Mozambique,MOZ,1990,,,,10356,14250,58464,27240
Mozambique,MOZ,1991,,,,2160,14250,67200,27786
Mozambique,MOZ,1992,,,,2193.6,14250,77280,27768
Mozambique,MOZ,1993,,,,2280.12,15000,87360,27774
Mozambique,MOZ,1994,,,,2238.22,14250,97440,30828
Mozambique,MOZ,1995,,,,2272.64,13500,115200,30474
Mozambique,MOZ,1996,,,,2309.12,14250,116640,31290
Mozambique,MOZ,1997,,,,2319.52,13500,118080,32736
Mozambique,MOZ,1998,,,,2313,13500,118800,34452
Mozambique,MOZ,1999,,,,2334.71,12750,120960,32298
Mozambique,MOZ,2000,,,,2392.48,12000,122400,32850
Mozambique,MOZ,2001,,,,2397.35,11250,118800,33000
Mozambique,MOZ,2002,,,,2453.48,3531,115320,35403.6
Mozambique,MOZ,2003,,,,2357.45,4941,97560,24795.6
Mozambique,MOZ,2004,,,,2450.63,5377,107490,21735
Mozambique,MOZ,2005,,,,2554.02,6148,117450,20753.4
Mozambique,MOZ,2006,,,,2271.46,6205,85200,24904.8
Mozambique,MOZ,2007,,,,2385.72,6691,97200,25405.2
Mozambique,MOZ,2008,,,,2575.71,7673,111000,21061
Mozambique,MOZ,2009,,,,2095.85,9356,93600,42054.4
Mozambique,MOZ,2010,,,,2094.43,8103,97200,41994.4
Mozambique,MOZ,2011,,,,2127.42,9926,108000,43025
Mozambique,MOZ,2012,,,,2355.07,11852,121800,55079
Mozambique,MOZ,2013,,,,2495.59,10772,129600,58033
Mozambique,MOZ,2014,,,,2487.29,11920,140496.81,67414.86
Mozambique,MOZ,2015,,,,1616.12,12303,112042.92,78417.97
Mozambique,MOZ,2016,,,,2437,15476,93521.55,79032.16
Mozambique,MOZ,2017,,,,2418,15443.8,124000,92235.82
Mozambique,MOZ,2018,,,,2487,13883.6,135000,101251.31
Mozambique,MOZ,2019,,,,2877,14866,97000,111463.92
Mozambique,MOZ,2020,,,,2965,15102,131709.02,123685.2
Mozambique,MOZ,2021,,,,3249,17781,161441.42,139498.12
Mozambique,MOZ,2022,,,,3725,20051,207780.3,150461.38
Mozambique,MOZ,2023,,,,3925,21136,105799.04,156669.66
Mozambique,MOZ,2024,,,,4452,21335,158584.17,139017.17
Myanmar,MMR,1961,,,,1667,59325,25080,20364
Myanmar,MMR,1962,,,,1657,59670,24750,21380.7
Myanmar,MMR,1963,,,,1844,63730,28710,23301.05
Myanmar,MMR,1964,,,,2144,68775,31350,23449.75
Myanmar,MMR,1965,,,,2600,71895,32780,26418.5
Myanmar,MMR,1966,,,,2637,69270,39765,33312.25
Myanmar,MMR,1967,,,,2950,71785,49335,39277.25
Myanmar,MMR,1968,,,,3096,75410,45265,39071
Myanmar,MMR,1969,,,,2681,77070,56925,42319
Myanmar,MMR,1970,,,,2596,78730,61820,48414.5
Myanmar,MMR,1971,,,,2708,80800,61710,49683
Myanmar,MMR,1972,,,,2659,82700,57200,49587.75
Myanmar,MMR,1973,,,,2888,84395,57750,50154.5
Myanmar,MMR,1974,,,,2637,84445,55137.5,46095.5
Myanmar,MMR,1975,,,,2718,85780,60637.5,49241.5
Myanmar,MMR,1976,,,,2818,86860,68475,52208
Myanmar,MMR,1977,,,,2900,88625,69300,51898
Myanmar,MMR,1978,,,,2992,91245,73700,53899
Myanmar,MMR,1979,,,,3053,95270,78100,60886
Myanmar,MMR,1980,,,,3205,98110,79200,67553
Myanmar,MMR,1981,,,,3761,101825,80300,80497
Myanmar,MMR,1982,,,,4315,105010,81400,91146
Myanmar,MMR,1983,,,,4856,107065,81950,96974
Myanmar,MMR,1984,,,,5264,109000,82500,103580
Myanmar,MMR,1985,,,,5650,111550,83050,109743
Myanmar,MMR,1986,,,,5536,112080,84700,110285
Myanmar,MMR,1987,,,,5431,113895,86075,118913
Myanmar,MMR,1988,,,,5541,116085,86900,127025
Myanmar,MMR,1989,,,,4815,105010,77000,83618
Myanmar,MMR,1990,,,,6589,64510,55000,79814
Myanmar,MMR,1991,,,,7802,64128,41181,82230
Myanmar,MMR,1992,,,,8327,65004,43947,89589
Myanmar,MMR,1993,,,,8725,65670,46623,94243
Myanmar,MMR,1994,,,,8703,66059,56925,98419
Myanmar,MMR,1995,,,,9154.02,67856.22,64091.93,116617.49
Myanmar,MMR,1996,,,,9518.74,69708.05,71358.08,134518.7
Myanmar,MMR,1997,,,,9990.29,70951.48,74561.23,155111.75
Myanmar,MMR,1998,,,,12153.04,72869.5,81229.51,166040.55
Myanmar,MMR,1999,,,,12267.32,80453.4,100212.15,202637.4
Myanmar,MMR,2000,,,,13996.66,91243.78,118156.54,244496.95
Myanmar,MMR,2001,,,,14707.39,95466.41,135266.8,286943.1
Myanmar,MMR,2002,,,,15701.35,101862.13,164300.88,332417.22
Myanmar,MMR,2003,,,,18100.96,113393.46,220102.86,428148.5
Myanmar,MMR,2004,,,,23234.22,134341.48,260435.55,507325.62
Myanmar,MMR,2005,,,,26300.77,151443.6,326507.56,620230.7
Myanmar,MMR,2006,,,,29438.08,171873.55,367849.56,715018.2
Myanmar,MMR,2007,,,,31346.99,187119.92,408770.5,797967.44
Myanmar,MMR,2008,,,,34162.62,206694.8,463153.34,864740.8
Myanmar,MMR,2009,,,,41696.77,239197.27,526321.1,1001492.7
Myanmar,MMR,2010,,,,47222,264954,576103,1102685.8
Myanmar,MMR,2011,,,,54281,293916,609331,1145786.8
Myanmar,MMR,2012,,,,59860.52,318478,661882,1262448.8
Myanmar,MMR,2013,,,,66438.82,344532,730540,1378617.8
Myanmar,MMR,2014,,,,76115,369029.28,821122,1526280.8
Myanmar,MMR,2015,,,,88589.14,401747.12,863235,1648032.9
Myanmar,MMR,2016,,,,91778.09,448240.8,874024,1662609.5
Myanmar,MMR,2017,,,,93284.3,445577.1,906953.25,1733001
Myanmar,MMR,2018,,,,11080,128663.02,257001,537375
Myanmar,MMR,2019,,,,11450,131997.38,270742,611255.7
Myanmar,MMR,2020,,,,11900,135004.56,285124,685226.44
Myanmar,MMR,2021,,,,12170,137384.44,307583,720163.6
Myanmar,MMR,2022,,,,12750,139644.14,329046,778397.25
Myanmar,MMR,2023,,,,12800,138649.1,330000,778433.1
Myanmar,MMR,2024,,,,12800,138981.38,330000,778433
Namibia,NAM,1961,1600,,,13080,14625.37,814.11,176
Namibia,NAM,1962,1650,,,13840,16260,894.85,280
Namibia,NAM,1963,1700,,,14800,16401,880,344
Namibia,NAM,1964,1750,,,15120,18020,935,416
Namibia,NAM,1965,1800,,,15280,19080,935,536
Namibia,NAM,1966,1850,,,15320,25440,990,600
Namibia,NAM,1967,1900,,,15000,27560,1045,656
Namibia,NAM,1968,1950,,,15040,29680,1100,720
Namibia,NAM,1969,2000,,,15200,31164,1155,784
Namibia,NAM,1970,2050,,,15360,31800,1210,840
Namibia,NAM,1971,2100,,,15520,32436,1265,904
Namibia,NAM,1972,2150,,,15840,33072,1320,960
Namibia,NAM,1973,2200,,,16160,33708,1375,1024
Namibia,NAM,1974,2250,,,16720,34344,1540,1080
Namibia,NAM,1975,2300,,,17760,16592.39,1704.72,1136
Namibia,NAM,1976,2350,,,16160,27720.69,1808.95,1200
Namibia,NAM,1977,2400,,,17880,31910.88,1929.13,1264
Namibia,NAM,1978,2450,,,18920,33683.19,1969.55,1320
Namibia,NAM,1979,2500,,,19360,41196.48,1752.52,1384
Namibia,NAM,1980,2600,,,20240,48067.82,1741.8,1440
Namibia,NAM,1981,2700,,,14560,30402.13,1822.7,1504
Namibia,NAM,1982,2800,,,12720,29471.32,1859.77,1560
Namibia,NAM,1983,2900,,,10880,33069.91,2072.62,1624
Namibia,NAM,1984,3000,,,12160,34124.08,1943.87,1680
Namibia,NAM,1985,3100,,,12160,34827.06,2047.43,1744
Namibia,NAM,1986,3200,,,13740,35117.41,2283.11,1800
Namibia,NAM,1987,3300,,,11380,36303.6,2505.74,1864
Namibia,NAM,1988,3400,,,13479,37558.13,2849.05,1920
Namibia,NAM,1989,3500,,,14340,41244.98,2964.45,1984
Namibia,NAM,1990,3600,,,14280,38905.96,2530,2050
Namibia,NAM,1991,3700,,,15720,45669.79,2447.39,2175
Namibia,NAM,1992,3800,,,10074,48824.6,1835.46,2300
Namibia,NAM,1993,3900,,,10564,48985.12,1661.66,2450
Namibia,NAM,1994,3851.61,,,10395,49473.7,1901.73,2570
Namibia,NAM,1995,3832.65,,,7280,47673.24,1821.11,3450
Namibia,NAM,1996,3800,,,8760,45780.49,1664.68,3410
Namibia,NAM,1997,4000,,,9810,29826.95,1459.37,5130
Namibia,NAM,1998,4100,,,7308,38309.93,990,8750
Namibia,NAM,1999,4000,,,17910,44640,1320,8250
Namibia,NAM,2000,4100,,,17616,63818.47,1760,9960
Namibia,NAM,2001,4164.99,,,8224,58034.89,1650,10070
Namibia,NAM,2002,4200,,,12720,49350,1760,10330
Namibia,NAM,2003,4400,,,13140,51600,1925,10660
Namibia,NAM,2004,5000,,,11543,43992,2475,12130
Namibia,NAM,2005,5200,,,12900,40191,2750,12270
Namibia,NAM,2006,5500,,,14220,36179,3135,12580
Namibia,NAM,2007,5700,,,15000,36164,3575,16050
Namibia,NAM,2008,5908,,,15660,36215,3795,14540
Namibia,NAM,2009,6115.93,,,15660,35993,4125,14950
Namibia,NAM,2010,6304.28,,,15960,35000,4400,15650
Namibia,NAM,2011,6500,,,16560,34300,4730,16050
Namibia,NAM,2012,6550,,,16392,35800,4647.5,16450
Namibia,NAM,2013,6672.98,,,17040,35500,4675,16689.59
Namibia,NAM,2014,6775.65,,,14835.98,37770.71,5945.68,12597.84
Namibia,NAM,2015,7126.36,,,13516.71,34486.42,5424.18,14419.06
Namibia,NAM,2016,6858.33,,,12848.08,34215.73,5550.89,15191.75
Namibia,NAM,2017,6774.99,,,12485.18,36346.39,5763.77,15927.53
Namibia,NAM,2018,6772.58,,,12560.25,31749.01,6464.83,16915.14
Namibia,NAM,2019,6799.42,,,12530.57,31216.69,7105.04,16046.85
Namibia,NAM,2020,6845.37,,,10160.53,24720.24,8056.55,16239.48
Namibia,NAM,2021,7012.43,,,10799.63,24423.67,6463.31,16418.95
Namibia,NAM,2022,7030.63,,,15742.63,27778.16,6308.8,16457.57
Namibia,NAM,2023,7070.31,,,14325.63,41226.32,5649.13,16575.96
Namibia,NAM,2024,7109.99,,,13725.33,35742.73,5680.48,16696.83
Nauru,NRU,1961,,,,,,21.54,1.6
Nauru,NRU,1962,,,,,,22.05,1.6
Nauru,NRU,1963,,,,,,22.59,1.6
Nauru,NRU,1964,,,,,,23.1,1.6
Nauru,NRU,1965,,,,,,24.15,1.6
Nauru,NRU,1966,,,,,,24.69,1.6
Nauru,NRU,1967,,,,,,25.2,2.4
Nauru,NRU,1968,,,,,,26.25,2.4
Nauru,NRU,1969,,,,,,27.3,2.4
Nauru,NRU,1970,,,,,,28.35,2.4
Nauru,NRU,1971,,,,,,29.4,2.4
Nauru,NRU,1972,,,,,,31.5,2.4
Nauru,NRU,1973,,,,,,33.6,2.4
Nauru,NRU,1974,,,,,,36,2.4
Nauru,NRU,1975,,,,,,36,3.2
Nauru,NRU,1976,,,,,,30,2.4
Nauru,NRU,1977,,,,,,30,2.4
Nauru,NRU,1978,,,,,,36,2.4
Nauru,NRU,1979,,,,,,37.5,2.4
Nauru,NRU,1980,,,,,,39,3.2
Nauru,NRU,1981,,,,,,45,3.2
Nauru,NRU,1982,,,,,,48,3.2
Nauru,NRU,1983,,,,,,51,3.2
Nauru,NRU,1984,,,,,,45,3.2
Nauru,NRU,1985,,,,,,48,3.2
Nauru,NRU,1986,,,,,,51,4
Nauru,NRU,1987,,,,,,54,4
Nauru,NRU,1988,,,,,,57,4
Nauru,NRU,1989,,,,,,57,4
Nauru,NRU,1990,,,,,,60,4
Nauru,NRU,1991,,,,,,63,4
Nauru,NRU,1992,,,,,,66,4
Nauru,NRU,1993,,,,,,69,4
Nauru,NRU,1994,,,,,,69,4
Nauru,NRU,1995,,,,,,69,4
Nauru,NRU,1996,,,,,,69,4
Nauru,NRU,1997,,,,,,69,4
Nauru,NRU,1998,,,,,,69,4
Nauru,NRU,1999,,,,,,69,4
Nauru,NRU,2000,,,,,,69,4
Nauru,NRU,2001,,,,,,69,4
Nauru,NRU,2002,,,,,,69,4
Nauru,NRU,2003,,,,,,69,4
Nauru,NRU,2004,,,,,,68.91,4
Nauru,NRU,2005,,,,,,68.91,4
Nauru,NRU,2006,,,,,,69,4
Nauru,NRU,2007,,,,,,72,4
Nauru,NRU,2008,,,,,,74.09,4.01
Nauru,NRU,2009,,,,,,73.74,4.02
Nauru,NRU,2010,,,,,,73.5,4.03
Nauru,NRU,2011,,,,,,73.48,4.03
Nauru,NRU,2012,,,,,,73.46,4.03
Nauru,NRU,2013,,,,,,73.44,4.03
Nauru,NRU,2014,,,,,,74.57,4.03
Nauru,NRU,2015,,,,,,74.62,4.03
Nauru,NRU,2016,,,,,,74.7,4.03
Nauru,NRU,2017,,,,,,74.85,4.03
Nauru,NRU,2018,,,,,,73.77,4.01
Nauru,NRU,2019,,,,,,73.78,4.01
Nauru,NRU,2020,,,,,,73.84,4.01
Nauru,NRU,2021,,,,,,74.49,4.01
Nauru,NRU,2022,,,,,,74.35,4.01
Nauru,NRU,2023,,,,,,74.43,4.01
Nauru,NRU,2024,,,,,,74.51,4.02
Nepal,NPL,1961,,,,15300,40250,3395,3506
Nepal,NPL,1962,,,,16330,40930,3430,3606
Nepal,NPL,1963,,,,16870,43505,3500,3706
Nepal,NPL,1964,,,,17400,44100,3500,3706
Nepal,NPL,1965,,,,17930,45142,3600,3806
Nepal,NPL,1966,,,,18470,44870,3600,3806
Nepal,NPL,1967,,,,19000,46775,3900,4006
Nepal,NPL,1968,,,,19530,48280,3990,4006
Nepal,NPL,1969,,,,20070,49685,4200,4106
Nepal,NPL,1970,,,,20600,51520,4300,4206
Nepal,NPL,1971,,,,21130,54385,4410,4315
Nepal,NPL,1972,,,,21670,57650,4515,4420
Nepal,NPL,1973,,,,22200,60000,4585,4520
Nepal,NPL,1974,,,,22730,63350,4725,4530
Nepal,NPL,1975,,,,23270,68115,5000,4630
Nepal,NPL,1976,,,,23800,71720,5000,4745
Nepal,NPL,1977,,,,24330,76570,5000,4860
Nepal,NPL,1978,,,,24870,80090,5000,4975
Nepal,NPL,1979,,,,25400,82610,5500,5195
Nepal,NPL,1980,,,,25930,90460,5800,5260
Nepal,NPL,1981,,,,26470,101225,6000,5320
Nepal,NPL,1982,,,,26800,113905,6500,5335
Nepal,NPL,1983,,,,27230,118715,6500,5405
Nepal,NPL,1984,,,,27570,122120,7100,5470
Nepal,NPL,1985,,,,28032,125708,7234,5482
Nepal,NPL,1986,,,,28765,128160,7467,5730
Nepal,NPL,1987,,,,29087,129934,7727,5877
Nepal,NPL,1988,,,,30873,132924,8702,6289
Nepal,NPL,1989,,,,31375,134558,9399,6524
Nepal,NPL,1990,,,,31882,135617.97,9911,9110
Nepal,NPL,1991,,,,32401,95312,10242,9392
Nepal,NPL,1992,,,,32888,96013,10407,9387
Nepal,NPL,1993,,,,33409,96574,10447,9463
Nepal,NPL,1994,,,,33757,100383,10642,9561
Nepal,NPL,1995,,,,33975,104070,11027,9676
Nepal,NPL,1996,,,,34900,104830,11800,9990
Nepal,NPL,1997,,,,37450,113482,12374,10962
Nepal,NPL,1998,,,,38543,117350,13090,11692
Nepal,NPL,1999,,,,39108,119562,13924,12440
Nepal,NPL,2000,,,,39790,121769,14646,12955
Nepal,NPL,2001,,,,40625,124848,15239,13546
Nepal,NPL,2002,,,,41407,127945,15594,14399
Nepal,NPL,2003,,,,42456,130791,15626,15026
Nepal,NPL,2004,,,,43319,133600,15389,16104
Nepal,NPL,2005,,,,44442,138953,15724,15698
Nepal,NPL,2006,,,,45557,142040,15773,15835
Nepal,NPL,2007,,,,47680,147031,16035,16359
Nepal,NPL,2008,,,,48921,151690,16425,16861
Nepal,NPL,2009,,,,51183,156627,16992,16888
Nepal,NPL,2010,,,,52542,162213,17066,16752
Nepal,NPL,2011,,,,55531,167868,17923,36303
Nepal,NPL,2012,,,,56676,172414,18277,40563
Nepal,NPL,2013,,,,58299,175132,18709,43027
Nepal,NPL,2014,,,,61709,173906,19269,43360
Nepal,NPL,2015,,,,63564,174012,20135,45690
Nepal,NPL,2016,,,,68267,175005,23509,55278
Nepal,NPL,2017,,,,70420,180080,24535,57509
Nepal,NPL,2018,,,,73556,185180,28214,60402
Nepal,NPL,2019,,,,76677,188574,28579,63251
Nepal,NPL,2020,,,,77758,189517,29493,255388
Nepal,NPL,2021,,,,73719,188172,31450,227401
Nepal,NPL,2022,,,,77121,194090,36059,205519
Nepal,NPL,2023,,,,79035.85,116503.45,32533.07,202013.11
Nepal,NPL,2024,,,,89042,138271,39183,181271
Net Food Importing Developing Countries (FAO),,1961,264110,35029.85,82581.3,953860.75,2358125,293760.9,464399.28
Net Food Importing Developing Countries (FAO),,1962,267340,30725.8,85763.84,970030.25,2392328.8,304972.38,487135.84
Net Food Importing Developing Countries (FAO),,1963,275520,32837.4,89512.76,976856.44,2438520.5,320043.28,516385.1
Net Food Importing Developing Countries (FAO),,1964,291090,34865.1,90606.95,1001504.8,2533997.2,342143.94,553486.5
Net Food Importing Developing Countries (FAO),,1965,295930,36825.7,93068.5,1033533.44,2587213,351092.47,591806.75
Net Food Importing Developing Countries (FAO),,1966,298344,35688.35,101304.75,1067876.5,2713327.5,366893.25,637620.94
Net Food Importing Developing Countries (FAO),,1967,307645,38351.15,103276.75,1098574.5,2809916,388163.3,684599.06
Net Food Importing Developing Countries (FAO),,1968,309634,36952.7,107696.15,1134404.9,2976363,399379.4,714445.9
Net Food Importing Developing Countries (FAO),,1969,312937,35775.9,105657.3,1145785,3039613.5,430043.1,766489.25
Net Food Importing Developing Countries (FAO),,1970,314764,36990.45,105402.75,1160413,3069850.8,445982.56,823403.06
Net Food Importing Developing Countries (FAO),,1971,319203,37903.15,107018.75,1170832.1,3056929.8,473000.94,861608.75
Net Food Importing Developing Countries (FAO),,1972,320800,40156.35,112691,1166385.9,3088036.5,487497.5,910928.1
Net Food Importing Developing Countries (FAO),,1973,324210,41171.35,110342.75,1185958.1,3096589,516608.62,956680.25
Net Food Importing Developing Countries (FAO),,1974,335080,44622.2,111335.75,1216635.6,3123386.5,498312.6,1005046.25
Net Food Importing Developing Countries (FAO),,1975,335260,45609.5,111157.5,1296620.9,3127597.8,507855.34,1094385
Net Food Importing Developing Countries (FAO),,1976,334420,45248.25,113666.1,1338631,3265289.5,528408.06,1164763.2
Net Food Importing Developing Countries (FAO),,1977,345770,50522.9,114934.75,1392964.5,3381353.5,561853.25,1230483.9
Net Food Importing Developing Countries (FAO),,1978,346880,53102,115541.75,1470513.9,3578128.8,545829.5,1290142.6
Net Food Importing Developing Countries (FAO),,1979,351691,48299.45,113557.5,1498322,3637430,543301.56,1342356.8
Net Food Importing Developing Countries (FAO),,1980,357790,46031.5,123481.1,1500594.8,3681088,546338,1444710.5
Net Food Importing Developing Countries (FAO),,1981,366300,46242.25,121131.3,1547924.8,3775037.8,562671.5,1591559.8
Net Food Importing Developing Countries (FAO),,1982,376775,43340.75,133578.05,1552260.9,3836103,592363.8,1737570
Net Food Importing Developing Countries (FAO),,1983,380675,43329.95,133925.45,1580598.1,3877995.5,621721.5,1856286.4
Net Food Importing Developing Countries (FAO),,1984,393725,41595.6,142528.9,1603105.6,3902569,661863.56,1980500.6
Net Food Importing Developing Countries (FAO),,1985,401425,44322.28,143194.64,1640550.1,3968539.8,697045.7,2089488.1
Net Food Importing Developing Countries (FAO),,1986,419150,44752.17,137280.88,1639100.1,4123545.8,741250.56,2204220.5
Net Food Importing Developing Countries (FAO),,1987,430125,44920.25,130612.15,1724881.6,4078248,781577.56,2354921
Net Food Importing Developing Countries (FAO),,1988,440950,43984.32,138626.45,1837057.1,4256705,817255.4,2481381
Net Food Importing Developing Countries (FAO),,1989,455425,46696.15,154348.81,1931444.4,4413985,839718,2276456
Net Food Importing Developing Countries (FAO),,1990,466030,48718.02,161930.08,2006045.6,4526942.5,857811.94,2272523
Net Food Importing Developing Countries (FAO),,1991,460911.44,54617.35,173438.84,2010630.9,4498535.5,874133.25,2532580
Net Food Importing Developing Countries (FAO),,1992,423540.7,56607.45,178536.55,2067188.8,4591996,946057.6,2682672.8
Net Food Importing Developing Countries (FAO),,1993,478733.28,41447.39,169901.61,2066806.8,4693683.5,1014501.5,2806533.2
Net Food Importing Developing Countries (FAO),,1994,487134.47,37899.3,177876.66,2160853.2,4765149,1045792.9,2910178
Net Food Importing Developing Countries (FAO),,1995,495728.25,40865.41,189148.44,2272113.2,4858987.5,1140911,3139226.8
Net Food Importing Developing Countries (FAO),,1996,503066.38,56933.2,202344.73,2062058.6,4854103,1176279.1,3355291.5
Net Food Importing Developing Countries (FAO),,1997,510050.56,58156.17,207683.27,2163385,5125226.5,1177411.4,3676701.8
Net Food Importing Developing Countries (FAO),,1998,520008.97,58447,218783.56,2298145,5271668.5,1181510,3696983.5
Net Food Importing Developing Countries (FAO),,1999,525788.4,64202.88,227933.02,2423219,5451391,1262640.2,4029281.2
Net Food Importing Developing Countries (FAO),,2000,536097.44,59164.28,229115.6,2421788.8,5496533.5,1299569.9,4329408
Net Food Importing Developing Countries (FAO),,2001,547885.5,52577.78,237240.38,2645827.8,5618942,1354408.1,4806633
Net Food Importing Developing Countries (FAO),,2002,558979.7,59133.28,230259.98,2675928.8,5959902,1425982.4,5106488.5
Net Food Importing Developing Countries (FAO),,2003,569333.5,46618.46,236444.9,2712934.5,6019607.5,1493548.6,5053920
Net Food Importing Developing Countries (FAO),,2004,581708.5,60562.66,245494.9,2809192.5,6065822.5,1542180,5252145.5
Net Food Importing Developing Countries (FAO),,2005,594301.2,60978.27,210029.86,2936663.5,6379521.5,1705914.4,5681938
Net Food Importing Developing Countries (FAO),,2006,600697.06,51643.55,247341.44,2777255.8,6956019,1788763.9,5936503
Net Food Importing Developing Countries (FAO),,2007,616696.4,49247.64,292110.94,2879810.5,7077505.5,1943445.4,6481274
Net Food Importing Developing Countries (FAO),,2008,633277.9,58932.99,325304.25,2944759.5,7363683,2057668.1,6748594
Net Food Importing Developing Countries (FAO),,2009,646675.94,56287.56,314004.7,3070744,7590860.5,2128191.2,7284597.5
Net Food Importing Developing Countries (FAO),,2010,659362.5,43766.7,332259.03,3164218.2,7850905.5,2197027.2,7898958.5
Net Food Importing Developing Countries (FAO),,2011,677070.9,46273.54,344966.88,3294570,8044166.5,2336839,8373988.5
Net Food Importing Developing Countries (FAO),,2012,687586.25,51963.19,352878.12,3316986.8,8316016.5,2404440.2,8581887
Net Food Importing Developing Countries (FAO),,2013,694026.8,50676.52,360115.44,3389798.5,8508054,2564244.5,8987012
Net Food Importing Developing Countries (FAO),,2014,702933.4,50224.56,358822.12,3482673,8551147,2712158.8,9512169
Net Food Importing Developing Countries (FAO),,2015,719058.4,71398.24,368447.97,3654638.5,8701152,2780787,9877168
Net Food Importing Developing Countries (FAO),,2016,718018,63164.48,359798.78,3675529,8559590,2830707.8,9926993
Net Food Importing Developing Countries (FAO),,2017,728281.44,63404.43,365222.5,3674156.5,8710641,2933821.5,10586925
Net Food Importing Developing Countries (FAO),,2018,736930.7,78164.24,341760.94,3712069.5,8633458,2413432.8,9851328
Net Food Importing Developing Countries (FAO),,2019,743861.94,91984.87,396707.25,3894232.8,8789805,2413839.8,10406135
Net Food Importing Developing Countries (FAO),,2020,753028.4,126695.45,386630.2,4113064.8,8775162,2355522.2,11078615
Net Food Importing Developing Countries (FAO),,2021,756547.8,85267.39,383719.12,4039543,8743039,2467916.2,12015374
Net Food Importing Developing Countries (FAO),,2022,756581.4,101618.01,376366.7,4143656.5,9008972,2574940.8,12022830
Net Food Importing Developing Countries (FAO),,2023,762797.25,100403.12,406343.06,4235410.5,9062689,2465570.5,12458971
Net Food Importing Developing Countries (FAO),,2024,771232.8,81966.82,421837.6,4236959.5,9402567,2586036.5,13486893
Netherlands,NLD,1961,500,13925,,7450,231850,383075,83300
Netherlands,NLD,1962,500,10375,,8545,269275,399875,98413
Netherlands,NLD,1963,650,8875,,7910,314200,406450,104800
Netherlands,NLD,1964,300,8400,,6135,257325,415650,127598
Netherlands,NLD,1965,300,7225,,11210,264825,489075,150650
Netherlands,NLD,1966,500,5600,,9085,274575,496175,183000
Netherlands,NLD,1967,500,5475,,8682,296525,557900,206000
Netherlands,NLD,1968,500,5800,,8850,307775,627050,220000
Netherlands,NLD,1969,500,6025,,8550,308800,616825,245000
Netherlands,NLD,1970,500,5300,,11350,353450,700850,292000
Netherlands,NLD,1971,500,3725,,11875,348275,794950,319000
Netherlands,NLD,1972,1000,2575,,11275,298050,789500,328000
Netherlands,NLD,1973,1000,2075,,10300,307725,812475,339000
Netherlands,NLD,1974,1000,2250,,15700,395100,882100,314000
Netherlands,NLD,1975,1000,3300,,17200,393200,892125,300000
Netherlands,NLD,1976,1000,4600,,16800,392200,936025,313000
Netherlands,NLD,1977,0,5050,,16028,385750,966800,318000.5
Netherlands,NLD,1978,0,4350,,16566,374700,1048425,314037.4
Netherlands,NLD,1979,0,4000,,18177,403100,1106674,320985.3
Netherlands,NLD,1980,0,3300,,20856,418643,1125369,332516
Netherlands,NLD,1981,0,2600,,16508,437364,1194071,374700.7
Netherlands,NLD,1982,0,1944,,12730,420200,1211200,386120.5
Netherlands,NLD,1983,0,1884,,11204,450268,1248310,363439.5
Netherlands,NLD,1984,0,2003,,9541,514817,1306286,379538.7
Netherlands,NLD,1985,0,2561,,10734,510854,1411868,386502.4
Netherlands,NLD,1986,0,1948,,10891,539425,1443428,405090.8
Netherlands,NLD,1987,0,1000,,10550,540000,1511000,420399.1
Netherlands,NLD,1988,,1000,,12600,507000,1631000,429113.1
Netherlands,NLD,1989,,1000,,13650,486000,1606000,440539
Netherlands,NLD,1990,,907,,17032,521000,1661377,532599.5
Netherlands,NLD,1991,,893,,16796,622802,1591130,547000.6
Netherlands,NLD,1992,3000,841,,17144,635000,1585477,575000.2
Netherlands,NLD,1993,2087.62,792,,18267,611000,1746778,580999.8
Netherlands,NLD,1994,2009.95,800,,16950,603000,1673300,612999.8
Netherlands,NLD,1995,,828,,15717,579972,1622074,640999.4
Netherlands,NLD,1996,,885,,18102,580100,1623971,715999
Netherlands,NLD,1997,,989,,15464,564700,1375578,731000.7
Netherlands,NLD,1998,,937,,16053,534700,1725049,761200.2
Netherlands,NLD,1999,,851,,17007,507600,1710743,758000.3
Netherlands,NLD,2000,1000,823,,18536,471000,1622761,765925.4
Netherlands,NLD,2001,,745,,19863,372000,1432470,770368.8
Netherlands,NLD,2002,1200,620,,16744,384000,1377121,756137
Netherlands,NLD,2003,1500,541,,15658,365000,1252898,595899
Netherlands,NLD,2004,2200,507,,15105,386000,1298000,684377.7
Netherlands,NLD,2005,0,496,,13776,396008,1297281,704728.9
Netherlands,NLD,2006,,173,,15719,384000,1264897,696701.1
Netherlands,NLD,2007,1500,597,,17767,385571,1289935,753012.1
Netherlands,NLD,2008,,354,,14892,378383,1317705,762103.9
Netherlands,NLD,2009,,350,,15246,401752,1274980,839889.9
Netherlands,NLD,2010,,360,,14528,388610,1294000,855818.1
Netherlands,NLD,2011,,367.06,,14732,381559,1347166,915932
Netherlands,NLD,2012,,327.32,,14533,373531,1331731,966241
Netherlands,NLD,2013,,297.92,,13748,379100,1306950,1000073.9
Netherlands,NLD,2014,,370.85,,14280,376180,1370890,1022462.94
Netherlands,NLD,2015,,370.82,,14450,382520,1456220,1060420.2
Netherlands,NLD,2016,,376.42,,14360,416060,1452840,1102245.6
Netherlands,NLD,2017,,378.16,,14116,440639,1455677,1096490.1
Netherlands,NLD,2018,,,,14090,459210,1535920,1053786.9
Netherlands,NLD,2019,,,,15530,424300,1628290,1053543.1
Netherlands,NLD,2020,,,,18540,432840,1661650,1010400.8
Netherlands,NLD,2021,,,,18460,429640,1719420,880767.3
Netherlands,NLD,2022,,,,18570,421510,1683580,878970
Netherlands,NLD,2023,,,,20610,437390,1463460,862620
Netherlands,NLD,2024,,,,17220,433330,1386780,850370.9
New Caledonia,NCL,1961,,,,120.8,3115,700,130
New Caledonia,NCL,1962,,,,120.8,3203,820,134
New Caledonia,NCL,1963,,,,120.8,3272,760,136
New Caledonia,NCL,1964,,,,108,3212,690,140
New Caledonia,NCL,1965,,,,102,3272,770,146
New Caledonia,NCL,1966,,,,96,3011,850,160
New Caledonia,NCL,1967,,,,96.8,3125,850,176
New Caledonia,NCL,1968,,,,90.8,3325,760,185
New Caledonia,NCL,1969,,,,102.8,3187,650,190
New Caledonia,NCL,1970,,,,96.8,3244,680,190
New Caledonia,NCL,1971,,,,100.8,3551,630,200
New Caledonia,NCL,1972,,,,97.6,3600,630,240
New Caledonia,NCL,1973,,,,92.4,3150,790,256
New Caledonia,NCL,1974,,,,88.8,2300,630,270
New Caledonia,NCL,1975,,,,79.2,2800,570,290
New Caledonia,NCL,1976,,,,82.4,2255,500,300
New Caledonia,NCL,1977,,,,85.6,2707,500,320
New Caledonia,NCL,1978,,,,87.2,2728,442,340
New Caledonia,NCL,1979,,,,88.96,2745,484,360
New Caledonia,NCL,1980,,,,72.16,2570,547,370
New Caledonia,NCL,1981,,,,70.56,2491,541,380
New Caledonia,NCL,1982,,,,91.2,2536,589,390
New Caledonia,NCL,1983,,,,136,2410,520,380
New Caledonia,NCL,1984,,,,136,2598,625,430
New Caledonia,NCL,1985,,,,136,3233,706,453
New Caledonia,NCL,1986,,,,136,3148,724,372
New Caledonia,NCL,1987,,,,136,2379,864,618
New Caledonia,NCL,1988,,,,135.2,2374,949,553
New Caledonia,NCL,1989,,,,134.8,2189,933,538
New Caledonia,NCL,1990,,,,132,2677,1063,548
New Caledonia,NCL,1991,,,,171,3033,1208,493
New Caledonia,NCL,1992,,,,171,3331,1307,440
New Caledonia,NCL,1993,,,,90,3815,1317,309
New Caledonia,NCL,1994,,,,65,4163,1269,367
New Caledonia,NCL,1995,,,,65,3696,1307,427
New Caledonia,NCL,1996,,,,13,4327,1302,420
New Caledonia,NCL,1997,,,,12,4064,1383,479
New Caledonia,NCL,1998,,,,9,4112,1497,454
New Caledonia,NCL,1999,,,,11,4260,1371,558
New Caledonia,NCL,2000,,,,11,4038,1423,560
New Caledonia,NCL,2001,,,,10,4073,1551,507
New Caledonia,NCL,2002,,,,11,4005,1627,533
New Caledonia,NCL,2003,,,,10,3998,1666,706
New Caledonia,NCL,2004,,,,15,4034,1766,630
New Caledonia,NCL,2005,,,,15,3520,1822,750
New Caledonia,NCL,2006,,,,10,2992,1972,796
New Caledonia,NCL,2007,,,,9,3131,2093,840
New Caledonia,NCL,2008,,,,10,3147,2373,840
New Caledonia,NCL,2009,,,,8,3192,2262,728
New Caledonia,NCL,2010,,,,11,3426,2255,800
New Caledonia,NCL,2011,,,,14,3414,2425,762
New Caledonia,NCL,2012,,,,13,3416,2557,793
New Caledonia,NCL,2013,,,,13,3297,2673,778
New Caledonia,NCL,2014,,,,12,3484,2816,866
New Caledonia,NCL,2015,,,,22,3612,3981,1035
New Caledonia,NCL,2016,,,,10,3036,2722,995
New Caledonia,NCL,2017,,,,8,2955,2876,880
New Caledonia,NCL,2018,,,,10.5,2887,2906,765
New Caledonia,NCL,2019,,,,15.67,3214,2791,626.6
New Caledonia,NCL,2020,,,,14,2980,2918,938
New Caledonia,NCL,2021,,,,9.9,3076,2892,888
New Caledonia,NCL,2022,,,,5.51,3108,3014,775.3
New Caledonia,NCL,2023,,,,9.21,3203,2776,823.49
New Caledonia,NCL,2024,,,,6.43,2983.69,2976.08,886.27
New Zealand,NZL,1961,500,340,,457400,236500,39600,6758
New Zealand,NZL,1962,800,425,,473160,281800,40200,8577
New Zealand,NZL,1963,1000,425,,463740,293100,42700,7385
New Zealand,NZL,1964,2000,510,,489390,287000,47000,8294
New Zealand,NZL,1965,3500,510,,476300,271400,44800,9637
New Zealand,NZL,1966,3000,578,,473580,287300,38500,10465
New Zealand,NZL,1967,3200,493,,513000,297000,36000,10698
New Zealand,NZL,1968,3860,459,,557960,339400,37400,10938
New Zealand,NZL,1969,3242,340,,554440,370500,36400,12632
New Zealand,NZL,1970,3689,510,,554400,386500,38600,15220
New Zealand,NZL,1971,4359,510,,564800,393200,43690,18740
New Zealand,NZL,1972,4384,510,,575800,409900,40600,19499
New Zealand,NZL,1973,6000,510,,557600,445500,35300,21470
New Zealand,NZL,1974,4000,510,,498450,404700,34400,29652
New Zealand,NZL,1975,3000,510,,492000,508100,34200,27279
New Zealand,NZL,1976,3200,510,,514100,628100,32800,28279
New Zealand,NZL,1977,3700,510,,498020,557700,39000,27760
New Zealand,NZL,1978,3000,510,,502110,561500,38200,37110
New Zealand,NZL,1979,2500,510,,514800,511600,35700,34421
New Zealand,NZL,1980,2500,510,,560650,496000,34500,32156
New Zealand,NZL,1981,2500,510,,627050,498100,32500,39589
New Zealand,NZL,1982,1438,425,,623350,516000,40100,36994
New Zealand,NZL,1983,2200,425,,680930,512100,39700,33710
New Zealand,NZL,1984,2200,425,,668350,433400,42900,42643
New Zealand,NZL,1985,2800,442,,728900,486700,47700,49580
New Zealand,NZL,1986,3200,510,,617420,467600,47600,46868
New Zealand,NZL,1987,4080,680,,611094,554504,44400,49381
New Zealand,NZL,1988,4500,850,,616124,571626,45600,53211
New Zealand,NZL,1989,4394,850,,612537,556000,45068,58530
New Zealand,NZL,1990,5560,850,,531998,478643,43240,57886
New Zealand,NZL,1991,10240,689.35,,516915,525197,42426,59560
New Zealand,NZL,1992,22700,977.5,,580809,549647,46118,61425
New Zealand,NZL,1993,18400,1813,,481915,544323,48663,68907
New Zealand,NZL,1994,22000,1901,,525725,565715,48759,72225
New Zealand,NZL,1995,22100,1891,,529870,597603,50815,87196
New Zealand,NZL,1996,17900,1492,,509494,649271,50818,90186
New Zealand,NZL,1997,17400,1258,,540599,632594,47816,87551
New Zealand,NZL,1998,21900,1098,,549688,651217,48338,95553.2
New Zealand,NZL,1999,26250,1174,,499252,554201,48307,98409.2
New Zealand,NZL,2000,21767,1091,,539524,587457,46092,106295.2
New Zealand,NZL,2001,23760,561,,572426,590911,46299,114032.2
New Zealand,NZL,2002,25580,652,,519850,574304,44683,124054
New Zealand,NZL,2003,29466,363,,548817,632120,46320,137229
New Zealand,NZL,2004,36721,257,,518611,710348,50887,146622
New Zealand,NZL,2005,41792,392,,534288,663435,50901,158326
New Zealand,NZL,2006,38647,634,,544123,639975,51074,152781
New Zealand,NZL,2007,32903,598,,580226,631690,50321,146973
New Zealand,NZL,2008,32318,301,,598752,631020,51703,147945
New Zealand,NZL,2009,27207,752,,512596,637664,47338,141117
New Zealand,NZL,2010,21261,441,,475370,638013,46666,145472
New Zealand,NZL,2011,22919.73,496,,453300,618211,49467,151091
New Zealand,NZL,2012,22900,482,,457418,607044,50591,169226
New Zealand,NZL,2013,23712,405,,481859,627174,47159,169645.9
New Zealand,NZL,2014,24149.65,390,,488441,625675,47771,189731.77
New Zealand,NZL,2015,22462.96,413,,488404,675844,45632,192637.28
New Zealand,NZL,2016,23441.54,222,,482007,673070,43846,212862.12
New Zealand,NZL,2017,22704.38,36,,452284,641745,46741,222996.48
New Zealand,NZL,2018,22066.65,0,,470307.88,672351.7,47443,242430.22
New Zealand,NZL,2019,22365.98,0,,450695.38,712783.56,45884,227666.1
New Zealand,NZL,2020,21414.61,0,,461539.28,726536.56,45425,219199.3
New Zealand,NZL,2021,21423.28,0,,443972,754463,45082,226403.55
New Zealand,NZL,2022,20188.14,0,,428221,720576,45008,219099.58
New Zealand,NZL,2023,18794.61,0,,431203,744249,44784,224771.62
New Zealand,NZL,2024,17105.1,0,,450737,741844,41437,232316.66
Nicaragua,NIC,1961,,1200,,33.6,26970,6180,2000
Nicaragua,NIC,1962,,1200,,34.2,29160,5275,2400
Nicaragua,NIC,1963,,1300,,34.2,35030,5925,2700
Nicaragua,NIC,1964,,1300,,34.8,35870,7215,3000
Nicaragua,NIC,1965,,1400,,34.8,33800,9585,3500
Nicaragua,NIC,1966,,1400,,36.2,37800,12300,3700
Nicaragua,NIC,1967,,1500,,36.68,41600,11000,3800
Nicaragua,NIC,1968,,1600,,37.44,47900,11720,4000
Nicaragua,NIC,1969,,1640,,37.6,53500,13400,3700
Nicaragua,NIC,1970,,1680,,37.56,59800,15710,4200
Nicaragua,NIC,1971,,1760,,40.4,63390,15620,4400
Nicaragua,NIC,1972,,1800,,41.8,68600,16400,5700
Nicaragua,NIC,1973,,1840,,43.2,64000,12480,6250
Nicaragua,NIC,1974,,1920,,42.2,47429,16211,8100
Nicaragua,NIC,1975,,2000,,39.6,64595,17640,9850
Nicaragua,NIC,1976,,2082,,41,72579,19320,11200
Nicaragua,NIC,1977,,2100,,42.4,79282,21324,10450
Nicaragua,NIC,1978,,3200,,43,80372,19500,8900
Nicaragua,NIC,1979,,2100,,43.8,76518,21000,7000
Nicaragua,NIC,1980,,2000,,42.4,56335,10500,6670
Nicaragua,NIC,1981,,2100,,41.6,43000,12750,7406
Nicaragua,NIC,1982,,2150,,42,51888,13800,10258
Nicaragua,NIC,1983,,2130,,42.96,53038,13800,10856
Nicaragua,NIC,1984,,2110,,45.04,51428,14250,7406
Nicaragua,NIC,1985,,2100,,45.52,45264,12600,10396
Nicaragua,NIC,1986,,2070,,47.6,37260,14300,10251
Nicaragua,NIC,1987,,2030,,48.08,30360,13892,11003
Nicaragua,NIC,1988,,2000,,45.24,33212,10718,10534
Nicaragua,NIC,1989,,2000,,38.16,49765,13030,6670
Nicaragua,NIC,1990,,2159,,44.6,57286,10488,7095
Nicaragua,NIC,1991,,2081.15,,45.2,45080,9400,10534
Nicaragua,NIC,1992,,2039.87,,48.4,47748,8500,16874
Nicaragua,NIC,1993,,1950,,53.6,52471,8000,23386
Nicaragua,NIC,1994,,1900,,46.8,51296,4899,26708
Nicaragua,NIC,1995,,1850,,51.2,49055,5136,28751
Nicaragua,NIC,1996,,1881,,48,49818,5290,28796
Nicaragua,NIC,1997,,1860,,49.2,51879,5455,29735
Nicaragua,NIC,1998,,1861.2,,49.2,45831,5636,31968
Nicaragua,NIC,1999,,1862.64,,50,46000,5727,36809
Nicaragua,NIC,2000,,1870,,66.8,52500,5870,47328
Nicaragua,NIC,2001,,1880,,50.08,54077,6035,55418
Nicaragua,NIC,2002,,1900,,50.4,60145,6273,56138
Nicaragua,NIC,2003,,1950,,53.96,65558,6455,61549
Nicaragua,NIC,2004,,2000,,52.6,74844,6500,66812
Nicaragua,NIC,2005,,2100,,54,75983,6636,70580
Nicaragua,NIC,2006,,2324,,54.8,84620,6818,83620
Nicaragua,NIC,2007,,2533,,56.4,92782,6864,89828
Nicaragua,NIC,2008,,2623,,56.4,96080,7091,90950
Nicaragua,NIC,2009,,2500,,56.4,107587,7182,89627
Nicaragua,NIC,2010,,2500,,59.6,121039.77,7681,102263
Nicaragua,NIC,2011,,2550,,61.8,128603,8038.77,99785
Nicaragua,NIC,2012,,2650,,64,115121,8720.56,87494
Nicaragua,NIC,2013,,2650,,60.16,120687,9180.09,123374
Nicaragua,NIC,2014,,2615.57,,59.86,122063.23,9987.79,127385.04
Nicaragua,NIC,2015,,2317.77,,59.41,115216,10382.92,128926.8
Nicaragua,NIC,2016,,2173.95,,59.64,114368,11055.51,137138.23
Nicaragua,NIC,2017,,2358.54,,60.33,147749,11912.66,142712.44
Nicaragua,NIC,2018,,2044.34,,60.3,136940,12396.13,139822
Nicaragua,NIC,2019,,1815.69,,60.57,148488,13425.78,139508
Nicaragua,NIC,2020,,1818.33,,60.99,152883.97,13201.13,140674.47
Nicaragua,NIC,2021,,2011.95,,61.6,167367.78,14365.53,143283.02
Nicaragua,NIC,2022,,1954.76,,61.7,152223.48,14861.56,154153.89
Nicaragua,NIC,2023,,1929.92,,61.95,152223.48,14874.09,163310.34
Niger,NER,1961,5000,715,676,20480,21000,283.5,3760
Niger,NER,1962,5000,780,1040,22250,19000,472.5,3880
Niger,NER,1963,5200,845,1170,24380,23000,535.5,4000
Niger,NER,1964,5200,845,1430,25350,24000,551.25,4400
Niger,NER,1965,5400,910,1690,25600,24000,582.75,4800
Niger,NER,1966,5400,1040,1950,29480,27000,598.5,5200
Niger,NER,1967,5500,1040,2210,32842.5,32000,630,5600
Niger,NER,1968,5600,1105,2470,37000,40000,661.5,5840
Niger,NER,1969,5600,1235,2990,41000,33000,693,6000
Niger,NER,1970,6000,1300,3510,44356,30000,724.5,6208.8
Niger,NER,1971,6200,1560,3380,43298,30000,819,6289.6
Niger,NER,1972,6500,1560,4420,44647,28000,787.5,6371.2
Niger,NER,1973,6800,1391,4290,35804,26000,787.5,6453.6
Niger,NER,1974,7000,1560,4290,33937,28000,787.5,6720
Niger,NER,1975,6500,1690,3380,34644,33000,819,6952
Niger,NER,1976,6000,1820,3380,38725,27700,832.5,7380
Niger,NER,1977,5500,1950,3510,51857,46500,868.5,7408
Niger,NER,1978,5300,1989,4160,54236,45000,945,7576
Niger,NER,1979,5200,2028,4680,56380,34000,1125,7664
Niger,NER,1980,5000,2080,6500,58065,53000,1125,7912
Niger,NER,1981,4800,2002,7150,60129,57000,1143,8516
Niger,NER,1982,4500,2067,7410,59094,56000,1152,8336
Niger,NER,1983,4600,2184,7800,62340,55000,1170,8372
Niger,NER,1984,5000,1300,8056,40810,56000,1260,8552
Niger,NER,1985,6000,1001,5535,28726,51000,1296,8592
Niger,NER,1986,7000,1001,7144,45168,42000,1309.5,8632
Niger,NER,1987,8000,1040,7644,45249,48000,1318.5,8892
Niger,NER,1988,9000,1092,7100,50536,50000,1323,8928
Niger,NER,1989,10000,1144,8112,52900,53000,1323,9048
Niger,NER,1990,11000,1170,7526,46576,55000,1345.5,9168
Niger,NER,1991,12000,1222,6106,47732,53000,1357.2,9360
Niger,NER,1992,12900,1248,9798,47900,64000,1377,9568
Niger,NER,1993,14000,1300,10224,50060,70000,1390.5,9776
Niger,NER,1994,15000,1365,10366,49908,74000,1390.5,9988
Niger,NER,1995,15500,1391,10508,52884,62000,1390.5,10120
Niger,NER,1996,16000,1456,10875,54196,95000,1390.5,10336
Niger,NER,1997,16700,1378,11400,56784,96000,1390.5,10472
Niger,NER,1998,17300,1378,11550,60592,102000,1395,10608
Niger,NER,1999,17900,1404,11700,63532,110000,1395,10836
Niger,NER,2000,18500,1287,3997,31330,47549,1395,10976
Niger,NER,2001,19250,1482,4864,34607,43931,1404,11200
Niger,NER,2002,19900,1456,4532,30598,46277,1408.5,11264
Niger,NER,2003,20600,1482,8522,31242,45050,1417.5,11408
Niger,NER,2004,21400,1612,5192,25877,51440,1417.5,11560
Niger,NER,2005,22150,1508,5756,33481,58522,1417.5,11708
Niger,NER,2006,22900,741,6336,35097,62825,1417.5,10536
Niger,NER,2007,23687.69,1040,5082,34269,53391,1431,10680
Niger,NER,2008,24684.29,1040,5650,32471,52622,1431,10760
Niger,NER,2009,25596.45,1040,6154,33339,54004,1431,16200
Niger,NER,2010,26518.67,650,7442,37049,60357,1431,16400
Niger,NER,2011,27500,845,9293,38875,54829,1440,16640
Niger,NER,2012,28378.35,850.72,11614,41433,59105,1485,16800
Niger,NER,2013,28370.93,796.97,9409.63,40889.91,41905,1485,17200
Niger,NER,2014,28499.1,862.54,10685,33235.73,54439,1493.59,17506.26
Niger,NER,2015,30267.67,834.67,11293,45143,58942,1499.69,17643.31
Niger,NER,2016,29045.9,805.25,10310.78,46330.03,58908.8,1497.55,17857.48
Niger,NER,2017,30571.41,778.14,11490.3,48838.76,59797.74,1497.19,18475.41
Niger,NER,2018,31375.19,708.56,11590.19,47313.79,61045.5,1491.78,19261.66
Niger,NER,2019,30663.64,780.27,10725.06,49462.26,57459.87,1491.95,19664.92
Niger,NER,2020,31668.3,669.59,12280.8,51277.55,63399.59,1492.65,20068.32
Niger,NER,2021,31366.95,779.41,13723.03,48869.78,71296.92,1495.61,20152.29
Niger,NER,2022,31854.38,787.2,16477,47308,71375,1494.96,20144.02
Niger,NER,2023,32287.15,795.08,16193,46618,71343,1495.41,20276.59
Niger,NER,2024,32964.97,803.03,12001.92,47488.71,65288.84,1495.85,20459.73
Nigeria,NGA,1961,80000,,,12535,156300,21600,30000
Nigeria,NGA,1962,80000,,,13500,146245,22275,32560
Nigeria,NGA,1963,80000,,,14685,151918,22918.5,35200
Nigeria,NGA,1964,80000,,,16014,172897,23625,37600
Nigeria,NGA,1965,80000,,,17690,183492,24300,39600
Nigeria,NGA,1966,80000,,,19324,174215,24974.73,41600
Nigeria,NGA,1967,90000,,,21635,170551,25987.46,43200
Nigeria,NGA,1968,100000,,,23176,162340,26550,45600
Nigeria,NGA,1969,100000,,,26494,198591,27877.5,54000
Nigeria,NGA,1970,100000,,,29372,196104,28350,56700
Nigeria,NGA,1971,100000,,,30900,188332,29189.93,60300
Nigeria,NGA,1972,100000,,,31100,163776,29645.96,63000
Nigeria,NGA,1973,80000,,,34500,226483,29430,66150
Nigeria,NGA,1974,80000,,,37400,223911,29193.75,68850
Nigeria,NGA,1975,90000,,,44160,182179,31500,82000
Nigeria,NGA,1976,90000,,,55950,248686,33750,86000
Nigeria,NGA,1977,95000,,,61800,218191,36000,93000
Nigeria,NGA,1978,95000,,,72460,244919,38250,103000
Nigeria,NGA,1979,95000,,,79740,274981,38250,112000
Nigeria,NGA,1980,100000,,,87105,370216,38250,118000
Nigeria,NGA,1981,100000,,,94935,329125,38250,131000
Nigeria,NGA,1982,100000,,,102470,364231,38250,122000
Nigeria,NGA,1983,100000,,,109285,411797,38250,135000
Nigeria,NGA,1984,100000,,,117200,425918,49500,128000
Nigeria,NGA,1985,100000,,,123930,437724,60750,137000
Nigeria,NGA,1986,100000,,,136460,283478,76500,141000
Nigeria,NGA,1987,100000,,,142640,266734,92250,152000
Nigeria,NGA,1988,100000,,,150090,236049,99000,160000
Nigeria,NGA,1989,100000,,,162450,217530,114750,169000
Nigeria,NGA,1990,93906,,,164650,204273,106885.8,174000
Nigeria,NGA,1991,92627.52,,,170490,205000,106276.95,165000
Nigeria,NGA,1992,95747.43,,,174130,210000,112500,162000
Nigeria,NGA,1993,98867.35,,,181156,244378,117000,165000
Nigeria,NGA,1994,101987.26,,,205677,264319,121500,168000
Nigeria,NGA,1995,105107.17,,,222227,266861,130500,169000
Nigeria,NGA,1996,108227.08,,,238295,280000,135000,170000
Nigeria,NGA,1997,111346.99,,,269536.94,294000,139500,171000
Nigeria,NGA,1998,113465.17,,,289896,297000,144000,172000
Nigeria,NGA,1999,116658.92,,,311992,298000,153000,172000
Nigeria,NGA,2000,120000,,,336624,279000,157500,160000
Nigeria,NGA,2001,120951.39,,,366437.75,316031,165375,183500
Nigeria,NGA,2002,122285.15,,,372206.94,357425,192523.5,190000
Nigeria,NGA,2003,123628.49,,,376643.6,307827,178875,201000
Nigeria,NGA,2004,124983.36,,,386173,323410,186165,211000
Nigeria,NGA,2005,126340.43,,,394047.75,305610,193455,218750
Nigeria,NGA,2006,127673.89,,,405755.47,259457,201285,232100
Nigeria,NGA,2007,121000,,,415383.9,327984,209250,243300
Nigeria,NGA,2008,137244.83,,,422754.16,328250,217602,260000
Nigeria,NGA,2009,145373.05,,,433074.3,330250,226307.25,273000
Nigeria,NGA,2010,155000,,,458155,306960.44,234000,245000
Nigeria,NGA,2011,163000,,,381889,350008.6,243000,198303.2
Nigeria,NGA,2012,165000,,,339750,288281,248850,229129.11
Nigeria,NGA,2013,165000,,,374686,377794,254250,193152.98
Nigeria,NGA,2014,167951.25,,,384053,381080.38,252574.45,196349.98
Nigeria,NGA,2015,174653.19,,,393663.44,384395.78,266788.06,204416.27
Nigeria,NGA,2016,169201.48,,,403495.72,298261.5,280354.38,240123.48
Nigeria,NGA,2017,169843.23,,,413583.12,300856.38,293973.3,257728.95
Nigeria,NGA,2018,170575.55,,,430065.7,318368.34,305692.44,274767.84
Nigeria,NGA,2019,172099.62,,,439007.1,326118.38,319201.9,292993.4
Nigeria,NGA,2020,174335.81,,,438093.72,325427.88,335891.62,318014.06
Nigeria,NGA,2021,178250.66,,,446410.53,324909.8,352113.3,341698.78
Nigeria,NGA,2022,178441,,,450922.12,321916.4,363157.38,355932.56
Nigeria,NGA,2023,176601.55,,,453207.7,319404.5,373759.06,333296.6
Nigeria,NGA,2024,178445.7,,,455157,317048.8,385997.25,342932.8
Niue,NIU,1961,,,,,4.72,21,8
Niue,NIU,1962,,,,,4.9,22.75,8.8
Niue,NIU,1963,,,,,5.08,23.63,9.6
Niue,NIU,1964,,,,,5.25,25.2,10.4
Niue,NIU,1965,,,,,5.58,29.75,10.4
Niue,NIU,1966,,,,,5.76,30.45,13.28
Niue,NIU,1967,,,,,5.76,31.5,13.28
Niue,NIU,1968,,,,,6.3,31.5,14.11
Niue,NIU,1969,,,,,2.88,32.2,14.94
Niue,NIU,1970,,,,,8.1,33.25,15.36
Niue,NIU,1971,,,,,9.25,37,16.15
Niue,NIU,1972,,,,,10.18,38.85,17
Niue,NIU,1973,,,,,16.65,40.7,17.85
Niue,NIU,1974,,,,,17.2,40.7,17.85
Niue,NIU,1975,,,,,17.39,40.7,17.85
Niue,NIU,1976,,,,,19.57,41.8,18.9
Niue,NIU,1977,,,,,24.89,41.8,20.7
Niue,NIU,1978,,,,,21.85,41.8,22.5
Niue,NIU,1979,,,,,11.02,41.8,22.5
Niue,NIU,1980,,,,,32.3,41.8,22.5
Niue,NIU,1981,,,,,39,44,23.75
Niue,NIU,1982,,,,,19.5,44,23.75
Niue,NIU,1983,,,,,33.15,44,21.85
Niue,NIU,1984,,,,,13.65,42,19
Niue,NIU,1985,,,,,11,40,21
Niue,NIU,1986,,,,,10,40.85,19
Niue,NIU,1987,,,,,9,38.7,17
Niue,NIU,1988,,,,,7,36.55,16
Niue,NIU,1989,,,,,5,36,15
Niue,NIU,1990,,,,,2.4,33.75,15
Niue,NIU,1991,,,,,2.46,33.78,14.74
Niue,NIU,1992,,,,,2.45,48.75,14
Niue,NIU,1993,,,,,2.44,48.75,15
Niue,NIU,1994,,,,,2.43,50,14
Niue,NIU,1995,,,,,2.42,51,14
Niue,NIU,1996,,,,,2.41,49,15
Niue,NIU,1997,,,,,2.4,50,17
Niue,NIU,1998,,,,,2.4,53,18
Niue,NIU,1999,,,,,2.39,50,17
Niue,NIU,2000,,,,,2.39,54,15
Niue,NIU,2001,,,,,2.39,55,18
Niue,NIU,2002,,,,,2.39,61,20
Niue,NIU,2003,,,,,2.4,63,18
Niue,NIU,2004,,,,,2.41,62,18
Niue,NIU,2005,,,,,2.42,60,18
Niue,NIU,2006,,,,,2.5,59,18
Niue,NIU,2007,,,,,2.7,65,18
Niue,NIU,2008,,,,,2.59,60,18.18
Niue,NIU,2009,,,,,2.61,52,19.25
Niue,NIU,2010,,,,,2.62,60,21.46
Niue,NIU,2011,,,,,2.63,60,21.75
Niue,NIU,2012,,,,,2.7,61,22.03
Niue,NIU,2013,,,,,2.4,61.23,22.31
Niue,NIU,2014,,,,,2.31,63.21,22.34
Niue,NIU,2015,,,,,2.19,63.74,22.87
Niue,NIU,2016,,,,,2.2,65.35,23.1
Niue,NIU,2017,,,,,2.1,66.26,23.35
Niue,NIU,2018,,,,,2.03,66.96,23.49
Niue,NIU,2019,,,,,2.01,67.68,23.78
Niue,NIU,2020,,,,,1.98,68.32,24.17
Niue,NIU,2021,,,,,1.94,68.58,24.87
Niue,NIU,2022,,,,,1.89,68.23,25.15
Niue,NIU,2023,,,,,1.86,68.7,25.46
Niue,NIU,2024,,,,,1.82,69.17,25.78
North America,OWID_NAM,1961,217000,75763.6,,436209.56,8818144,6251848.5,3778850
North America,OWID_NAM,1962,202000,69730.25,,424545.38,8894657,6448749,3725182.8
North America,OWID_NAM,1963,205000,67830.35,,407156.62,9452465,6724110,3895308
North America,OWID_NAM,1964,215000,67441.45,,383487.34,10504908,6809757.5,4058186.8
North America,OWID_NAM,1965,217000,67242.35,,352666.6,10735874,6166360.5,4319027
North America,OWID_NAM,1966,220000,73849,,348651.16,11145660,6270692,4707391.5
North America,OWID_NAM,1967,222000,74213.95,,349227,11333300,6945521,4905013
North America,OWID_NAM,1968,224000,78054,,328289.97,11731894,7159712,4816699
North America,OWID_NAM,1969,226000,75989.05,,307201.66,11795910,7101754.5,5090053
North America,OWID_NAM,1970,229000,76588.85,,308031.72,11996806,7475059.5,5463586
North America,OWID_NAM,1971,231000,76458.1,,311407.75,12124536,8190856,5511392.5
North America,OWID_NAM,1972,230000,81886.55,,315738.44,12332292,7712692.5,5770930
North America,OWID_NAM,1973,236000,114171.2,,303781.66,11735807,7369860,5750280
North America,OWID_NAM,1974,238000,123885.45,,279837.53,12658375,7927830,5800526.5
North America,OWID_NAM,1975,235000,137291.75,,255394.38,13449161,6864509,5649933
North America,OWID_NAM,1976,230000,146581.25,,237104.88,14608159,7382851,6323984.5
North America,OWID_NAM,1977,230000,153545.3,,227415.14,14354282,7905996,6457027.5
North America,OWID_NAM,1978,230000,157733.05,,207997.94,13706403,8123873.5,6813023
North America,OWID_NAM,1979,230000,152325.84,,201918.45,12140112,9287194,7499246.5
North America,OWID_NAM,1980,220000,144557.6,,214819.25,12296198,10008248,7795404.5
North America,OWID_NAM,1981,220000,140214.4,,227580.56,12770646,9705884,8267462
North America,OWID_NAM,1982,215000,122267.85,,243194.95,12865688,9018377,8308876
North America,OWID_NAM,1983,215000,108915.8,,246853.98,13282341,9603889,8544200
North America,OWID_NAM,1984,200000,114463.25,,246785.73,13414040,9423424,8912625
North America,OWID_NAM,1985,200000,122803.5,,243266.08,13542047,9320065,9392270
North America,OWID_NAM,1986,200000,147130.5,,237341.4,14137302,8668843,10012966
North America,OWID_NAM,1987,200000,171665.1,,221784.94,13695536,8793510,10907635
North America,OWID_NAM,1988,200000,188945.45,,235960.69,13688807,9393016,11261347
North America,OWID_NAM,1989,200000,196443.05,,245286.55,13372893,9317527,11925597
North America,OWID_NAM,1990,195894,197167.25,,252921.84,13117782,9110608,12848864
North America,OWID_NAM,1991,199930,186652.16,,266385.1,12908307,9407951,13611467
North America,OWID_NAM,1992,206952,175376.81,,266085.53,13048950,10077492,14338006
North America,OWID_NAM,1993,205850,154370.8,,259581.72,13100852,10028295,15054984
North America,OWID_NAM,1994,215568,132431.9,,244781.4,13279700,10396957,16018340
North America,OWID_NAM,1995,220595,132721,,230476.28,13957664,10593241,16815824
North America,OWID_NAM,1996,218617,130588.6,,220485.31,14362860,10214365,17609072
North America,OWID_NAM,1997,218978,132845.7,,216446.47,14566698,10306728,18305638
North America,OWID_NAM,1998,228697,131241.39,,216104.7,14677026,11277492,18756084
North America,OWID_NAM,1999,233748,134034.14,,218644.02,14915442,11628903,19833484
North America,OWID_NAM,2000,233833,136277,,220492.12,15268653,11577933,20465650
North America,OWID_NAM,2001,231307,152166,,222200,15470797,11817685,21130212
North America,OWID_NAM,2002,238910,143365.8,,229416.5,15219836,12223440,21826662
North America,OWID_NAM,2003,235904,148731.6,,225026.55,15599246,12326814,22073884
North America,OWID_NAM,2004,228544,132236.6,,215045.38,15556941,12659478,22804226
North America,OWID_NAM,2005,230074,140944.6,,214941.55,14790344,12782563,23721172
North America,OWID_NAM,2006,239357,134547.75,,225203.27,14782870,12966102,23935020
North America,OWID_NAM,2007,245104,116163.19,,228338.58,15450165,13497162,24552644
North America,OWID_NAM,2008,250741,122011.35,,231781.84,15657911,14196649,25067254
North America,OWID_NAM,2009,249561,118043.55,,231917.31,15721879,14025575,24203562
North America,OWID_NAM,2010,248400,120139,,228533.05,15538794,13737421,24843986
North America,OWID_NAM,2011,248400,121774.2,,226335.06,15628709,13996190,25173130
North America,OWID_NAM,2012,252624.58,123382.31,,226884.23,15506937,14258784,25197906
North America,OWID_NAM,2013,254583.81,121359.86,,224801.58,15367139,14276237,25598582
North America,OWID_NAM,2014,256062.11,114964.336,,224537.47,15373510,14114972,26141292
North America,OWID_NAM,2015,257344.8,111023.68,,221259.23,14473928,15007189,26926112
North America,OWID_NAM,2016,258751.39,109659.47,,223510.9,15280286,15304498,27643002
North America,OWID_NAM,2017,260000,106966.54,,221854.38,15862842,15721366,28300706
North America,OWID_NAM,2018,261629.81,102581.71,,227226.55,16292984,16119462,28957344
North America,OWID_NAM,2019,263520.2,101699.94,,232603.19,16556008,16850996,29741656
North America,OWID_NAM,2020,265235.16,100764.17,,229344.97,16601694,17230308,28311766
North America,OWID_NAM,2021,268041.44,101206.766,,234308.22,17115772,16996340,28811094
North America,OWID_NAM,2022,268656.53,100177.836,,228078.52,17316636,16730052,29555940
North America,OWID_NAM,2023,270043.38,99637.88,,228950.1,16781636,16762397,29927234
North America,OWID_NAM,2024,271430.2,97173.41,,233532.38,16588674,17062226,29993368
North Korea,PRK,1961,,,,828,20160,49000,16500
North Korea,PRK,1962,,,,972,19950,50000,16500
North Korea,PRK,1963,,,,1125,20160,51500,16500
North Korea,PRK,1964,,,,1359,20370,55000,17875
North Korea,PRK,1965,,,,1489.5,20400,55000,17875
North Korea,PRK,1966,,,,1602,20550,60000,17490
North Korea,PRK,1967,,,,1687.5,20700,65000,18150
North Korea,PRK,1968,,,,1800,21000,65000,18920
North Korea,PRK,1969,,,,1935,21600,70000,19250
North Korea,PRK,1970,,,,2115,21900,85000,20020
North Korea,PRK,1971,,,,2259,22500,90000,20900
North Korea,PRK,1972,,,,2475,22950,100000,22000
North Korea,PRK,1973,,,,2632.5,23400,100000,23650
North Korea,PRK,1974,,,,2835,24450,115000,25300
North Korea,PRK,1975,,,,2970,25500,125000,26950
North Korea,PRK,1976,,,,3094.5,26250,135000,28050
North Korea,PRK,1977,,,,3219,27450,145000,29700
North Korea,PRK,1978,,,,3300,28500,150000,30800
North Korea,PRK,1979,,,,3465,29550,160000,31900
North Korea,PRK,1980,,,,3630,30750,165000,36050
North Korea,PRK,1981,,,,3750,31500,175000,36600
North Korea,PRK,1982,,,,3930,32250,175000,37350
North Korea,PRK,1983,,,,4095,34500,185000,39200
North Korea,PRK,1984,,,,4260,35550,185000,40500
North Korea,PRK,1985,,,,4425,37500,195000,41800
North Korea,PRK,1986,,,,4545,39000,200000,44200
North Korea,PRK,1987,,,,4680,41250,205000,46600
North Korea,PRK,1988,,,,4755,42000,215000,49000
North Korea,PRK,1989,,,,5130,37950,220000,51400
North Korea,PRK,1990,,,,5550,34500,225000,52900
North Korea,PRK,1991,,,,5970,30000,235000,55300
North Korea,PRK,1992,,,,5775,30300,175000,41800
North Korea,PRK,1993,,,,5775,31050,150000,34000
North Korea,PRK,1994,,,,7875,31500,135000,25850
North Korea,PRK,1995,,,,4470,42000,115000,23800
North Korea,PRK,1996,,,,4635,21750,105100,24350
North Korea,PRK,1997,,,,5655,18750,84000,20420
North Korea,PRK,1998,,,,7620,19500,111500,22850
North Korea,PRK,1999,,,,9600,19950,133750,26390
North Korea,PRK,2000,,,,11250,20025,140000,30640
North Korea,PRK,2001,,,,11520,21450,145000,36600
North Korea,PRK,2002,,,,12000,21600,163000,41337
North Korea,PRK,2003,,,,12105,21750,163000,44740
North Korea,PRK,2004,,,,12195,21300,165000,46526
North Korea,PRK,2005,,,,12864,21450,168000,45850
North Korea,PRK,2006,,,,13638,21600,150000,44850
North Korea,PRK,2007,,,,14322,21750,130000,44150
North Korea,PRK,2008,,,,15067.5,21750,110000,42660
North Korea,PRK,2009,,,,15600,21750,110000,42700
North Korea,PRK,2010,,,,15615,21795,110000,42700
North Korea,PRK,2011,,,,15990,21795,110000,42700
North Korea,PRK,2012,,,,15705,21975,112500,43800
North Korea,PRK,2013,,,,15705,21975,112500,43800
North Korea,PRK,2014,,,,15305.09,21468.31,104813.59,44655.56
North Korea,PRK,2015,,,,15136.54,21102.36,113112.8,41678.67
North Korea,PRK,2016,,,,15037.6,20817.09,125047.62,42594.67
North Korea,PRK,2017,,,,14920.44,20790.76,125363.21,42851.27
North Korea,PRK,2018,,,,14621.12,20854.91,123026.15,41868.42
North Korea,PRK,2019,,,,14791.1,20868.29,116374.9,43757.89
North Korea,PRK,2020,,,,14867.85,20809.27,109439.81,45224.14
North Korea,PRK,2021,,,,14877.13,20693.14,106764.89,45905.69
North Korea,PRK,2022,,,,15414.46,20335.64,114315.65,37565.64
North Korea,PRK,2023,,,,15388.12,20402.62,115153.18,36770.95
North Korea,PRK,2024,,,,15410.46,20348.85,115276.29,36880.58
North Macedonia,MKD,1992,,,,12394,7549,10443,5500
North Macedonia,MKD,1993,,,,12882,8416,9634,5515
North Macedonia,MKD,1994,,,,13050,7545,9664,5671
North Macedonia,MKD,1995,,,,9976,6900,9335,5200
North Macedonia,MKD,1996,,,,9536,6704,9400,5000
North Macedonia,MKD,1997,,,,6588,7287,8709,5187
North Macedonia,MKD,1998,,,,5613,5835,8832,5509
North Macedonia,MKD,1999,,,,4396,6738,9189,4800
North Macedonia,MKD,2000,,,,4500,6300,9300,4840
North Macedonia,MKD,2001,,,,5900,6900,8400,4702
North Macedonia,MKD,2002,,,,4637,6738,10626,3992
North Macedonia,MKD,2003,,,,5895,8691,9609,4116
North Macedonia,MKD,2004,,,,7030,8824,9373,3189
North Macedonia,MKD,2005,,,,6857,7604,8897,3809
North Macedonia,MKD,2006,,,,7198,7132,8633,3715
North Macedonia,MKD,2007,,,,6495,7121,8856,3524
North Macedonia,MKD,2008,,,,5204,7018,8703,3012
North Macedonia,MKD,2009,,,,5225,7307,8291,3319
North Macedonia,MKD,2010,,,,5000,7100,8000,3236
North Macedonia,MKD,2011,,,,6370,5301,8340,1621
North Macedonia,MKD,2012,,,,5600,4981,10598,1945
North Macedonia,MKD,2013,,,,4725,5485,8845,1801
North Macedonia,MKD,2014,,,,4727,5522,9886,2011
North Macedonia,MKD,2015,,,,3980,4875,10826,1729
North Macedonia,MKD,2016,,,,3737,3962,12786,1509
North Macedonia,MKD,2017,,,,3422,4636,13105,1716
North Macedonia,MKD,2018,,,,3446,4381,12929,1499
North Macedonia,MKD,2019,,,,3392,4083,13384,1490
North Macedonia,MKD,2020,,,,3183,3886,14930,1494
North Macedonia,MKD,2021,,,,3097,4214,15578,1695
North Macedonia,MKD,2022,,,,3992,4415,13493,1942
North Macedonia,MKD,2023,,,,3891,4024,12080,2074
North Macedonia,MKD,2024,,,,3418,4135,11880,1997
Northern Africa (FAO),,1961,5000,2592,34428,236486,377221,3652,130694
Northern Africa (FAO),,1962,5000,3032,35633,226441,382773,3326,132473
Northern Africa (FAO),,1963,5200,2562,37699,219086.02,387916,2586,136216
Northern Africa (FAO),,1964,5200,2795,40134,229393.52,391479,2292,141565
Northern Africa (FAO),,1965,5400,3298,45216,242857.03,411936,2125,144975
Northern Africa (FAO),,1966,5800,2600,55252,253768.3,432815,1891,148323
Northern Africa (FAO),,1967,5700,2850,55689,264236,453809,2125,153907
Northern Africa (FAO),,1968,5700,2920,52843,280285,509551,2359.76,158180
Northern Africa (FAO),,1969,5800,3140,54456,289487,509461,3279.68,162704
Northern Africa (FAO),,1970,5900,4278,55948,296436,502917,3150,170169
Northern Africa (FAO),,1971,6000,5565,53578,307344,522211,3630,175974
Northern Africa (FAO),,1972,6100,5947,57261,317871,540838,3864,191475
Northern Africa (FAO),,1973,6200,7025,57730,328277,557034,3681,197461
Northern Africa (FAO),,1974,6400,5707,53587,335002,570688,3028,204682
Northern Africa (FAO),,1975,6500,4755,50192,339794,579389,2635,219176
Northern Africa (FAO),,1976,6600,5080,53159,336585,588760,3136,241427.4
Northern Africa (FAO),,1977,6600,6381,53152,349630,636720,3171,257401.2
Northern Africa (FAO),,1978,6700,4862,48863,370503,653850,3024,275205.2
Northern Africa (FAO),,1979,6000,6162,49353,381247,670372,3128,284007.4
Northern Africa (FAO),,1980,6000,6700,55565,398129,703125,3275,315280.6
Northern Africa (FAO),,1981,6000,8320,50010,414703,754843,3630,354585.4
Northern Africa (FAO),,1982,6000,6470,64875,384089,743980,3429,416970
Northern Africa (FAO),,1983,6000,5690,65458,404300,726900,3400,482934
Northern Africa (FAO),,1984,10000,3540,70753,425790,739500,3532,577327
Northern Africa (FAO),,1985,13600,3205,70195,424080,713100,3586,589274
Northern Africa (FAO),,1986,21900,2938,54588,407028,732160,3685,635140
Northern Africa (FAO),,1987,27200,3177,45565,462543,740552,3270,699285
Northern Africa (FAO),,1988,32200,3600,54501.1,512463,774537,3244,681121
Northern Africa (FAO),,1989,35300,3600,60484.93,530103,809187,3063,718197
Northern Africa (FAO),,1990,35104,3664,61391.43,525987,819561,3432,741472
Northern Africa (FAO),,1991,37350,2960,67224.13,550837.9,956402,3466,723821
Northern Africa (FAO),,1992,38205.13,2863,75385,623239.94,959600,3889,765620.25
Northern Africa (FAO),,1993,40279.64,2764.37,73400,669535.56,976300,3887,785976.8
Northern Africa (FAO),,1994,41315,2671,82917.12,704257.4,1004748,3782,849505.5
Northern Africa (FAO),,1995,41424.01,2571.4,91291.37,758816.3,1028550,3815,931232.8
Northern Africa (FAO),,1996,42504.63,2513.42,101208.34,768052.2,990347,3858,1002449.94
Northern Africa (FAO),,1997,43492.11,2476.47,103985.58,812456,1044200,3971,1169714.5
Northern Africa (FAO),,1998,44576.6,2477.51,110152.55,871904.1,1079200,3843,1204447.6
Northern Africa (FAO),,1999,45663.09,2481.54,124015.6,911392.06,1141180,3887,1247062.8
Northern Africa (FAO),,2000,46541.38,2527.55,123827.59,929241.75,1194600,3993,1288954.8
Northern Africa (FAO),,2001,47641.92,2555.43,125842.14,955315,1183400,3883,1350863.6
Northern Africa (FAO),,2002,48438.67,2391.09,121768.73,965577.25,1344900,3578,1502581.4
Northern Africa (FAO),,2003,49470.36,2494.63,121246.91,966712.4,1318400,3483,1480957.1
Northern Africa (FAO),,2004,50381,2424.4,123938.83,979192.75,1326100,3878,1484009.1
Northern Africa (FAO),,2005,51350.67,2585.02,93962.54,1046093.4,1384400,2880,1538298.5
Northern Africa (FAO),,2006,52142.56,2639.07,133343.9,1043531.5,1413400,3893,1537361.8
Northern Africa (FAO),,2007,53194.39,2495.42,130550.59,1061227.6,1444200,3379,1741229.1
Northern Africa (FAO),,2008,53978.58,2570.15,142588.45,1076075.8,1509502,3078,1739745.4
Northern Africa (FAO),,2009,55196.5,2246.95,150434.05,1087268.4,1546567,1406,1790618.5
Northern Africa (FAO),,2010,56240.53,2451.71,155857.03,1102730,1578379,1403,1960010.6
Northern Africa (FAO),,2011,57280,2314,170400.98,1163868.9,1579628,1328.12,2041919.8
Northern Africa (FAO),,2012,48479.46,2314,174994.83,1051647.6,1608208,1344.97,2098054.5
Northern Africa (FAO),,2013,49393.07,2364,176617.58,1050048,1638418,1370.86,2251890
Northern Africa (FAO),,2014,50241.78,2298.65,178617.58,1071681.9,1634802,1420.41,2433847
Northern Africa (FAO),,2015,51077.5,2531.59,178891.56,1118841.4,1669464.8,1234.18,2534613
Northern Africa (FAO),,2016,51945.88,2721.86,179361.34,1154079.8,1684796.8,1268.55,2477221
Northern Africa (FAO),,2017,52813.12,2800.2,183656.39,1145031.2,1637819.9,1342.38,2886037.2
Northern Africa (FAO),,2018,53687.01,2774.14,174057.8,1132556.8,1659303.4,1484.59,2963136
Northern Africa (FAO),,2019,54562.8,2770.87,183202.3,1121258.9,1516168.8,1622.19,3226911.5
Northern Africa (FAO),,2020,55437.13,2747.55,182469.7,1147173.5,1457204,1689.54,3749058
Northern Africa (FAO),,2021,56317.22,2553.05,196592.5,1158698.6,1478709.5,1605.12,4023064
Northern Africa (FAO),,2022,55444.06,2540.25,199357.66,1148210.2,1494509.8,1579.56,3667587
Northern Africa (FAO),,2023,56316.25,2418.5,199974.12,1150821.9,1352628.4,1585.84,3883679.2
Northern Africa (FAO),,2024,57188.64,2350.24,204642.8,1121441.6,1324525.1,1557.11,4375405.5
Northern America (FAO),,1961,217000,26750,,393058,8081045,5708150,3562584
Northern America (FAO),,1962,202000,20500,,381379,8076423,5904120,3488931
Northern America (FAO),,1963,205000,18250,,363574,8588641,6174200,3645156
Northern America (FAO),,1964,215000,17500,,338356,9608638,6256390,3792676
Northern America (FAO),,1965,217000,17000,,306381,9824512,5604130,4032861
Northern America (FAO),,1966,220000,23250,,304445,10218820,5699197,4404120
Northern America (FAO),,1967,222000,23250,,302749,10376324,6361056,4587244
Northern America (FAO),,1968,224000,26500,,281638,10680938,6569960,4486507
Northern America (FAO),,1969,226000,24000,,257237,10734394,6490778,4743272
Northern America (FAO),,1970,229000,23750,,257427,10953439,6835720,5091618
Northern America (FAO),,1971,231000,22750,,259671,11078537,7518150,5111424
Northern America (FAO),,1972,230000,27250,,254603,11271645,6963680,5353041
Northern America (FAO),,1973,236000,59250,,242147,10719232,6547090,5290843
Northern America (FAO),,1974,238000,68750,,218398,11668681,7029011,5313197
Northern America (FAO),,1975,235000,81750,,193753,12358942,5872301,5132875
Northern America (FAO),,1976,230000,90750,,175041,13331750,6274537,5766951
Northern America (FAO),,1977,230000,97250,,164726,12986701,6656474,5859297
Northern America (FAO),,1978,230000,99750,,144986,12344803,6816404,6166991
Northern America (FAO),,1979,230000,95317,,137650,10872455,7897285,6802036
Northern America (FAO),,1980,220000,87180,,149486,10969696,8570056,7014183
Northern America (FAO),,1981,220000,71860,,159760,11366663,8215910,7434018
Northern America (FAO),,1982,215000,53550,,173333,11450155,7460080,7458622
Northern America (FAO),,1983,215000,38750,,179014,11778456,7925110,7632469
Northern America (FAO),,1984,200000,43050,,181262,11917722,7762370,7938585
Northern America (FAO),,1985,200000,50000,,170205,12024790,7803820,8343653
Northern America (FAO),,1986,200000,71750,,161483,12320240,7472920,8834695
Northern America (FAO),,1987,200000,94000,,150910,11837380,7641800,9711078
Northern America (FAO),,1988,200000,108750,,160428,11826380,8295600,10074356
Northern America (FAO),,1989,200000,114875,,166332,11584930,8349154,10730910
Northern America (FAO),,1990,195894,113500,,173940,11365100,8087849,11491952
Northern America (FAO),,1991,199930,101250,,183465.45,11182024,8353716.5,12067678
Northern America (FAO),,1992,206952,87750,,178205.7,11293789,9024467,12752443
Northern America (FAO),,1993,205850,66500,,172586.69,11331276,8944862,13309098
Northern America (FAO),,1994,215568,43500,,158961.64,11354323,9256614,14215312
Northern America (FAO),,1995,220595,42750,,148635.62,11989527,9371486,14812293
Northern America (FAO),,1996,218617,40000,,140540.66,12457928,8991456,15590925
Northern America (FAO),,1997,218978,41000,,135377.75,12668346,9092518,16057804
Northern America (FAO),,1998,228697,37250,,130561.75,12744003,10016865,16294132
Northern America (FAO),,1999,233748,44000,,133561.02,12948083,10320935,17207364
Northern America (FAO),,2000,233833,44500,,128412.37,13280023,10236926,17640290
Northern America (FAO),,2001,231307,58175,,125548.41,13457363,10422424,18109988
Northern America (FAO),,2002,238910,48000,,126305.98,13187561,10786156,18627664
Northern America (FAO),,2003,235904,53000,,118218.46,13538162,10937630,18813256
Northern America (FAO),,2004,228544,34550,,105920,13447777,11247456,19335720
Northern America (FAO),,2005,230074,41500,,102370,12650592,11310283,19997772
Northern America (FAO),,2006,239357,44250,,111997,12571545,11458359,20138872
Northern America (FAO),,2007,245104,25444.19,,111556,13187276,11868618,20594982
Northern America (FAO),,2008,250741,30000,,110686,13334502,12551579,21110520
Northern America (FAO),,2009,249561,25000,,108705,13330685,12391849,20165394
Northern America (FAO),,2010,248400,25600,,103980,13059578,12123876,20800948
Northern America (FAO),,2011,248400,27000,,98650,13075949,12306055,21017252
Northern America (FAO),,2012,252624.58,28500,,99967,12942094,12558620,21029516
Northern America (FAO),,2013,254583.81,26343.32,,100175,12812603,12505995,21343170
Northern America (FAO),,2014,256062.11,22798.08,,99132,12766707,12330987,21675974
Northern America (FAO),,2015,257344.8,21593.93,,96133.55,11834858,13184888,22335784
Northern America (FAO),,2016,258751.39,21606.22,,95440.65,12619213,13401062,22855332
Northern America (FAO),,2017,260000,21168.95,,93093.2,13146512,13738581,23332916
Northern America (FAO),,2018,261629.81,20400.23,,97029.47,13521809,14067324,23778346
Northern America (FAO),,2019,263520.2,19974.21,,96046.84,13726643,14716074,24407492
Northern America (FAO),,2020,265235.16,18683.66,,90942.3,13718786,15144543,22946010
Northern America (FAO),,2021,268041.44,18953.07,,90447.66,14117136,14845580,23303012
Northern America (FAO),,2022,268656.53,18698.27,,87857.74,14302192,14509236,23804270
Northern America (FAO),,2023,270043.38,18627.42,,88176.9,13629810,14678007,24029820
Northern America (FAO),,2024,271430.2,18554.41,,90211.75,13581112,14886675,24136300
Northern Europe (FAO),,1961,13800,21769,,338136,1447109,1735304,454292
Northern Europe (FAO),,1962,15100,21208,,335531,1519807,1859052,467233
Northern Europe (FAO),,1963,14700,22628,,325799,1564510,1875501,465010
Northern Europe (FAO),,1964,15500,25823,,335483,1456155,1971689,503575
Northern Europe (FAO),,1965,16000,25167,,324903,1404608,2143568,514422
Northern Europe (FAO),,1966,15500,23430,,355868.8,1515731.1,2090400,550407
Northern Europe (FAO),,1967,15500,22571,,347171.9,1677023.4,2028144,592735
Northern Europe (FAO),,1968,15300,20426,,330511.8,1605533.6,2065766,665196
Northern Europe (FAO),,1969,15400,18276,,290007.5,1601395.1,2119433,696742
Northern Europe (FAO),,1970,13200,16767,,304529.94,1681507.4,2189026,728207
Northern Europe (FAO),,1971,13400,15333,,308149.94,1678498.2,2359750,745929
Northern Europe (FAO),,1972,15700,14247,,300525.84,1570949.9,2386014,833951
Northern Europe (FAO),,1973,16400,12025,,311690.4,1534080,2362476,849836
Northern Europe (FAO),,1974,17960,10844,,334529.78,1985013,2333569,842693
Northern Europe (FAO),,1975,17240,12635,,343501.66,2198469,2135379,813214
Northern Europe (FAO),,1976,18880,15646,,319880.62,1953799,2196374,892936
Northern Europe (FAO),,1977,21100,19045,,299642.5,1973667,2302825,925690
Northern Europe (FAO),,1978,23929,16627,,309236.38,1979474.8,2363411,934669
Northern Europe (FAO),,1979,26661,13908,,311967.62,2025885.8,2543039,967946
Northern Europe (FAO),,1980,30587,14701,,359100.62,2137340.8,2622030,972070
Northern Europe (FAO),,1981,34010,16408,,345990.34,1953628.8,2646521,977833
Northern Europe (FAO),,1982,38710,17551,,350078.1,1901433.8,2685641,1048890
Northern Europe (FAO),,1983,36004,16272,,371408.1,1988211.1,2797068,1034758
Northern Europe (FAO),,1984,36318,14616.2,,374446.25,2153980.8,2705375,1059478
Northern Europe (FAO),,1985,36536,13120.7,,398194.4,2224894.5,2778932,1130436
Northern Europe (FAO),,1986,30568,10689.7,,382617.22,2165685.8,2834803,1206703
Northern Europe (FAO),,1987,32278,9885.7,,389539.56,2179263.2,2859840,1262871
Northern Europe (FAO),,1988,34549,8132.7,,414495,1943779.6,2897475,1336068
Northern Europe (FAO),,1989,31774,7854.1,,471148,1943159.1,2819244,1279083
Northern Europe (FAO),,1990,31429,7001,,498532,2067666.8,2875184,1319828
Northern Europe (FAO),,1991,36435,7416,,511187.47,2125101.2,2963441,1392460
Northern Europe (FAO),,1992,35541,9359,,537582.4,2478957.8,3427628,1671139.8
Northern Europe (FAO),,1993,35876,9208,,546063.3,2260275.5,3484966,1723882.8
Northern Europe (FAO),,1994,33702.73,9013,,532750.4,2134074.8,3535240,1825144.9
Northern Europe (FAO),,1995,32924,8575,,526038.4,2152197.8,3488748,1883920.9
Northern Europe (FAO),,1996,32175,8094,,505331.4,1880343.4,3465812,1946486.2
Northern Europe (FAO),,1997,32288.38,8847,,458939.4,1906611.6,3603507,2019886.5
Northern Europe (FAO),,1998,33107,8090,,501977.66,1912832.5,3795618,2071686.6
Northern Europe (FAO),,1999,34512,9071,,522319.34,1934512.9,3711539,2096230.6
Northern Europe (FAO),,2000,34006.72,9458,,507419.75,1884459.1,3457674,2085942
Northern Europe (FAO),,2001,33364.25,9290,,386297.3,1780874.1,3433942,2182625.5
Northern Europe (FAO),,2002,33354.47,10101,,415427.62,1791361.6,3511447,2202163.2
Northern Europe (FAO),,2003,33918.63,9107,,407476.84,1816322.9,3457525,2211265
Northern Europe (FAO),,2004,32774.79,8815,,426765.4,1843013,3508654,2220079
Northern Europe (FAO),,2005,31647.88,8208,,447599.4,1844353.2,3485055,2252738
Northern Europe (FAO),,2006,29989.05,8069,,446536,1911547,3434554,2174753
Northern Europe (FAO),,2007,30831.22,7950,,437116,1997363,3531091,2137500.5
Northern Europe (FAO),,2008,32043.41,8848.83,,433729,1912183,3429561,2136991.5
Northern Europe (FAO),,2009,33166.61,9289.84,,411556,1865644,3251151,2153100.2
Northern Europe (FAO),,2010,33383.81,10279.21,,378302,1982978,3407207,2284597
Northern Europe (FAO),,2011,34670,11801.34,,392294,1996454,3526518,2282710.5
Northern Europe (FAO),,2012,33828.6,13606.49,,371301,1866301,3462699,2348450.5
Northern Europe (FAO),,2013,33710.54,13052.88,,390076,1853422,3397179,2416700.2
Northern Europe (FAO),,2014,32699.15,11918.44,,400491.06,1949519,3432190,2427044.8
Northern Europe (FAO),,2015,31362.03,12129.44,,407386.78,1959866,3514310,2512332
Northern Europe (FAO),,2016,31144.84,12401.83,,399934.12,2014405,3502074,2619368.5
Northern Europe (FAO),,2017,31092.4,12016.72,,416111.2,2026427,3443331,2718610.8
Northern Europe (FAO),,2018,11335.6,11195.02,,407557.78,2063366,3529383,2788417.8
Northern Europe (FAO),,2019,11382.29,11027.93,,419317.34,2049994,3474615,2813966.2
Northern Europe (FAO),,2020,12063.31,10606.88,,407925.1,2076156,3623119,2915213.5
Northern Europe (FAO),,2021,12073.4,10360.33,,391283.1,2012735,3825812,2917347.2
Northern Europe (FAO),,2022,12082.09,11085.6,,402283.25,2052712,3701595,2886296.2
Northern Europe (FAO),,2023,11147.74,12327.97,,397030.34,2011218,3195528,2894795
Northern Europe (FAO),,2024,11213.39,11626.97,,367371.47,2041107,3283315,2944813.2
Norway,NOR,1961,3000,2539,,15085,54761,54997,2477
Norway,NOR,1962,3000,2591,,15904,58532,56998,2648
Norway,NOR,1963,3000,2745,,15430,55839,51880,2465
Norway,NOR,1964,3000,2944,,15839,57007,54139,2535
Norway,NOR,1965,3000,2710,,16676,55558,58152,3222
Norway,NOR,1966,3000,2661,,17625,57164,58017,3377
Norway,NOR,1967,3000,2324,,18663,53594,58469,3905
Norway,NOR,1968,3000,2127,,18292,53939,62428,4726
Norway,NOR,1969,3000,2062,,17977,59598,65566,5332
Norway,NOR,1970,3000,1676,,17337,57181,64750,6187
Norway,NOR,1971,2000,1304,,16424,56530,69362,7149
Norway,NOR,1972,4000,1092,,15945,56515,75909,7401
Norway,NOR,1973,4000,785,,15649,61607,75890,8146
Norway,NOR,1974,4000,726,,16724,67845,78230,9323
Norway,NOR,1975,3200,867,,16723,68742,75761,8385
Norway,NOR,1976,3800,843,,16287,61434,74924,7839
Norway,NOR,1977,4100,863,,17843,67393,79070,8759
Norway,NOR,1978,3929,854,,18518,69405,76341,10252
Norway,NOR,1979,4361,812,,19484,72538,78932,11017
Norway,NOR,1980,4720,770,,19053,70306,83109,12168
Norway,NOR,1981,5268,887,,21535,76448,82971,11969
Norway,NOR,1982,5561,735,,24007,81325,81439,9904
Norway,NOR,1983,5889,670,,23536,75810,81313,10655
Norway,NOR,1984,5831,689,,24759,70600,84152,10875
Norway,NOR,1985,5983,723,,25087,74100,83770,12146
Norway,NOR,1986,5800,755,,25752,75400,85123,13241
Norway,NOR,1987,5800,758,,26140,77566,92321,14605
Norway,NOR,1988,5900,800,,24877,76565,89795,17744
Norway,NOR,1989,2809,864,,24438,76332,83821,19803
Norway,NOR,1990,2573,848,,24812,82802,83326,19816
Norway,NOR,1991,7270,871,,22576,79155,85469,20104
Norway,NOR,1992,7840,935,,23149,83496,91140,22617
Norway,NOR,1993,8610,886,,24350,82832,90083,22718.61
Norway,NOR,1994,7580,823,,25154,86730,91135,25647
Norway,NOR,1995,7040,722,,25181,84108,95824,28633
Norway,NOR,1996,7060,657,,25893,85122,103327,32381
Norway,NOR,1997,7430,589,,24654,88130,105390,33390
Norway,NOR,1998,7790,615,,23428,90890,106377,31111
Norway,NOR,1999,8050,607,,22955,95344,109143,36281
Norway,NOR,2000,7640,587,,23571,90568,102846,42923
Norway,NOR,2001,7500,635,,24564,85806,108727,42205
Norway,NOR,2002,7580,637,,25227,85637,103998,45881
Norway,NOR,2003,7660,569,,24640,85314,106007,49043
Norway,NOR,2004,7460,534,,26376,86572,113487,54236
Norway,NOR,2005,7400,467,,26227,87393,112793,56472
Norway,NOR,2006,7610,425,,25450,87643,116345,62518
Norway,NOR,2007,7670,384,,23711,84678,117735,70036
Norway,NOR,2008,7830,362,,24421,86447,122692,84025
Norway,NOR,2009,7860,441,,24222,84787,131977,81737
Norway,NOR,2010,8050,416,,24748,83508,137566,84785
Norway,NOR,2011,7930,431,,23638,81638,139799,84701
Norway,NOR,2012,7110,367,,23065,77982,131559,91156
Norway,NOR,2013,7300,295,,23766,83696,127516,104029
Norway,NOR,2014,7108,153,,24446,78732,128820,106075
Norway,NOR,2015,6714,92,,25844,79672,134669,92524
Norway,NOR,2016,6523,71,,26291,81676,137716,98285
Norway,NOR,2017,6812,61,,27801,85196,137250,100962
Norway,NOR,2018,6640,56,,27328,89396,137316,98158
Norway,NOR,2019,6715,31,,24628,87008,132242,106833
Norway,NOR,2020,7412,16,,24910,85295,131036,106987
Norway,NOR,2021,7389,13,,24718,87736,134172,115210
Norway,NOR,2022,7389,10,,23819,92311,132606,114820
Norway,NOR,2023,6459,10,,22714,90559,131163,117149
Norway,NOR,2024,6529,9,,21934,86090,128159,120069
Oceania,OWID_OCE,1961,120500,15230.7,,1041859.94,887517.9,172854.05,58371.64
Oceania,OWID_OCE,1962,123800,15026.55,,1070366.4,1094298.5,186622.8,60655.7
Oceania,OWID_OCE,1963,126000,12789.4,,1067702.2,1230851,183526.22,60577.56
Oceania,OWID_OCE,1964,130000,12312.45,,1085484.2,1297832.8,185273.3,69810.27
Oceania,OWID_OCE,1965,133500,10354.55,,1071494.9,1307290,192853.9,84180.79
Oceania,OWID_OCE,1966,138000,11835.15,,1082979.6,1243436.9,200092.64,82113.37
Oceania,OWID_OCE,1967,141200,9493.8,,1110281.2,1186362.8,205512.9,102139.52
Oceania,OWID_OCE,1968,143860,7496.2,,1223372.9,1255724.1,214780.45,116688.42
Oceania,OWID_OCE,1969,148242,8496.15,,1235103.9,1318285,227745.2,124895.68
Oceania,OWID_OCE,1970,151689,6708.4,,1310149.8,1409224.1,243135.8,142634.94
Oceania,OWID_OCE,1971,154359,6708.1,,1390919,1454496.6,256243.1,173768.25
Oceania,OWID_OCE,1972,157384,6694.75,,1533084.9,1587738.2,266173.1,186237.67
Oceania,OWID_OCE,1973,161000,6837.75,,1271948.1,1896968.5,304224.3,186226.31
Oceania,OWID_OCE,1974,164000,6989.75,,966874.9,1739628.5,279045.2,227301.52
Oceania,OWID_OCE,1975,165000,6981.05,,1020099.56,2069290.6,244409.7,221110.11
Oceania,OWID_OCE,1976,168200,6419.25,,1102751.1,2482963.2,244204.78,237367.27
Oceania,OWID_OCE,1977,171700,6699.25,,1048207.7,2560768.2,262425.3,251512.81
Oceania,OWID_OCE,1978,173000,6696.25,,1016641.5,2760919.5,276444.3,288956.78
Oceania,OWID_OCE,1979,177500,7260.75,,1007148.2,2545801.5,274774.3,312494.94
Oceania,OWID_OCE,1980,182500,8941.5,,1110204.4,2076991.9,295770.8,352755.8
Oceania,OWID_OCE,1981,187500,21741.55,,1206386.2,1982221,308325,351536.16
Oceania,OWID_OCE,1982,191438,21374,,1135437.6,2109810.8,312620,331461.16
Oceania,OWID_OCE,1983,197200,23418,,1212391.8,2072303.5,324392.5,355903.25
Oceania,OWID_OCE,1984,202200,23418,,1134567.2,1796468,342690.5,349659.2
Oceania,OWID_OCE,1985,207800,23436.5,,1245816.6,1815569.2,355985.5,404245.3
Oceania,OWID_OCE,1986,213200,28431,,1201317.4,1871189.5,367319.84,416281.5
Oceania,OWID_OCE,1987,219080,28604,,1200847.5,2093990,376746.7,439403.6
Oceania,OWID_OCE,1988,224500,22726,,1209806.1,2178201.5,392513.56,450821.4
Oceania,OWID_OCE,1989,229394,19087.5,,1163040.4,2066603.6,404400.5,465971.1
Oceania,OWID_OCE,1990,235560,21608.25,,1168599.5,2175913.2,412706.75,482987.7
Oceania,OWID_OCE,1991,245240,22568.35,,1196051.2,2298520.2,408164.06,489495.34
Oceania,OWID_OCE,1992,262700,22857.25,,1260276.8,2354131.8,439007.75,518228.06
Oceania,OWID_OCE,1993,263400,24253.5,,1137718.6,2384475,438714.47,546619.5
Oceania,OWID_OCE,1994,272000,24347.5,,1185264.2,2405615.8,459015.66,577048.7
Oceania,OWID_OCE,1995,277100,24337.5,,1162505.9,2415507.8,471714,592959.9
Oceania,OWID_OCE,1996,277900,23374.75,,1094815.8,2409463.8,455828,615498.1
Oceania,OWID_OCE,1997,282400,23143,,1117083.1,2458791.8,466489.38,694048.1
Oceania,OWID_OCE,1998,291900,22432,,1175096.1,2622157.8,493673.84,743364.1
Oceania,OWID_OCE,1999,301250,22508,,1137251.8,2580733.8,487641.6,722669.44
Oceania,OWID_OCE,2000,301767,22425,,1231304.2,2590952.5,487491.78,766564.94
Oceania,OWID_OCE,2001,313760,21877,,1299050.5,2685181,508306.88,780380.2
Oceania,OWID_OCE,2002,325580,21986,,1179591.1,2678691.2,538720.94,862708.3
Oceania,OWID_OCE,2003,339466,21697,,1162315.4,2644834.8,551786.5,863380.3
Oceania,OWID_OCE,2004,356721,21591,,1098173.5,2838155.5,532504.75,913610.56
Oceania,OWID_OCE,2005,371792,21726,,1149072.2,2768324.8,528121.44,956941.3
Oceania,OWID_OCE,2006,393647,25329.5,,1189516.8,2842342,520817.5,1006506.56
Oceania,OWID_OCE,2007,397903,26135,,1281236.2,2814697,524276.94,1032645.9
Oceania,OWID_OCE,2008,407318,26121,,1276846.8,2783436.8,486191.34,1016965.7
Oceania,OWID_OCE,2009,407207,26581,,1173935.4,2757527.2,462099.12,1032897.1
Oceania,OWID_OCE,2010,381261,26273,,1057529.1,2781598.5,478999.34,1144152.5
Oceania,OWID_OCE,2011,402919.72,26889.5,,998740.6,2762173.5,488699,1232453.6
Oceania,OWID_OCE,2012,402900,27151.67,,1042154.56,2773744,498541.5,1290978.8
Oceania,OWID_OCE,2013,412654.3,27915.85,,1174529.5,3001205.8,500617.47,1301471
Oceania,OWID_OCE,2014,419657.66,28461.26,,1242471.1,3236136,504614.9,1363036.1
Oceania,OWID_OCE,2015,429427.62,28678.4,,1242122,3353307.2,513292.06,1380694.4
Oceania,OWID_OCE,2016,435380.06,28550.07,,1228227.1,3002937.2,516477.5,1468887.6
Oceania,OWID_OCE,2017,438898.84,27879.18,,1155360.2,2725510.5,538987.9,1534594.6
Oceania,OWID_OCE,2018,443649.28,28019.18,,1230771,2994825.8,565578.75,1539353.1
Oceania,OWID_OCE,2019,449581.78,28055.318,,1204839.6,3157842,538421.75,1535982.8
Oceania,OWID_OCE,2020,453878.44,27798.75,,1135334.8,2864054.8,559973.3,1564047.5
Oceania,OWID_OCE,2021,461399.38,25569.53,,1128930.9,2662797.2,582438.5,1638472.1
Oceania,OWID_OCE,2022,453211.5,23844.93,,1167965.9,2623726.8,575701.94,1676637.1
Oceania,OWID_OCE,2023,457333.88,22237.61,,1316630.2,2994064.5,605461.94,1728613.8
Oceania,OWID_OCE,2024,461090.34,20869.66,,1433391.1,3345909,608347.8,1804261.4
Oceania (FAO),,1961,120500,15230.7,,1041859.94,887517.9,172858.55,58373
Oceania (FAO),,1962,123800,15026.55,,1070366.4,1094298.5,186627.3,60657.22
Oceania (FAO),,1963,126000,12789.4,,1067702.2,1230850.9,183529.48,60579.4
Oceania (FAO),,1964,130000,12312.45,,1085484.2,1297832.8,185286.05,69812.6
Oceania (FAO),,1965,133500,10354.55,,1071494.9,1307290,192866.5,84183.11
Oceania (FAO),,1966,138000,11835.15,,1082979.6,1243436.9,200105.23,82115.69
Oceania (FAO),,1967,141200,9493.8,,1110281.2,1186362.8,205525.5,102141.84
Oceania (FAO),,1968,143860,7496.2,,1223372.9,1255724.1,214793.2,116690.9
Oceania (FAO),,1969,148242,8496.15,,1235103.9,1318285,227758.1,124898.4
Oceania (FAO),,1970,151689,6708.4,,1310149.8,1409224.1,243148.84,142637.81
Oceania (FAO),,1971,154359,6708.1,,1390919,1454496.6,256256.3,173771.3
Oceania (FAO),,1972,157384,6694.75,,1533084.9,1587738.2,266186.6,186240.88
Oceania (FAO),,1973,161000,6837.75,,1271948.1,1896968.5,304237.84,186229.6
Oceania (FAO),,1974,164000,6989.75,,966874.9,1739628.5,279059.3,227304.86
Oceania (FAO),,1975,165000,6981.05,,1020099.56,2069290.6,244424.7,221113.55
Oceania (FAO),,1976,168200,6419.25,,1102751.1,2482963.2,244218.28,237370.45
Oceania (FAO),,1977,171700,6699.25,,1048207.7,2560768.2,262438.8,251516.19
Oceania (FAO),,1978,173000,6696.25,,1016641.5,2760919.5,276459.9,288960.47
Oceania (FAO),,1979,177500,7260.75,,1007148.2,2545801.5,274790.8,312498.72
Oceania (FAO),,1980,182500,8941.5,,1110204.4,2076991.9,295787.9,352759.56
Oceania (FAO),,1981,187500,21741.55,,1206386.2,1982221,308343,351539.9
Oceania (FAO),,1982,191438,21374,,1135437.6,2109810.8,312638.6,331465.94
Oceania (FAO),,1983,197200,23418,,1212391.8,2072303.5,324411.7,355908.06
Oceania (FAO),,1984,202200,23418,,1134567.2,1796468,342708.5,349664
Oceania (FAO),,1985,207800,23436.5,,1245816.6,1815569.2,356004.1,404250.1
Oceania (FAO),,1986,213200,28431,,1201317.4,1871189.5,367339.06,416286.3
Oceania (FAO),,1987,219080,28604,,1200847.5,2093990,376766.5,439408.4
Oceania (FAO),,1988,224500,22726,,1209806.1,2178201.5,392533.66,450826.2
Oceania (FAO),,1989,229394,19087.5,,1163040.4,2066603.6,404420.9,465975.9
Oceania (FAO),,1990,235560,21608.25,,1168599.5,2175913.2,412727.44,482992.5
Oceania (FAO),,1991,245240,22568.35,,1196051.2,2298520.2,408183.56,489500.16
Oceania (FAO),,1992,262700,22857.25,,1260276.6,2354131.8,439027.25,518232.84
Oceania (FAO),,1993,263400,24253.5,,1137718.6,2384475,438733.97,546624.25
Oceania (FAO),,1994,272000,24347.5,,1185264.2,2405615.8,459035.25,577053.44
Oceania (FAO),,1995,277100,24337.5,,1162505.9,2415507.8,471733.5,592964.7
Oceania (FAO),,1996,277900,23374.75,,1094815.8,2409463.8,455847.5,615502.94
Oceania (FAO),,1997,282400,23143,,1117083.1,2458791.8,466508.88,694052.94
Oceania (FAO),,1998,291900,22432,,1175096.1,2622157.8,493693.34,743368.94
Oceania (FAO),,1999,301250,22508,,1137251.8,2580733.8,487661.1,722674.2
Oceania (FAO),,2000,301767,22425,,1231304.2,2590952.5,487511.3,766569.7
Oceania (FAO),,2001,313760,21877,,1299050.5,2685181,508326.38,780385
Oceania (FAO),,2002,325580,21986,,1179591.1,2678691.2,538740.4,862713.1
Oceania (FAO),,2003,339466,21697,,1162315.4,2644834.8,551806,863385.1
Oceania (FAO),,2004,356721,21591,,1098173.5,2838155.5,532524.25,913615.4
Oceania (FAO),,2005,371792,21726,,1149072.2,2768324.8,528140.94,956946.1
Oceania (FAO),,2006,393647,25329.5,,1189516.8,2842342,520837.5,1006511.56
Oceania (FAO),,2007,397903,26135,,1281236.2,2814697,524296.94,1032650.8
Oceania (FAO),,2008,407318,26121,,1276846.8,2783436.8,486210.84,1016970.5
Oceania (FAO),,2009,407207,26581,,1173935.4,2757527.2,462118.62,1032901.94
Oceania (FAO),,2010,381261,26273,,1057529.1,2781598.5,479018.84,1144157.4
Oceania (FAO),,2011,402919.72,26889.5,,998740.6,2762173.5,488718.5,1232458.4
Oceania (FAO),,2012,402900,27151.67,,1042154.56,2773744,498560.9,1290983.6
Oceania (FAO),,2013,412654.3,27915.85,,1174529.5,3001205.8,500636.84,1301475.8
Oceania (FAO),,2014,419657.66,28461.26,,1242471.1,3236136,504634.38,1363040.9
Oceania (FAO),,2015,429427.62,28678.39,,1242122,3353307.2,513311.5,1380699.2
Oceania (FAO),,2016,435380.1,28550.07,,1228227.1,3002937.2,516497,1468892.5
Oceania (FAO),,2017,438898.84,27879.18,,1155360.2,2725510.5,539009.8,1534599.5
Oceania (FAO),,2018,443649.25,28019.18,,1230771,2994825.8,565605.56,1539358
Oceania (FAO),,2019,449581.78,28055.32,,1204839.6,3157842,538456.56,1535987.6
Oceania (FAO),,2020,453878.4,27798.75,,1135334.8,2864054.8,560019.75,1564052.4
Oceania (FAO),,2021,461399.38,25569.53,,1128930.9,2662797.2,582496.4,1638477
Oceania (FAO),,2022,453211.47,23844.93,,1167965.9,2623726.8,575748.25,1676642
Oceania (FAO),,2023,457333.84,22237.61,,1316630.2,2994064.5,605508.4,1728618.6
Oceania (FAO),,2024,461090.38,20869.66,,1433391.1,3345909,608399.25,1804266.2
Oman,OMN,1961,,,420,1450,1105,,240
Oman,OMN,1962,,,420,1500,1105,,260
Oman,OMN,1963,,,420,1550,1131,,280
Oman,OMN,1964,,,420,1600,1144,,300
Oman,OMN,1965,,,420,1680,1170,,320
Oman,OMN,1966,,,420,1730,1170,,340
Oman,OMN,1967,,,420,1780,1235,,360
Oman,OMN,1968,,,420,1810,1300,,380
Oman,OMN,1969,,,420,1860,1365,,400
Oman,OMN,1970,,,420,2010,1365,,420
Oman,OMN,1971,,,420,2140,1365,,440
Oman,OMN,1972,,,420,2165,1690,,480
Oman,OMN,1973,,,441,2320,2080,,520
Oman,OMN,1974,,,441,2810,2600,,576
Oman,OMN,1975,,,525,3430,2860,,640
Oman,OMN,1976,,,630,3835,2990,,720
Oman,OMN,1977,,,840,4205,2990,,800
Oman,OMN,1978,,,1155,4282.2,3346.07,,960
Oman,OMN,1979,,,1365,5074.71,3866.2,,1120
Oman,OMN,1980,,,1680,4889.87,4274.01,,1280
Oman,OMN,1981,,,2100,6775,3398.98,,1440
Oman,OMN,1982,,,2520,8075,3764.15,,1600
Oman,OMN,1983,,,3150,11675,3510,,1760
Oman,OMN,1984,,,3150,8375,3380,,1760
Oman,OMN,1985,,,3150,9550,3250,,1840
Oman,OMN,1986,,,3255,9825,3120,,2000
Oman,OMN,1987,,,3255,10100,2860,,2160
Oman,OMN,1988,,,3549,12175,2645.5,,2400
Oman,OMN,1989,,,3780,14900,2650.05,,2800
Oman,OMN,1990,,,3990,15275,2665,,2960
Oman,OMN,1991,,,4200,16860,2808,,3120
Oman,OMN,1992,,,4305,16475,2899,,3360
Oman,OMN,1993,,,4515,16525,3055,,3600
Oman,OMN,1994,,,4578,16325,3120,,3840
Oman,OMN,1995,,,4620,16625,3454.1,,3880
Oman,OMN,1996,,,4725,18050,4011.8,,3920
Oman,OMN,1997,,,4788,18750,4231.5,,4000
Oman,OMN,1998,,,4935,16750,4446,,4080
Oman,OMN,1999,,,6132,16340,4680,,4240
Oman,OMN,2000,,,6237,17650,3936.4,,4320
Oman,OMN,2001,,,6342,19300,4048.2,,4800
Oman,OMN,2002,,,6447,21050,4148.3,,5600
Oman,OMN,2003,,,6510,22000,4148.3,,5760
Oman,OMN,2004,,,6552,24550,4160,,5840
Oman,OMN,2005,,,6552,27550,4810,,5840
Oman,OMN,2006,,,6750,26150,5200,,5668.54
Oman,OMN,2007,,,6800,26390,7410,,5840
Oman,OMN,2008,,,6720,33750,8450,,5880
Oman,OMN,2009,,,6720,34000,11440,,5920
Oman,OMN,2010,,,7350,34740,14950,,5944
Oman,OMN,2011,,,7665,35775,14950,,6040
Oman,OMN,2012,,,7770,36610,15340,,6120
Oman,OMN,2013,,,13986,46675,20800,,6144
Oman,OMN,2014,,,14254.39,44203.12,17361.56,,6192.5
Oman,OMN,2015,,,14637.89,40739.62,13887.77,,6397.41
Oman,OMN,2016,,,14910.92,46162.68,14165.58,,6351.2
Oman,OMN,2017,,,15284.43,47091.02,14448.85,,6434.23
Oman,OMN,2018,,,14193.64,46861.95,11260,,6620
Oman,OMN,2019,,,16072.35,46808.15,15030,,6700
Oman,OMN,2020,,,16465.34,48081.62,15330,,6550
Oman,OMN,2021,,,16710.87,49203.86,15161.97,,6564.08
Oman,OMN,2022,,,17031,50657.27,15312.79,,6799.07
Oman,OMN,2023,,,17312.1,51595.15,15556.81,,6843.61
Oman,OMN,2024,,,17716.36,52222.14,16137.69,,6900.32
Pakistan,PAK,1961,,,,104200,241800,,9890
Pakistan,PAK,1962,,,,108700,248200,,10403
Pakistan,PAK,1963,,,,113500,251270,,10903
Pakistan,PAK,1964,,,,118500,256360,,11416
Pakistan,PAK,1965,,,,124000,259430,,11916
Pakistan,PAK,1966,,,,129450,264800,,12429
Pakistan,PAK,1967,,,,132600,273000,,13242
Pakistan,PAK,1968,,,,135850,279500,,13668
Pakistan,PAK,1969,,,,138400,287500,,13994
Pakistan,PAK,1970,,,,144700,293000,,14120
Pakistan,PAK,1971,,,,151800,300000,,14396
Pakistan,PAK,1972,,,,162000,306300,,14559
Pakistan,PAK,1973,,,,176000,318000,,16585
Pakistan,PAK,1974,,,,191000,322000,,19676
Pakistan,PAK,1975,,,,207000,324000,,22780
Pakistan,PAK,1976,,,,225000,329000,,25910
Pakistan,PAK,1977,,,,246000,333000,,30053
Pakistan,PAK,1978,,,,266000,335000,,34222
Pakistan,PAK,1979,,,,288000,340000,,40417
Pakistan,PAK,1980,,,,275000,380000,,46638
Pakistan,PAK,1981,,,,289000,394000,,53651
Pakistan,PAK,1982,,,,304000,407000,,57949
Pakistan,PAK,1983,,,,319000,421000,,75752
Pakistan,PAK,1984,,,,341000,443000,,86214
Pakistan,PAK,1985,,,,365000,466000,,103774
Pakistan,PAK,1986,,,,369000,546000,,127625
Pakistan,PAK,1987,,,,395000,574000,,135890
Pakistan,PAK,1988,,,,423000,602000,,157315
Pakistan,PAK,1989,,,,453000,632000,,175510
Pakistan,PAK,1990,,,,484000,667000,,160705
Pakistan,PAK,1991,,,,519000,696000,,154900
Pakistan,PAK,1992,,,,556000,731000,,173160
Pakistan,PAK,1993,,,,595000,768000,,269290
Pakistan,PAK,1994,,,,637000,807000,,300420
Pakistan,PAK,1995,,,,683000,847000,,312550
Pakistan,PAK,1996,,,,433000,717000,,359680
Pakistan,PAK,1997,,,,434000,827000,,391680
Pakistan,PAK,1998,,,,445000,846000,,288680
Pakistan,PAK,1999,,,,456000,867000,,314680
Pakistan,PAK,2000,,,,467000,886000,,331680
Pakistan,PAK,2001,,,,666000,1009000,,343680
Pakistan,PAK,2002,,,,683000,1035000,,359680
Pakistan,PAK,2003,,,,702000,1060000,,376680
Pakistan,PAK,2004,,,,720000,1087000,,382680
Pakistan,PAK,2005,,,,739000,1115000,,388680
Pakistan,PAK,2006,,,,554000,1444000,,516880
Pakistan,PAK,2007,,,,566000,1493000,,558168
Pakistan,PAK,2008,,,,578000,1543000,,604433
Pakistan,PAK,2009,,,,591000,1596000,,655680
Pakistan,PAK,2010,,,,603000,1644000,,711940
Pakistan,PAK,2011,,,,616000,1722000,,771940
Pakistan,PAK,2012,,,,629000,1764000,,838940
Pakistan,PAK,2013,,,5618.48,643000,1824000,,911940
Pakistan,PAK,2014,,,5715.18,657000,1882000,,991940
Pakistan,PAK,2015,,,5811.98,671000,1945000,,1078941.1
Pakistan,PAK,2016,,,5810.74,686000,2011000,,1174941
Pakistan,PAK,2017,,,5898.98,701000,2079000,,1280942
Pakistan,PAK,2018,,,5990,717000,2149000,,1395947.1
Pakistan,PAK,2019,,,6070,732000,2221000,,1522953.2
Pakistan,PAK,2020,,,6150,748000,2297000,,1661956.1
Pakistan,PAK,2021,,,6230,765000,2227000,,1813941
Pakistan,PAK,2022,,,6310,782000,2301000,,1981929.5
Pakistan,PAK,2023,,,6390,799000,2379000,,2164926.5
Pakistan,PAK,2024,,,6473,817144,2636643.2,,2366923.5
Palestine,PSE,1994,,,,13225,10427.5,,46059
Palestine,PSE,1995,,,,15320,10670,,48560
Palestine,PSE,1996,,,,16372,11155,,43448
Palestine,PSE,1997,,,,13579.5,11397.5,,60359
Palestine,PSE,1998,,,,14372,11882.5,,65534
Palestine,PSE,1999,,,,13831.3,11882.5,,82312
Palestine,PSE,2000,,,,15679.07,13921.23,,73873
Palestine,PSE,2001,,,,15680.29,11047.37,,81413
Palestine,PSE,2002,,,,19295.93,8268.19,,83147
Palestine,PSE,2003,,,,28405.44,7197.61,,63013
Palestine,PSE,2004,,,,28033,5028,,57009
Palestine,PSE,2005,,,,27397,5228,,69090
Palestine,PSE,2006,,,,27345,5437,,53606
Palestine,PSE,2007,,,,26179,4886,,45187
Palestine,PSE,2008,,,,24572,5065,,47060
Palestine,PSE,2009,,,,16285,4300,,47307
Palestine,PSE,2010,,,,14795,5810,,43580
Palestine,PSE,2011,,,,16297,6190,,51170
Palestine,PSE,2012,,,,16570.5,8100,,53580
Palestine,PSE,2013,,,,16262.5,8239.19,,44871.27
Palestine,PSE,2014,,,,15487.58,11018.15,,46732.2
Palestine,PSE,2015,,,,15384.73,8696.46,,44372.17
Palestine,PSE,2016,,,,15614.24,8373.48,,56134.93
Palestine,PSE,2017,,,,15607.56,9288.19,,52414.9
Palestine,PSE,2018,,,,15275.59,12744.79,,79108.26
Palestine,PSE,2019,,,,13789.38,7600,,86000
Palestine,PSE,2020,,,,14261.66,8400,,49644.15
Palestine,PSE,2021,,,,15162.89,18280,,37290
Palestine,PSE,2022,,,,15443.57,13415.89,,34318
Panama,PAN,1961,,,,,21500,3807,4200
Panama,PAN,1962,,,,,23900,3790,3900
Panama,PAN,1963,,,,,24600,3891,3900
Panama,PAN,1964,,,,,25100,3124,4200
Panama,PAN,1965,,,,,27400,3280,4800
Panama,PAN,1966,,,,,29700,3688,5100
Panama,PAN,1967,,,,,30400,3710,4781
Panama,PAN,1968,,,,,31400,3705,5240
Panama,PAN,1969,,,,,33000,4428,6384
Panama,PAN,1970,,,,,34400,4667,6841
Panama,PAN,1971,,,,,37700,4167,8540
Panama,PAN,1972,,,,,40670,3861,8143
Panama,PAN,1973,,,,,38781,4887,8123
Panama,PAN,1974,,,,,40944,5084,8878
Panama,PAN,1975,,,,,44623,5425,8417
Panama,PAN,1976,,,,,48185,5350,10819
Panama,PAN,1977,,,,,47650,5984,9969
Panama,PAN,1978,,,,,41471,6454,11457
Panama,PAN,1979,,,,,39480,6515,12117
Panama,PAN,1980,,,,,43170,7524,19022
Panama,PAN,1981,,,,,47950,8257,21733
Panama,PAN,1982,,,,,55130,8635,20068
Panama,PAN,1983,,,,,55640,9258,22178
Panama,PAN,1984,,,,,57122,10060,24352
Panama,PAN,1985,,,,,59297,11811,24078
Panama,PAN,1986,,,,,59488,13317,24986
Panama,PAN,1987,,,,,57852,10454,28341
Panama,PAN,1988,,,,,54268,9640,22322
Panama,PAN,1989,,,,,57201,9680,23963
Panama,PAN,1990,,,,,64248,11532,25313
Panama,PAN,1991,,,,,61340,12268,53176
Panama,PAN,1992,,,,,60894,14567,44047
Panama,PAN,1993,,,,,62296,15569,43246
Panama,PAN,1994,,,,,59795,15981,41363
Panama,PAN,1995,,,,,61015,16783,58629
Panama,PAN,1996,,,,,65642,18769,53425
Panama,PAN,1997,,,,,71442,18755,65056
Panama,PAN,1998,,,,,75500,19233,80922
Panama,PAN,1999,,,,,71459,21060,72109
Panama,PAN,2000,,,,,69568,21590,81316
Panama,PAN,2001,,,,,67313,17857,87946
Panama,PAN,2002,,,,,65067,18200,88720
Panama,PAN,2003,,,,,60539,20349,86935
Panama,PAN,2004,,,,,63597,20938,87420
Panama,PAN,2005,,,,,65575,21332,88494
Panama,PAN,2006,,,,,67063,25016,95853
Panama,PAN,2007,,,,,65400,30477,113158
Panama,PAN,2008,,,,,67974,34729,114852
Panama,PAN,2009,,,,,74558,31252,118670
Panama,PAN,2010,,,,,79280,29531,125872
Panama,PAN,2011,,,,,86302,32321,135749
Panama,PAN,2012,,,,,91677,34400,144694
Panama,PAN,2013,,,,,84897,34289,156124
Panama,PAN,2014,,,,,82938,34233,169449
Panama,PAN,2015,,,,,80899,35954,179886
Panama,PAN,2016,,,,,71071,39269,191779
Panama,PAN,2017,,,,,70079,40428,198136
Panama,PAN,2018,,,,,70397,44024,209313
Panama,PAN,2019,,,,,74176,26445,208968
Panama,PAN,2020,,,,,71213,27395,182681
Panama,PAN,2021,,,,,76422,30944,197594
Panama,PAN,2022,,,,,77160.46,34322.36,181401.14
Panama,PAN,2023,,,,,73813.68,34398.57,189796.77
Panama,PAN,2024,,,,,71678.08,31452.96,198283.9
Papua New Guinea,PNG,1961,120000,40.5,,12.95,480,17600,1175.31
Papua New Guinea,PNG,1962,123000,31.05,,9.3,555,18000,1232.72
Papua New Guinea,PNG,1963,125000,33.9,,5.01,660,18400,1239.42
Papua New Guinea,PNG,1964,128000,32.1,,4.74,750,18800,1243.14
Papua New Guinea,PNG,1965,130000,33.45,,5.22,900,19200,1284.21
Papua New Guinea,PNG,1966,135000,33.15,,6.3,990,19600,1301.95
Papua New Guinea,PNG,1967,138000,29.55,,5.21,1125,20200,1285.89
Papua New Guinea,PNG,1968,140000,27.9,,5.22,1335,20800,1286.07
Papua New Guinea,PNG,1969,145000,27,,5.17,1530,21400,1313.81
Papua New Guinea,PNG,1970,148000,21.9,,4.77,1477.5,22000,1372.36
Papua New Guinea,PNG,1971,150000,21.6,,5.92,1550.25,22600,1495.84
Papua New Guinea,PNG,1972,153000,18,,4.88,1875,23200,1520.8
Papua New Guinea,PNG,1973,155000,21,,7.8,2025,24000,1511.8
Papua New Guinea,PNG,1974,160000,20.25,,6,2175,24600,1618.4
Papua New Guinea,PNG,1975,162000,21,,5.94,2305.5,26000,1623.3
Papua New Guinea,PNG,1976,165000,21,,21.38,2582.85,28000,1735.8
Papua New Guinea,PNG,1977,168000,21,,9.82,2775,28400,1848.3
Papua New Guinea,PNG,1978,170000,18,,12.45,2100,29000,1987.3
Papua New Guinea,PNG,1979,175000,22.5,,13.5,2235,30000,2138.3
Papua New Guinea,PNG,1980,180000,22.5,,13.35,2190,30400,2714.1
Papua New Guinea,PNG,1981,185000,25.5,,14.93,2130,30800,3509.2
Papua New Guinea,PNG,1982,190000,24,,13.77,2085,31600,2798.2
Papua New Guinea,PNG,1983,195000,24,,12.53,2085,32400,2818.4
Papua New Guinea,PNG,1984,200000,24,,12.75,2085,32800,3055.7
Papua New Guinea,PNG,1985,205000,25.5,,19.95,2400,33600,3313.5
Papua New Guinea,PNG,1986,210000,24,,20.4,2100,34000,3583.2
Papua New Guinea,PNG,1987,215000,27,,20.02,2100,34400,3863.5
Papua New Guinea,PNG,1988,220000,27,,20.4,2100,35016,3934.2
Papua New Guinea,PNG,1989,225000,28.5,,20.77,2100,35600,4015.2
Papua New Guinea,PNG,1990,230000,29.25,,22.26,2100,36184,4222.2
Papua New Guinea,PNG,1991,235000,30,,27.15,2205,36192,4376.2
Papua New Guinea,PNG,1992,240000,30.75,,27.15,2160,39800,4502.2
Papua New Guinea,PNG,1993,245000,31.5,,34.88,2250,44000,4827.5
Papua New Guinea,PNG,1994,250000,37.5,,25.35,2370,48000,4909.5
Papua New Guinea,PNG,1995,255000,37.5,,25.35,2430,52000,4963.5
Papua New Guinea,PNG,1996,260000,33.75,,24.3,2505,53200,5055.8
Papua New Guinea,PNG,1997,265000,36,,31.05,2475,56000,5236.8
Papua New Guinea,PNG,1998,270000,45,,32.7,2550,58000,5328.1
Papua New Guinea,PNG,1999,275000,45,,32.7,2550,58000,5331.4
Papua New Guinea,PNG,2000,280000,45,,33.75,2700,58000,5421.4
Papua New Guinea,PNG,2001,290000,27,,34.05,3000,64000,5423.7
Papua New Guinea,PNG,2002,300000,45,,39,3000,68000,5605
Papua New Guinea,PNG,2003,310000,45,,41.25,3075,68000,5696
Papua New Guinea,PNG,2004,320000,45,,41.25,3105,68000,5697.3
Papua New Guinea,PNG,2005,330000,45,,41.25,3135,68000,5697.33
Papua New Guinea,PNG,2006,355000,45,,38.25,3165,68000,5877.3
Papua New Guinea,PNG,2007,365000,45,,38.25,3210,70000,5877.3
Papua New Guinea,PNG,2008,375000,45,,38.25,3210,70000,5968.6
Papua New Guinea,PNG,2009,380000,46.5,,39,3210,72000,5969.6
Papua New Guinea,PNG,2010,360000,48,,41.4,3225,74000,5879.9
Papua New Guinea,PNG,2011,380000,49.5,,43.2,3240,76000,5973.2
Papua New Guinea,PNG,2012,380000,45.67,,44.85,3300,77000,6155.38
Papua New Guinea,PNG,2013,388942.3,45.65,,42.45,3265.3,74400,6318.94
Papua New Guinea,PNG,2014,395508,45.01,,41.47,3274.43,75259.69,6319.59
Papua New Guinea,PNG,2015,406964.66,45.02,,41.52,3180.32,76154.79,6346.41
Papua New Guinea,PNG,2016,411938.53,44.86,,41.66,3062.17,76329.74,6398.2
Papua New Guinea,PNG,2017,416194.47,44.75,,41.54,2510.57,76837.64,6479.93
Papua New Guinea,PNG,2018,421582.62,44.36,,41.31,2519.89,76966.4,6554.05
Papua New Guinea,PNG,2019,427215.8,44.22,,41.56,2469.72,77575.37,6626.18
Papua New Guinea,PNG,2020,432463.8,43.4,,41.53,2430.93,77989.25,6685.56
Papua New Guinea,PNG,2021,439976.1,43.7,,41.7,2429.54,77573.7,6778.02
Papua New Guinea,PNG,2022,433023.34,43.7,,41.54,2377.35,77523.61,6825.82
Papua New Guinea,PNG,2023,438539.25,43.81,,41.56,2337.08,77683.44,6890.39
Papua New Guinea,PNG,2024,443985.25,43.92,,41.57,2296.49,77843.38,6951.55
Paraguay,PRY,1961,,2700,,1645,123200,25800,5755.61
Paraguay,PRY,1962,,2700,,1620.5,115300,26214,5894.9
Paraguay,PRY,1963,,2700,,1662.5,105000,28584,6041.7
Paraguay,PRY,1964,,4662,,1711.5,112500,30882,6197.5
Paraguay,PRY,1965,,1980,,1626.73,123400,32568,6855.3
Paraguay,PRY,1966,,5040,,1639.55,122800,34624.74,6670.33
Paraguay,PRY,1967,,9090,,1650.5,122900,36807,6992.4
Paraguay,PRY,1968,,14508,,1610.5,118340,38574,6936
Paraguay,PRY,1969,,10152,,1613,115620,40392,6829
Paraguay,PRY,1970,,6462,,1578,128400,42324,6932.84
Paraguay,PRY,1971,,4230,,1563,129300,44358,7429.07
Paraguay,PRY,1972,,4950,,1578.3,130500,46578,7774.1
Paraguay,PRY,1973,,7182,,1610.5,113200,48906,10010.11
Paraguay,PRY,1974,,3726,,1843.5,113100,51600,10346.82
Paraguay,PRY,1975,,2124,,1965.5,98900,54900,10578.07
Paraguay,PRY,1976,,1728,,2051.85,101100,58752,10878.22
Paraguay,PRY,1977,,712.8,,2063.5,122100,61926,11587.1
Paraguay,PRY,1978,,712.8,,2412.81,114100,67806,12616.24
Paraguay,PRY,1979,,428.4,,2656.05,110000,77479.8,13636.29
Paraguay,PRY,1980,,432,,2762.27,107000,85175.4,14673
Paraguay,PRY,1981,,435.42,,2872.76,105000,93607.74,15223.9
Paraguay,PRY,1982,,436.5,,2943.5,104400,98289,15547
Paraguay,PRY,1983,,444.96,,2926.06,106000,100645.56,15762
Paraguay,PRY,1984,,459,,3030.19,112115,103664.94,16277.7
Paraguay,PRY,1985,,518.4,,3141.85,114777,106776,16791.4
Paraguay,PRY,1986,,545.4,,3157.5,117810,107304,21327.2
Paraguay,PRY,1987,,376.38,,3242.96,101484,107853.6,22465.9
Paraguay,PRY,1988,,385.74,,3307.82,131310,109471.38,23693
Paraguay,PRY,1989,,391.14,,3368.05,172000,114178.62,24513
Paraguay,PRY,1990,,360,,3421.24,189000,118125,24717.5
Paraguay,PRY,1991,,355.5,,3332.68,219000,120522.96,18588
Paraguay,PRY,1992,,313.56,,3237.97,233000,126485.04,20165
Paraguay,PRY,1993,,370.26,,3272.51,225000,126778.2,21665
Paraguay,PRY,1994,,367.8,,3291.99,189217,170389.92,30589
Paraguay,PRY,1995,,406.68,,3113.75,191187,173336.31,33578
Paraguay,PRY,1996,,513.12,,3097.52,198815,154269.28,34084
Paraguay,PRY,1997,,434.88,,3128.48,216709,156583.28,36600
Paraguay,PRY,1998,,438,,3387.5,223210,158400,37635
Paraguay,PRY,1999,,456,,3387.5,214594,160000,41635
Paraguay,PRY,2000,,504,,3219,231075,42619.53,34648
Paraguay,PRY,2001,,528,,3242.5,230884,43188.68,37787
Paraguay,PRY,2002,,600,,3273,233632,33418.45,38011
Paraguay,PRY,2003,,612,,3234,228960,36352.75,38746.5
Paraguay,PRY,2004,,636,,3663,215000,37644.91,43574
Paraguay,PRY,2005,,696,,3287,248679,36392.43,44012
Paraguay,PRY,2006,,720,,3403,300000,33879.47,46335
Paraguay,PRY,2007,,768,,3265,264829,31707.54,29810
Paraguay,PRY,2008,,744,,3200,293500,29360.97,37081
Paraguay,PRY,2009,,900,,3435,312000,30276.61,38477
Paraguay,PRY,2010,,960,,3590,343000,31175.71,39340
Paraguay,PRY,2011,,1044,,3670,348000,32132.08,40340
Paraguay,PRY,2012,,971.28,,3755,302399,33182.58,40995
Paraguay,PRY,2013,,785.76,,3795,384378,34226.73,42495
Paraguay,PRY,2014,,1330,,3784.9,467288,31760,59357.85
Paraguay,PRY,2015,,900,,3619.95,444668.3,35060,64209.94
Paraguay,PRY,2016,,710,,3873.93,468000,44560,66908.87
Paraguay,PRY,2017,,760,,2500,530492,49550,68566.4
Paraguay,PRY,2018,,860,,2550,489400,58710,73846.52
Paraguay,PRY,2019,,1127.93,,2531.84,481693,58463.09,76746.7
Paraguay,PRY,2020,,1369.89,,2582.74,515611.6,63865,77088.23
Paraguay,PRY,2021,,1456.63,,2602.97,522776,66899,77757.92
Paraguay,PRY,2022,,2105.75,,3763.11,514971,67966,78833.13
Paraguay,PRY,2023,,1593.14,,3283.66,450074.78,62263.73,81956.68
Paraguay,PRY,2024,,1701.15,,3041.13,427139.78,67180.11,81138.94
Peru,PER,1961,7000,,,38852,67019,40530,21470
Peru,PER,1962,7000,,,38784,66732,42139,22300
Peru,PER,1963,7000,,,36436,69542,44238,23635
Peru,PER,1964,6800,,,36421,81242,46883,25531
Peru,PER,1965,5000,,,36037,73974,43134,37010
Peru,PER,1966,5024,,,39470,75143,41738,39386
Peru,PER,1967,5025,,,31998,75714,42947,44144
Peru,PER,1968,4744,,,32000,77535,42819,46532
Peru,PER,1969,6927,,,32882,82587,46697,51255
Peru,PER,1970,6674,,,33216,84910,46475,57686
Peru,PER,1971,3963,,,33385,89533,53602,63610
Peru,PER,1972,3800,,,30641,85325,53594,76598
Peru,PER,1973,4000,,,30682,84513,53191,84807
Peru,PER,1974,4100,,,31155,85316,54568,105598
Peru,PER,1975,4200,,,31019,86139,54649,129915
Peru,PER,1976,4500,,,31088,86690,54898,140002
Peru,PER,1977,4800,,,32000,87000,54000,143000
Peru,PER,1978,5000,,,31800,89000,53000,118600
Peru,PER,1979,5000,,,31900,86600,52500,118400
Peru,PER,1980,5200,,,29800,83800,55000,143500
Peru,PER,1981,5300,,,28000,90100,59200,182600
Peru,PER,1982,5400,,,29375,91300,58700,204800
Peru,PER,1983,5500,,,30050,110700,57600,206287
Peru,PER,1984,5600,,,27020,103100,54500,181600
Peru,PER,1985,5600,,,25550,101445,53500,201018
Peru,PER,1986,5600,,,25150,90300,59200,229685
Peru,PER,1987,5600,,,26900,107775,65000,281000
Peru,PER,1988,5600,,,27900,116527,73500,296695
Peru,PER,1989,5600,,,29000,111755,73400,205396
Peru,PER,1990,5800,,,32550,117112,66500,245814
Peru,PER,1991,5600,,,27500,109451,68700,291814
Peru,PER,1992,6000,,,28050,110702,72800,320237
Peru,PER,1993,6100,,,26290,106582,75700,302752
Peru,PER,1994,6000,,,25550,101709,77700,317273
Peru,PER,1995,6093.69,,,26116,107106,80100,355103
Peru,PER,1996,6200,,,26570,110069,83000,386403
Peru,PER,1997,6600,,,28617,118200,86600,443940
Peru,PER,1998,6300,,,28753,123894,70679,460308
Peru,PER,1999,6200,,,36947,125064,88590,493600
Peru,PER,2000,6500,,,37335.46,130249,91554,510160.6
Peru,PER,2001,6600,,,37779.72,130269.42,93312.95,518010
Peru,PER,2002,6700,,,37230.52,134137,92530,556076
Peru,PER,2003,6800,,,38219.27,137270.7,92738,577989.2
Peru,PER,2004,6900,,,40173.73,143554.16,98880.3,578693
Peru,PER,2005,7000,,,40303.97,152497.22,104254.4,650295.9
Peru,PER,2006,7300,,,40675.6,161578.27,109010.44,710428
Peru,PER,2007,7500,,,40525,163235,114520,770444
Peru,PER,2008,7500,,,39768.89,163318,115196,877171
Peru,PER,2009,7600,,,39612.15,164704,114718,964407
Peru,PER,2010,7700,,,39800.22,171872,115655.29,1019935
Peru,PER,2011,7700,,,40405.82,179084.39,117588.09,1108345.2
Peru,PER,2012,7700,,,41551.22,186616.88,122352.94,1211139.8
Peru,PER,2013,7700,,,41345,193087.23,127684,1254348.1
Peru,PER,2014,7829.56,,,40588,196232,135390,1317426
Peru,PER,2015,8059.96,,,39064.5,196014.92,142925.31,1329855
Peru,PER,2016,8206.7,,,39782,192703,149399,1405474
Peru,PER,2017,8287.5,,,38952,188738,157824,1464548
Peru,PER,2018,8355.88,,,38638,189703,162421,1581767
Peru,PER,2019,8432.08,,,38883.2,192919.6,173258.66,1762855.6
Peru,PER,2020,8532.21,,,37316.38,183941.12,169804.69,1723497.5
Peru,PER,2021,8655.34,,,38207.23,189922.92,176149.67,1751607.8
Peru,PER,2022,8710.44,,,38465.58,192718.4,181404.62,1830723.2
Peru,PER,2023,8625.3,,,38631.39,198722.98,200449.75,1807795.5
Peru,PER,2024,8715.37,,,38577.3,203990.58,209548.9,1895781.4
Philippines,PHL,1961,,241,,2741,57000,206000,62034
Philippines,PHL,1962,,190,,2965.1,69000,233469,62281
Philippines,PHL,1963,,574,,3803.4,73000,244000,70110
Philippines,PHL,1964,,521,,3729.4,76000,258000,75038
Philippines,PHL,1965,,367,,2395.7,80000,290000,81957.5
Philippines,PHL,1966,,695,,3187,93649,317000,90522
Philippines,PHL,1967,,1367,,3302.3,83000,338000,89844.5
Philippines,PHL,1968,,1324,,2118.8,75000,360000,123302
Philippines,PHL,1969,,343,,2819.3,77000,383000,111243
Philippines,PHL,1970,,610,,4685.2,76000,369000,96034.5
Philippines,PHL,1971,,275,,3290.8,78000,374000,104916
Philippines,PHL,1972,,364,,6055.1,96000,318240,112471
Philippines,PHL,1973,,482,,8117,129000,357811,120755
Philippines,PHL,1974,,376,,8617,217000,372123,125961
Philippines,PHL,1975,,1012,,9617,125000,323000,136166.5
Philippines,PHL,1976,,3562,,9617,106000,325000,135554
Philippines,PHL,1977,,2240,,9917,109000,289000,134582.5
Philippines,PHL,1978,,1792,,11117,127000,318000,133852
Philippines,PHL,1979,,1234,,10617,124000,376890,205080
Philippines,PHL,1980,,810,,14117,127000,412000,226034
Philippines,PHL,1981,,1069,,14617,102000,455000,255790
Philippines,PHL,1982,,832,,15617,87000,392000,297427
Philippines,PHL,1983,,647,,17117,86000,452000,283598
Philippines,PHL,1984,,381,,16617,85000,569340,185320
Philippines,PHL,1985,,381,,18669,87018,396942,190798
Philippines,PHL,1986,,496.8,,19407,96240,460079,199229
Philippines,PHL,1987,,600.3,,20121,108020,500357,209526
Philippines,PHL,1988,,600.3,,25289,113495,566384,205441
Philippines,PHL,1989,,600.3,,27032,131950,638792,221263
Philippines,PHL,1990,,600.3,,26821,124550,711760,242667
Philippines,PHL,1991,,631.35,,24917,127000,845213,288220
Philippines,PHL,1992,,631.35,,25817,130000,845250,308380
Philippines,PHL,1993,,631.35,,28317,137400,880945,365687
Philippines,PHL,1994,,662.4,,29617,135700,921761,382470.5
Philippines,PHL,1995,,662.4,,30617,147454,969862,421194
Philippines,PHL,1996,,662.4,,30317,160826,1036517,478242
Philippines,PHL,1997,,693.45,,30617,188946,1085544,519791.5
Philippines,PHL,1998,,693.45,,31117,211510,1123773,514509.5
Philippines,PHL,1999,,693.45,,33260,258647,1171759,519773
Philippines,PHL,2000,,693.45,,33838,261772,1212536,557098
Philippines,PHL,2001,,693.45,,33584,255165,1265888,611952
Philippines,PHL,2002,,693.45,,33668,262471,1332347,652190
Philippines,PHL,2003,,693.45,,33124,259261,1384575,660131
Philippines,PHL,2004,,693.45,,33751,258949,1365606,682585
Philippines,PHL,2005,,693.45,,36205,249865,1415041,672385
Philippines,PHL,2006,,693.45,,44903,251822,1564957,684430
Philippines,PHL,2007,,703.8,,49649,288243,1616715,778428
Philippines,PHL,2008,,724.5,,53436,285979,1605984,844719
Philippines,PHL,2009,,724.5,,54544,288360,1628839,858198
Philippines,PHL,2010,,724.5,,55545,300005,1635756,898808
Philippines,PHL,2011,,724.5,,55736,300603,1641587,951012
Philippines,PHL,2012,,724.5,,54374,294983,1652881,1058594
Philippines,PHL,2013,,724.5,,54686,296876,1681128,1119600
Philippines,PHL,2014,,695.94,,55439.9,301468,1690692,1151652.9
Philippines,PHL,2015,,680.04,,56821.81,304681.12,1775712,1222021.5
Philippines,PHL,2016,,664.14,,49163.41,275128.25,1763251.6,1276112.1
Philippines,PHL,2017,,572.41,,41440.34,238275.27,1674568.2,1306867.9
Philippines,PHL,2018,,629.77,,33975.93,203226.73,1623834.6,1439540.1
Philippines,PHL,2019,,595.57,,33714.3,200642.33,1607655.5,1508900.6
Philippines,PHL,2020,,560.48,,31672.61,174768,1499853,1417960.2
Philippines,PHL,2021,,560.06,,32252.81,182725.23,1187304.8,1367520.8
Philippines,PHL,2022,,547.86,,31085.23,183459.95,1215983.4,1459196.8
Philippines,PHL,2023,,539.85,,32356.58,182099,1255751,1521874.9
Philippines,PHL,2024,,531.78,,31135.57,181455,1414143,1622387.2
Poland,POL,1961,5100,13500,,25700,337800,1255100,70800
Poland,POL,1962,3700,10100,,24500,386400,1238700,75000
Poland,POL,1963,2500,9000,,21600,434700,1111000,72900
Poland,POL,1964,2900,11000,,19100,449600,1092500,81800
Poland,POL,1965,3000,6600,,19300,412100,1298100,88700
Poland,POL,1966,3100,5500,,19300,406000,1342700,103500
Poland,POL,1967,3700,8600,,21000,470500,1312700,107400
Poland,POL,1968,4400,10800,,22700,505800,1294200,114300
Poland,POL,1969,6000,12700,,22700,544300,1312500,123700
Poland,POL,1970,4600,19100,,21800,508800,1292400,127900
Poland,POL,1971,4600,19300,,22300,487300,1329600,138500
Poland,POL,1972,5200,15800,,23200,451700,1587100,158600
Poland,POL,1973,5600,13400,,22200,487400,1770600,181200
Poland,POL,1974,5400,15200,,20400,627500,1885000,206200
Poland,POL,1975,5400,15400,,17100,685300,1811700,235600
Poland,POL,1976,5400,18500,,16100,778600,1542800,276800
Poland,POL,1977,7400,20700,,17200,711000,1551000,320400
Poland,POL,1978,6900,20100,,19300,700200,1784800,358300
Poland,POL,1979,7300,20800,,20300,735500,1795400,398400
Poland,POL,1980,7200,21600,,18500,702600,1711400,418900
Poland,POL,1981,6974,13100,,17900,524300,1345500,432200
Poland,POL,1982,7600,11100,,17900,674000,1462000,186800
Poland,POL,1983,10500,18100,,17300,642000,1396200,189100
Poland,POL,1984,9000,21200,,20800,686500,1303900,255400
Poland,POL,1985,10500,25900,,26100,723500,1486300,275600
Poland,POL,1986,10800,20200,,30700,751900,1728100,315300
Poland,POL,1987,9900,17200,,30200,735100,1729200,325400
Poland,POL,1988,10000,12600,,26400,688900,1828300,347200
Poland,POL,1989,11000,9400,,22400,636700,1854200,362000
Poland,POL,1990,12900,3600,,28700,725400,1854500,331016
Poland,POL,1991,15200,4100,,33000,662500,1947300,343812
Poland,POL,1992,15300,3900,,22500,544100,2035600,321490
Poland,POL,1993,11700,4300,,17600,480400,1903000,301912
Poland,POL,1994,11300,6800,,8300,421300,1681300,381118
Poland,POL,1995,11500,4200,,5600,385700,2007500,383600
Poland,POL,1996,12000,4600,,5100,414900,2063700,443455
Poland,POL,1997,9700,5200,,2900,429100,1891300,478000
Poland,POL,1998,12100,7100,,1300,429900,2026200,523617
Poland,POL,1999,12000,9100,,1600,384600,2043000,573000
Poland,POL,2000,11000,11200,,1300,348500,1923000,589400
Poland,POL,2001,6000,10300,,1300,316300,1849100,703400
Poland,POL,2002,7858.17,8000,,1100,281300,2023300,822900
Poland,POL,2003,8284.29,7400,,1400,317400,2190300,713426
Poland,POL,2004,8000,7500,,1700,310500,1956000,795918
Poland,POL,2005,10000,10000,,1200,309500,1955500,892424
Poland,POL,2006,11000,10600,,1300,362900,2097500,918779
Poland,POL,2007,13000,12600,,1500,379500,2150700,1021874
Poland,POL,2008,13000,10600,,1400,393400,1920400,865442
Poland,POL,2009,13000,14100,,1200,396900,1735700,1195183
Poland,POL,2010,10000,14400,,1100,400900,1894800,1258600
Poland,POL,2011,10000,12600,,1100,391200,1936300,1297170
Poland,POL,2012,9862.86,11900,,900,382900,1848600,1587077
Poland,POL,2013,9192.37,11000,,900,373900,1775500,1704950.9
Poland,POL,2014,8893.9,7800,,1300,446300,1864500,1666276.1
Poland,POL,2015,8759.18,9900,,700,486700,1976000,1680995.1
Poland,POL,2016,8351.24,9600,,700,512000,2008800,1717844.8
Poland,POL,2017,8103.35,8600,,900,569200,2032900,1695017.5
Poland,POL,2018,,9200,,1020,564840,2093200,2551073.8
Poland,POL,2019,,8700,,1150,560500,1988840,2567692.5
Poland,POL,2020,,,,1090,559460,1985120,2698478.5
Poland,POL,2021,,,,1180,555220,1985810,2559995.5
Poland,POL,2022,,,,1280,540680,1804960,2744531.5
Poland,POL,2023,,,,1400,514770,1776140,2757021.8
Poland,POL,2024,,,,1590,637490,1910030,2895232.8
Polynesia (FAO),,1961,,,,84.97,701.73,1854.5,474.18
Polynesia (FAO),,1962,,,,83.67,793.05,2021.25,503.92
Polynesia (FAO),,1963,,,,85.5,892.23,2245.39,518.02
Polynesia (FAO),,1964,,,,87.22,1000.55,2291.95,553.66
Polynesia (FAO),,1965,,,,87.08,1006.48,2404.35,573.12
Polynesia (FAO),,1966,,,,90.38,851.37,2476.05,652.68
Polynesia (FAO),,1967,,,,90.22,823.81,2507.3,821.6
Polynesia (FAO),,1968,,,,91.2,904.36,2575.45,842.39
Polynesia (FAO),,1969,,,,90,960.15,2646.3,798.26
Polynesia (FAO),,1970,,,,88.95,811.08,2756.5,1137.24
Polynesia (FAO),,1971,,,,98.25,840.83,2907.9,892.34
Polynesia (FAO),,1972,,,,86.55,653.08,2940.1,789.7
Polynesia (FAO),,1973,,,,85.95,764.71,3028.73,828.23
Polynesia (FAO),,1974,,,,90.6,631.65,3254.8,872.81
Polynesia (FAO),,1975,,,,99.45,745.14,3334.7,955.04
Polynesia (FAO),,1976,,,,100.8,884.83,3684.28,1058.3
Polynesia (FAO),,1977,,,,104.25,1168.64,3781.3,1041.06
Polynesia (FAO),,1978,,,,108.38,1199.1,3797.4,1103.38
Polynesia (FAO),,1979,,,,113.7,1177.62,3770.3,1279.36
Polynesia (FAO),,1980,,,,119.33,1188.4,4229.9,1335.06
Polynesia (FAO),,1981,,,,124.8,1149,4721,1243.91
Polynesia (FAO),,1982,,,,113.1,1144.9,4907.6,1234.15
Polynesia (FAO),,1983,,,,106.2,1111.95,5187.7,1164.25
Polynesia (FAO),,1984,,,,103.95,1156.05,5655.5,982.1
Polynesia (FAO),,1985,,,,101.7,1041.8,5950.1,1223
Polynesia (FAO),,1986,,,,101.46,1041,6384.05,1339.8
Polynesia (FAO),,1987,,,,102.53,1224.5,6471.5,1403.9
Polynesia (FAO),,1988,,,,108.53,1240,6725.65,1409
Polynesia (FAO),,1989,,,,98.78,1549.13,7126.9,1099.4
Polynesia (FAO),,1990,,,,103.28,1490.8,7273.95,1275.8
Polynesia (FAO),,1991,,,,107.92,1425.96,6908.78,1366.54
Polynesia (FAO),,1992,,,,119.33,1314.45,6705.25,1215.59
Polynesia (FAO),,1993,,,,107.55,1288.44,6832.25,1261.99
Polynesia (FAO),,1994,,,,107.7,1331.43,7009.61,1337.99
Polynesia (FAO),,1995,,,,109.35,1395.42,6866.5,1389.68
Polynesia (FAO),,1996,,,,105.31,1710.41,6848.5,1487.6
Polynesia (FAO),,1997,,,,103.92,1398.4,6818.17,1483.6
Polynesia (FAO),,1998,,,,108.22,1428.4,6884.71,1491.6
Polynesia (FAO),,1999,,,,107.91,1478.34,6885.07,1584.6
Polynesia (FAO),,2000,,,,106.29,1558.24,6993.15,1555.6
Polynesia (FAO),,2001,,,,105.24,1558.14,7218.64,1648.6
Polynesia (FAO),,2002,,,,104.95,1765.05,6757.8,1564.6
Polynesia (FAO),,2003,,,,104.93,1603.42,6617.4,1561.6
Polynesia (FAO),,2004,,,,105,1622.04,6753.86,1578.04
Polynesia (FAO),,2005,,,,105.55,1577.12,6761.38,1593.76
Polynesia (FAO),,2006,,,,106.75,1587.78,6683.9,1532.47
Polynesia (FAO),,2007,,,,108.4,1616.56,6600.47,1546.44
Polynesia (FAO),,2008,,,,109.1,1585.55,6467.68,1541.11
Polynesia (FAO),,2009,,,,109.82,1815.47,6099.43,1398.44
Polynesia (FAO),,2010,,,,109.67,1807.75,6400.72,1489.35
Polynesia (FAO),,2011,,,,110.4,1896.13,6236.54,1505.44
Polynesia (FAO),,2012,,,,113.18,1964.55,6316.7,1522.1
Polynesia (FAO),,2013,,,,113.43,1846.49,6175.77,1538.55
Polynesia (FAO),,2014,,,,111.65,1778.48,6227.39,1528.77
Polynesia (FAO),,2015,,,,110.93,1866.74,6140.73,1544.02
Polynesia (FAO),,2016,,,,109.89,2217.52,5866.34,1497.81
Polynesia (FAO),,2017,,,,109.87,2159.28,5455.65,1461.91
Polynesia (FAO),,2018,,,,110.12,2042.29,5140.95,1437.65
Polynesia (FAO),,2019,,,,108.44,1823.54,4701.58,1327.13
Polynesia (FAO),,2020,,,,107.34,1726.43,5136.92,1331.54
Polynesia (FAO),,2021,,,,107.68,1950.37,4901.57,1515.11
Polynesia (FAO),,2022,,,,107.51,1886.33,4824,1498.43
Polynesia (FAO),,2023,,,,107.3,1837.18,4742.84,1493.37
Polynesia (FAO),,2024,,,,107.08,1811.56,4639.44,1488.24
Portugal,PRT,1961,1939,2500,,20751,46239,84309,14715
Portugal,PRT,1962,1969,2390,,21111,52251,79768,24439
Portugal,PRT,1963,2018,2536,,20975,48930,80259,31962
Portugal,PRT,1964,2097,2899,,24800,45597,75572,36785
Portugal,PRT,1965,2188,2430,,25693,60903,75419,39125
Portugal,PRT,1966,2291,2052,,23580,65095,81000,39402
Portugal,PRT,1967,2209,1600,,23651,54672,87000,39679
Portugal,PRT,1968,1536,1432,,20225,62233,95500,39966
Portugal,PRT,1969,1697,1540,,21384,84858,102300,48522
Portugal,PRT,1970,1795,1729,,22229,94106,93800,52700
Portugal,PRT,1971,1950,2122,,20930,81152,97800,61748
Portugal,PRT,1972,2093,1757,,20902,78553,105900,69486
Portugal,PRT,1973,2298,1493,,24237,86197,111000,77654
Portugal,PRT,1974,2351,1141,,24492,89462,115700,94133
Portugal,PRT,1975,2587,1037,,24456,102323,129248,95000
Portugal,PRT,1976,2793,988,,25561,85675,124621,110000
Portugal,PRT,1977,4099,689,,26397,83848,140000,133773
Portugal,PRT,1978,4045,825,,25812,96405,155000,117399
Portugal,PRT,1979,4186,973,,21855,98630,160000,113309
Portugal,PRT,1980,4016,982,,23925,102586,155000,145220
Portugal,PRT,1981,4198,949,,23344,120882,177977,134550
Portugal,PRT,1982,4353,1021,,25267,126923,178839,127750
Portugal,PRT,1983,4540,1403,,26322,109662,175763,134350
Portugal,PRT,1984,4570,1559,,25320,99433,183295,107465
Portugal,PRT,1985,4680,1421,,24473,99772,174490,108264
Portugal,PRT,1986,4780,1248,,25534,105004,171199,127163
Portugal,PRT,1987,4742,1163,,25905,104608,199255,134386
Portugal,PRT,1988,4737,1038,,27820,114568,183315,138546
Portugal,PRT,1989,4780,1068,,27071,131111,210822,139931
Portugal,PRT,1990,5192,919,,27811,116411,279323,129403
Portugal,PRT,1991,5228,865,,30423,132689,262521,142000
Portugal,PRT,1992,5283,784,,27469,127308,264588,199206
Portugal,PRT,1993,5465,765,,26300,120426,307287,203128
Portugal,PRT,1994,5374,651,,27287,95164,315625,220717
Portugal,PRT,1995,5264,565,,26778,105016,305036,218255
Portugal,PRT,1996,4836,699,,26175,100304,324583,231328
Portugal,PRT,1997,4655,538,,27174,109538,330041,253045
Portugal,PRT,1998,4680,598,,25641,96709,358610,280475
Portugal,PRT,1999,4244,468,,24871,98214,373248,268589
Portugal,PRT,2000,4148,372,,26258,100787,355422,273161
Portugal,PRT,2001,4200,482,,24174,96312,342609,294567
Portugal,PRT,2002,4215.94,341,,25889,106638,355956,287887
Portugal,PRT,2003,4243.44,290,,24159,105772,354875,249564
Portugal,PRT,2004,4235.25,245,,23569,119260,340279,268364
Portugal,PRT,2005,4239.72,243,,23354,119019,352998,273583
Portugal,PRT,2006,4242.49,211,,24919,106087,365869,266617
Portugal,PRT,2007,4250,200,,25968,91743,385864,291995
Portugal,PRT,2008,4235.14,157,,22998,108540,404153,299937
Portugal,PRT,2009,4190.68,149,,19446,102995,395970,309796
Portugal,PRT,2010,4211.58,126,,19796,93159,407808,314027
Portugal,PRT,2011,4204.87,178,,19643,96003,406814,310948
Portugal,PRT,2012,4198.17,543,,19066,92988,384182,313826
Portugal,PRT,2013,4191.46,547,,19071,84011,366414,314297
Portugal,PRT,2014,4180.91,540,,10933,79843,381656,314185
Portugal,PRT,2015,4156.9,606,,18843,88645,400296,329141
Portugal,PRT,2016,4168.73,211,,18242,90704,399674,343176
Portugal,PRT,2017,4163.83,223,,16952,91187,377866,361365
Portugal,PRT,2018,,180,,16900,93790,383220,343860
Portugal,PRT,2019,,184,,17920,92030,387920,350250
Portugal,PRT,2020,,79,,15680,97780,379290,354190
Portugal,PRT,2021,,87,,17180,103000,380290,358750
Portugal,PRT,2022,,19,,16110,103760,369720,369430
Portugal,PRT,2023,,21,,13470,98420,356460,379450
Portugal,PRT,2024,,14,,14850,101770,376090,397090
Puerto Rico,PRI,1961,,,,153.68,13304,10558,9328
Puerto Rico,PRI,1962,,,,153.92,13548,10897,10584
Puerto Rico,PRI,1963,,,,156.04,15008,11477,11040
Puerto Rico,PRI,1964,,,,162.28,16093,11367,11572
Puerto Rico,PRI,1965,,,,164.4,18381,12517,10389
Puerto Rico,PRI,1966,,,,201.64,20192,12226,10795
Puerto Rico,PRI,1967,,,,200.76,20279,12235,11119
Puerto Rico,PRI,1968,,,,208.48,19189,12732,11375
Puerto Rico,PRI,1969,,,,204.2,18100,13950,11506
Puerto Rico,PRI,1970,,,,210.92,18103,13141,12543
Puerto Rico,PRI,1971,,,,210,20178,13377,13759
Puerto Rico,PRI,1972,,,,216.72,20775,14197,13945
Puerto Rico,PRI,1973,,,,219.08,21407,15031,14720
Puerto Rico,PRI,1974,,,,219.44,22280,14590,15106
Puerto Rico,PRI,1975,,,,255.8,20052,15474,15906
Puerto Rico,PRI,1976,,,,277.4,21055,18598,17184
Puerto Rico,PRI,1977,,,,288.4,21057,19835,18570
Puerto Rico,PRI,1978,,,,285.4,25428,25787,18996
Puerto Rico,PRI,1979,,,,294.4,28128,23239,25080
Puerto Rico,PRI,1980,,,,282.4,22079,16218,27883
Puerto Rico,PRI,1981,,,,262.6,17123,18861,29544
Puerto Rico,PRI,1982,,,,190.6,16980,20230,28280
Puerto Rico,PRI,1983,,,,207.6,21200,16564,26533
Puerto Rico,PRI,1984,,,,209.6,25809,15422,26313
Puerto Rico,PRI,1985,,,,203.2,24418,17894,33041
Puerto Rico,PRI,1986,,,,197.28,25409,25216,38790
Puerto Rico,PRI,1987,,,,207.36,27656,23734,42438
Puerto Rico,PRI,1988,,,,222.08,22205,22394,50595
Puerto Rico,PRI,1989,,,,261.2,19896,25106,53309
Puerto Rico,PRI,1990,,,,279.2,20929,28353,51329
Puerto Rico,PRI,1991,,,,310.4,18859,30343,56672
Puerto Rico,PRI,1992,,,,337.4,20551,18000,57591
Puerto Rico,PRI,1993,,,,312.8,18712,17132,59269
Puerto Rico,PRI,1994,,,,305.4,17835,15403,61305
Puerto Rico,PRI,1995,,,,247,16218,15375,61709
Puerto Rico,PRI,1996,,,,227.2,13669,14937,59826
Puerto Rico,PRI,1997,,,,184,15713,13186,59886
Puerto Rico,PRI,1998,,,,189.2,13500,14000,58997
Puerto Rico,PRI,1999,,,,54.53,17545,9361,52510
Puerto Rico,PRI,2000,,,,53.2,15122,9469,59582
Puerto Rico,PRI,2001,,,,57.8,12511,10095,51524
Puerto Rico,PRI,2002,,,,61.14,10647,9262,54103
Puerto Rico,PRI,2003,,,,32.5,9656,9223,47065
Puerto Rico,PRI,2004,,,,26.2,12583,11895,49753
Puerto Rico,PRI,2005,,,,28.1,9802,10743,49579
Puerto Rico,PRI,2006,,,,30,10458.45,9332.07,52292.86
Puerto Rico,PRI,2007,,,,31.01,9694.45,9394.29,55764.38
Puerto Rico,PRI,2008,,,,34.89,9073.28,10064.01,53155.2
Puerto Rico,PRI,2009,,,,36.22,8782.74,10128.89,51769.04
Puerto Rico,PRI,2010,,,,37.59,8238.15,10194,49344.16
Puerto Rico,PRI,2011,,,,38.93,7706.14,10252.12,45054.8
Puerto Rico,PRI,2012,,,,40.87,6938.99,10359.8,43774.74
Puerto Rico,PRI,2013,,,,40.26,6884.01,9706.56,38691.73
Puerto Rico,PRI,2014,,,,40.29,6792.99,9329.18,35408.75
Puerto Rico,PRI,2015,,,,40.33,7004.37,8955.79,33504.57
Puerto Rico,PRI,2016,,,,40.39,6062.83,8588.34,31358.55
Puerto Rico,PRI,2017,,,,40.46,5698.28,8245.87,34272.57
Puerto Rico,PRI,2018,,,,41.41,5375.53,7681.75,40493.83
Puerto Rico,PRI,2019,,,,43.17,5095.15,7309.91,32708.03
Puerto Rico,PRI,2020,,,,44.79,4859.74,7750.72,27288.11
Puerto Rico,PRI,2021,,,,47.56,4577.42,7682.4,20000
Puerto Rico,PRI,2022,,,,52.34,4356.78,6356.92,18000
Puerto Rico,PRI,2023,,,,51.68,4113.97,7263.34,18000
Puerto Rico,PRI,2024,,,,41.02,4060.48,7100.89,24352.24
Qatar,QAT,1961,,,0,1629.2,96,,44
Qatar,QAT,1962,,,0,1679.8,102,,44
Qatar,QAT,1963,,,0,1734.2,103.2,,46
Qatar,QAT,1964,,,0,1779.6,108,,48
Qatar,QAT,1965,,,0,1811.7,120,,48
Qatar,QAT,1966,,,0,1893,120,,50
Qatar,QAT,1967,,,0,1975,120,,60
Qatar,QAT,1968,,,0,2132,120,,80
Qatar,QAT,1969,,,0,2146,120,,100
Qatar,QAT,1970,,,0,2235,120,,120
Qatar,QAT,1971,,,0,4410,138,,140
Qatar,QAT,1972,,,0,2024,120,,160
Qatar,QAT,1973,,,0,2488,132,,180
Qatar,QAT,1974,,,0,2652,144,,200
Qatar,QAT,1975,,,0,3709,168,,300
Qatar,QAT,1976,,,0,2846,180,,400
Qatar,QAT,1977,,,0,4428,192,,561
Qatar,QAT,1978,,,0,5530,156,,659
Qatar,QAT,1979,,,0,5405.43,144,,913
Qatar,QAT,1980,,,0,6294,192,,700
Qatar,QAT,1981,,,0,6601,192,,776
Qatar,QAT,1982,,,0,6730,102,,923
Qatar,QAT,1983,,,0,12210,105.6,,1270
Qatar,QAT,1984,,,0,9524,114,,1675
Qatar,QAT,1985,,,0,7030,120,,1862
Qatar,QAT,1986,,,0,18252,180,,1162
Qatar,QAT,1987,,,0,10480,198,,1500
Qatar,QAT,1988,,,0,12730,199.2,,2629
Qatar,QAT,1989,,,0,7058,200.4,,2145
Qatar,QAT,1990,,,683,10841.73,202.08,,2923
Qatar,QAT,1991,,,828,13390,185.16,,3745
Qatar,QAT,1992,,,965,10850,222.84,,3833
Qatar,QAT,1993,,,1000,11025,228,,3672
Qatar,QAT,1994,,,1020,10950,240,,4043
Qatar,QAT,1995,,,1035,10500,246,,3817
Qatar,QAT,1996,,,1070,7100,324,,4111
Qatar,QAT,1997,,,1080,10550,417.96,,3259
Qatar,QAT,1998,,,1025,8105,408,,2749
Qatar,QAT,1999,,,1120,6260,470.04,,2714
Qatar,QAT,2000,,,1210,6924.5,540,,4209
Qatar,QAT,2001,,,1030,8904,312,,3963
Qatar,QAT,2002,,,1045,9380,312,,5534
Qatar,QAT,2003,,,1070,8107.27,324,,4817
Qatar,QAT,2004,,,1090,6563.34,480,,4900
Qatar,QAT,2005,,,1067,9067.74,300,,5308
Qatar,QAT,2006,,,1100,9000,324,,5740
Qatar,QAT,2007,,,1105,8634.69,324,,6580
Qatar,QAT,2008,,,1139,9980,324,,7000
Qatar,QAT,2009,,,1190,10550.59,516,,7280
Qatar,QAT,2010,,,1326,9716.2,576,,8430.52
Qatar,QAT,2011,,,1360,10012.37,468,,9215.32
Qatar,QAT,2012,,,1860,10340.85,480,,9497.73
Qatar,QAT,2013,,,2195.65,10644.2,495,,8117
Qatar,QAT,2014,,,459.49,13919.25,663.25,,8006
Qatar,QAT,2015,,,2533.61,13817.08,713.51,,8527
Qatar,QAT,2016,,,1687.47,10876.95,925.75,,18000
Qatar,QAT,2017,,,1660.97,13120.63,857.2,,15000
Qatar,QAT,2018,,,951.06,15770.97,1069.87,,26028.92
Qatar,QAT,2019,,,1723.33,13745.31,1439.33,,27028.98
Qatar,QAT,2020,,,1040.03,11852.11,1512,,34790
Qatar,QAT,2021,,,1378.98,9177.29,1440.63,,35372.8
Qatar,QAT,2022,,,302.93,6687.91,925.2,,25700
Qatar,QAT,2023,,,1161.09,7021.36,376.8,,29035
Qatar,QAT,2024,,,948.37,6913.91,914.21,,25037.09
Reunion,REU,1961,,20,,34.8,2100,3250,1600
Reunion,REU,1962,,20,,38.4,2196,3400,1600
Reunion,REU,1963,,20,,33.6,2381,3479,1800
Reunion,REU,1964,,20,,44.4,2026,3250,1800
Reunion,REU,1965,,10,,38.4,1400,3375,2000
Reunion,REU,1966,,4,,70,1519,2911,2300
Reunion,REU,1967,,5,,73.4,1497,3189,1800
Reunion,REU,1968,,3,,81.6,1620,3475,2000
Reunion,REU,1969,,4,,90.6,1660,3569,2100
Reunion,REU,1970,,3,,82.8,1551,4028,2100
Reunion,REU,1971,,4,,74.32,1426,4452,2100
Reunion,REU,1972,,2,,94.6,1472,4073,2120
Reunion,REU,1973,,3,,111.2,1110,3197,2145
Reunion,REU,1974,,3,,97.4,839,3253,2428
Reunion,REU,1975,,2,,91.6,844,3623,2625
Reunion,REU,1976,,2,,88.6,809,4052,3670
Reunion,REU,1977,,1,,81.08,1070,4571,4130
Reunion,REU,1978,,1,,74.84,1012,4402,3470
Reunion,REU,1979,,1,,75.44,951,4660,5270
Reunion,REU,1980,,1,,70.6,977,5019,5600
Reunion,REU,1981,,1,,73.6,890,5421,5100
Reunion,REU,1982,,1,,90.6,935,5271,5800
Reunion,REU,1983,,10,,86.18,1011,5355,6000
Reunion,REU,1984,,10,,85.18,1131,5523,6000
Reunion,REU,1985,,10,,87.18,1200,5361,6122
Reunion,REU,1986,,10,,84.18,1157,5675,6888
Reunion,REU,1987,,10,,88.18,1238,6223,7383
Reunion,REU,1988,,10,,83.65,1159,6693,8190
Reunion,REU,1989,,10,,85.65,1246,7187,8912
Reunion,REU,1990,,18,,88.98,1261,7589,10400
Reunion,REU,1991,,14,,91,1050,8500,11940
Reunion,REU,1992,,13,,86,1060,9500,12040
Reunion,REU,1993,,11,,87,1206,10186,12459
Reunion,REU,1994,,11,,88,1146,10320,13196
Reunion,REU,1995,,24,,80,1182,10314,14420
Reunion,REU,1996,,11,,84,1127,10314,14773
Reunion,REU,1997,,11,,95,1500,12591,16489
Reunion,REU,1998,,12,,99,1517,11273,17686
Reunion,REU,1999,,13,,97,1737,12040,18295
Reunion,REU,2000,,13,,99,1615,12297,18104
Reunion,REU,2001,,13,,98,1750,11889,18196
Reunion,REU,2002,,14,,99,1782,12080,18528
Reunion,REU,2003,,12,,95,1670,12196,18536
Reunion,REU,2004,,13,,92,1733,12808,18687
Reunion,REU,2005,,14,,93,1798,13178,18924
Reunion,REU,2006,,14,,92,1859,12955,19234
Romania,ROU,1961,0,9000,,53300,158500,283000,66000
Romania,ROU,1962,0,9000,,54300,172700,300000,71000
Romania,ROU,1963,0,8640,,51300,147600,245000,76000
Romania,ROU,1964,0,8640,,49600,151400,330000,81000
Romania,ROU,1965,0,8460,,49700,157400,357000,86500
Romania,ROU,1966,0,8460,,48700,189100,372000,88500
Romania,ROU,1967,0,8460,,57600,209300,406000,93200
Romania,ROU,1968,0,8460,,55000,246700,420000,98400
Romania,ROU,1969,0,8460,,65300,225600,417000,116000
Romania,ROU,1970,0,8100,,79700,215000,468000,120000
Romania,ROU,1971,0,8100,,66900,203500,474000,145000
Romania,ROU,1972,0,7740,,63200,210200,591000,190000
Romania,ROU,1973,0,7560,,69200,241000,674000,209000
Romania,ROU,1974,0,7560,,70000,240000,749000,238000
Romania,ROU,1975,0,7380,,70700,256600,754000,282000
Romania,ROU,1976,0,7200,,67400,271700,796000,275800
Romania,ROU,1977,0,7380,,78000,295700,829000,307300
Romania,ROU,1978,0,6840,,71000,288000,852000,323400
Romania,ROU,1979,0,7200,,85000,322600,925000,373800
Romania,ROU,1980,0,7200,,78000,291800,863000,357000
Romania,ROU,1981,0,5400,,64000,289000,855000,382200
Romania,ROU,1982,1000,4500,,71500,228500,785000,400400
Romania,ROU,1983,800,4500,,71900,209000,790000,423500
Romania,ROU,1984,1700,4860,,89500,235000,869000,420000
Romania,ROU,1985,2100,5400,,84200,231500,853000,441000
Romania,ROU,1986,2800,5940,,80800,190500,851000,462000
Romania,ROU,1987,2600,6120,,89700,206300,872000,462700
Romania,ROU,1988,2800,6300,,82200,191000,818000,427700
Romania,ROU,1989,6000,5940,,96700,219500,798000,338800
Romania,ROU,1990,3000,6660,,108500,316500,787835,386400
Romania,ROU,1991,2500,,,94000,317000,833910,331800
Romania,ROU,1992,2700,,,99500,249500,788750,295400
Romania,ROU,1993,2900,,,91500,252000,761300,300800
Romania,ROU,1994,3000,,,80500,258000,775300,260000
Romania,ROU,1995,3300,,,75172,201781,673016,286110
Romania,ROU,1996,3500,,,71476,177415,630646,292558
Romania,ROU,1997,3524.71,,,64233,185104,666700,254253
Romania,ROU,1998,3618.05,,,56884,150245,617188,267034
Romania,ROU,1999,3800,,,57932,153000,595133,268501
Romania,ROU,2000,3780.04,,,53134,162000,502337,259414
Romania,ROU,2001,3835.11,,,51880,144558,460109,283898
Romania,ROU,2002,3892.42,,,54422,156106,476168,339897
Romania,ROU,2003,3949.88,,,67500,185400,532516,344198
Romania,ROU,2004,4007.61,,,73049,161618,374039,302928
Romania,ROU,2005,4074.48,,,51783,190196,436424,308639
Romania,ROU,2006,4200,,,45246,159313,451832,273305
Romania,ROU,2007,4300,,,54763,164642,470223,312145
Romania,ROU,2008,4216.72,,,50743,149660,439029,316007
Romania,ROU,2009,4188.93,,,70817,155199,470567,371393
Romania,ROU,2010,4100,,,69887,154464,428891,349021
Romania,ROU,2011,4100,,,69503,142306,454415,327025
Romania,ROU,2012,4233.01,,,76237,114464,442942,351704
Romania,ROU,2013,4389.72,,,76599,96179,396070,322893
Romania,ROU,2014,4455.88,,,76860,107581,459756,396995
Romania,ROU,2015,4505.54,,,79623,118851,470055,410783
Romania,ROU,2016,4508.42,,,87024,116177,500777,418720
Romania,ROU,2017,4544.03,,,83155,110991,491906,436040
Romania,ROU,2018,,,,52120,78760,426990,479867
Romania,ROU,2019,,,,54910,73730,398730,507106
Romania,ROU,2020,,,,54640,87490,388170,
Romania,ROU,2021,,,,57390,82720,391390,451850
Romania,ROU,2022,,,,62090,82640,344970,475450
Romania,ROU,2023,,,,59000,78060,329670,500760
Romania,ROU,2024,,,,55950,75780,328260,532940
Russia,RUS,1992,,66000,312.75,330121,3631500,2783500,1379927
Russia,RUS,1993,,65500,320.82,360006,3358800,2432100,1245043
Russia,RUS,1994,,59000,322.61,315776,3240200,2103500,1036129
Russia,RUS,1995,,62000,324.37,261618,2733500,1865400,845417
Russia,RUS,1996,,63000,332.26,230196,2629825,1705200,678297
Russia,RUS,1997,,73000,342.68,199559,2394900,1545500,621291
Russia,RUS,1998,,70000,327.37,178087,2246500,1504900,680859
Russia,RUS,1999,,56000,300,143341,1867600,1485000,756700
Russia,RUS,2000,,52000,308,139551,1897900,1578200,774985
Russia,RUS,2001,,52000,250,134208,1878600,1514700,883843
Russia,RUS,2002,,52000,200,135621,1967400,1608300,962560
Russia,RUS,2003,,48200,216,133281,2002300,1742600,1058422
Russia,RUS,2004,,52702,268,143795,1953900,1685800,1187216
Russia,RUS,2005,,52634,194,154100,1809200,1569100,1380597
Russia,RUS,2006,,49325,188,156300,1721500,1699200,1632360
Russia,RUS,2007,,41646,157,167900,1699200,1929700,1800808
Russia,RUS,2008,,45954,172,174163,1768716,2042059,2000657
Russia,RUS,2009,,48936,89,182645,1740628,2169475,2313376
Russia,RUS,2010,,52878,164,184641,1727311,2330806,2563467
Russia,RUS,2011,,47942,103,189015,1625469,2427636,2895489
Russia,RUS,2012,,47652,134,190392,1641519,2559477,3299495
Russia,RUS,2013,,48678,200,189968,1633258,2816178,3456639
Russia,RUS,2014,,50578,175,203901,1654135,2973928,3769693
Russia,RUS,2015,,49962,193,204489,1649373,3098678,4087556
Russia,RUS,2016,,50647.95,178,213210,1588769,3355060,4231982
Russia,RUS,2017,,45093,179,219492,1569267,3515740,4542243.5
Russia,RUS,2018,,45388,137,223816,1608136,3744170,4543002
Russia,RUS,2019,,46032.48,143.45,216754,1625163,3936829,4606359.5
Russia,RUS,2020,,48166,131,214769,1633742,4281613,4576733
Russia,RUS,2021,,47097,115,215474,1673546,4304053,4617338
Russia,RUS,2022,,45872,114,210015,1620730,4532147,5308201
Russia,RUS,2023,,46880,117,207290,1659600,4719700,5339500
Russia,RUS,2024,,48723.89,116.41,204949.8,1692987.8,4942500.5,5457330
Rwanda,RWA,1961,4000,,,2375.35,4056,1092,333
Rwanda,RWA,1962,4000,,,2363.35,4280.64,1197,360
Rwanda,RWA,1963,4000,,,2207.35,4992,989.94,387
Rwanda,RWA,1964,4000,,,2012.69,5200,753.9,409.71
Rwanda,RWA,1965,4000,,,1965.6,5262.4,546,432
Rwanda,RWA,1966,4500,,,1726.25,6032,630,279
Rwanda,RWA,1967,4800,,,2034,6552,828.24,486
Rwanda,RWA,1968,5000,,,1932.6,6240,645.54,378
Rwanda,RWA,1969,5000,,,1884,6448,483,543.6
Rwanda,RWA,1970,5000,,,2148,6552,413.91,468
Rwanda,RWA,1971,5200,,,2258,6656,325.37,495
Rwanda,RWA,1972,5200,,,2284,6864,672,495
Rwanda,RWA,1973,5300,,,2824,6656,685.86,567
Rwanda,RWA,1974,5400,,,2472,8320,989.1,576
Rwanda,RWA,1975,5400,,,2870,10608,1145.34,594
Rwanda,RWA,1976,5500,,,3018.2,10400,979.44,783
Rwanda,RWA,1977,5600,,,3305.7,10712,1745.52,805.5
Rwanda,RWA,1978,5700,,,3420,11024,2069.76,890.1
Rwanda,RWA,1979,5700,,,3597,11440,2383.92,1021.5
Rwanda,RWA,1980,5800,,,3870,12272,2520,1053
Rwanda,RWA,1981,5900,,,3944,13416,2940,1098
Rwanda,RWA,1982,5900,,,4159.56,13156,3024,1136.7
Rwanda,RWA,1983,6000,,,3946.68,13312,2898,1127.7
Rwanda,RWA,1984,6200,,,3944,13520,1848,1146.6
Rwanda,RWA,1985,6400,,,4370.39,14560,1864.8,1231.2
Rwanda,RWA,1986,6500,,,4274,13520,2016,1210.5
Rwanda,RWA,1987,6500,,,4387,12480,2372.16,1224
Rwanda,RWA,1988,6600,,,4476,13520,2868.6,1461.6
Rwanda,RWA,1989,6700,,,4666.8,13936,2730,1379.7
Rwanda,RWA,1990,6800,,,4747,14144,2646,1380.6
Rwanda,RWA,1991,6900,,,5023,14352,2646,1390.5
Rwanda,RWA,1992,7000,,,5145,13104,2688,1458
Rwanda,RWA,1993,7316.36,,,5255,11960,2730,1530
Rwanda,RWA,1994,7515.47,,,5449,10400,2814,1395
Rwanda,RWA,1995,7786.09,,,2338,10400,2268,1260
Rwanda,RWA,1996,7903.74,,,2884,11440,2520,1422
Rwanda,RWA,1997,7300,,,2590,13520,2646,1485
Rwanda,RWA,1998,10000,,,2764,15600,2268,1800
Rwanda,RWA,1999,9900.11,,,3279,17680,2940,2250
Rwanda,RWA,2000,10500,,,3406,17160,3276,1413
Rwanda,RWA,2001,11000,,,3502,19448,3318,1548
Rwanda,RWA,2002,11400,,,4145,19760,3864,1755
Rwanda,RWA,2003,11500,,,4415.3,23638.37,3906,1980
Rwanda,RWA,2004,11800,,,5859,22965.07,6006,2295
Rwanda,RWA,2005,12000,,,6055,23920,6384,2313
Rwanda,RWA,2006,12300,,,6696,28600,6258,1953
Rwanda,RWA,2007,12500,,,7026,31200,6090,2241
Rwanda,RWA,2008,12899.16,,,7521,36920,5670,2385
Rwanda,RWA,2009,13538.54,,,8710,35360,6930,2385
Rwanda,RWA,2010,13652.59,,,20069,27538,7228,13718
Rwanda,RWA,2011,13970.74,,,21153,28311,7460,13846
Rwanda,RWA,2012,14298.43,,,22331,29021,7938,14384
Rwanda,RWA,2013,14618.91,,,22755,29807,8905,15727
Rwanda,RWA,2014,14967.45,,,23520,32209,10210,16304
Rwanda,RWA,2015,15410.42,,,25986.05,36581.98,13472.33,16629.02
Rwanda,RWA,2016,14998.93,,,25007.07,32005.6,14733.14,18067.91
Rwanda,RWA,2017,15521,,,28457.03,29720.35,13315.3,18215.62
Rwanda,RWA,2018,15975,,,26937.04,33087.52,10258.58,19707.68
Rwanda,RWA,2019,15651.37,,,22333.21,35850.62,9666.49,18894.52
Rwanda,RWA,2020,16128.19,,,17065.82,41392.35,8779.65,16516.51
Rwanda,RWA,2021,16037.43,,,16162.25,39608.42,7341.15,13869.24
Rwanda,RWA,2022,16354.9,,,14175.51,38100.09,5153.46,10174.75
Rwanda,RWA,2023,16636,,,13995.91,39227.41,8207.12,8849.49
Rwanda,RWA,2024,17036.27,,,14307.68,42094.2,7948.81,15043.11
Saint Kitts and Nevis,KNA,1961,,,,110.2,144.8,108,84
Saint Kitts and Nevis,KNA,1962,,,,112.5,135.75,108,86.4
Saint Kitts and Nevis,KNA,1963,,,,112.5,135.75,108,90
Saint Kitts and Nevis,KNA,1964,,,,112.32,135.75,111,93.6
Saint Kitts and Nevis,KNA,1965,,,,112.32,132.13,111,97.2
Saint Kitts and Nevis,KNA,1966,,,,112.16,132.13,114,100.8
Saint Kitts and Nevis,KNA,1967,,,,112.3,130.32,114,104.4
Saint Kitts and Nevis,KNA,1968,,,,112.44,130.32,114,108
Saint Kitts and Nevis,KNA,1969,,,,112.6,128.51,111,111.6
Saint Kitts and Nevis,KNA,1970,,,,112.9,128.51,111,115.2
Saint Kitts and Nevis,KNA,1971,,,,112.9,128.51,110.4,118.8
Saint Kitts and Nevis,KNA,1972,,,,113.2,126.7,110.4,122.4
Saint Kitts and Nevis,KNA,1973,,,,113.2,123.08,110.4,126
Saint Kitts and Nevis,KNA,1974,,,,114.06,123.08,109.8,129.6
Saint Kitts and Nevis,KNA,1975,,,,114.06,121.27,109.8,132
Saint Kitts and Nevis,KNA,1976,,,,114.92,121.27,109.8,134.4
Saint Kitts and Nevis,KNA,1977,,,,115.78,117.65,109.8,138
Saint Kitts and Nevis,KNA,1978,,,,116.08,117.65,109.8,141.6
Saint Kitts and Nevis,KNA,1979,,,,116.08,117.65,110.4,144
Saint Kitts and Nevis,KNA,1980,,,,116.38,117.65,110.4,147.6
Saint Kitts and Nevis,KNA,1981,,,,116.52,117.65,110.4,150
Saint Kitts and Nevis,KNA,1982,,,,116.82,117.65,110.4,152.4
Saint Kitts and Nevis,KNA,1983,,,,116.96,117.65,110.4,153.6
Saint Kitts and Nevis,KNA,1984,,,,117.82,114.03,111,154.8
Saint Kitts and Nevis,KNA,1985,,,,118.68,112.22,111,157.2
Saint Kitts and Nevis,KNA,1986,,,,119.54,110.41,111.6,159.6
Saint Kitts and Nevis,KNA,1987,,,,120.4,110.41,112.2,162
Saint Kitts and Nevis,KNA,1988,,,,120.56,112.22,114,162
Saint Kitts and Nevis,KNA,1989,,,,121.42,108.6,112.8,154.8
Saint Kitts and Nevis,KNA,1990,,,,121.24,112.22,114,156
Saint Kitts and Nevis,KNA,1991,,,,119.16,112.22,115.8,158.4
Saint Kitts and Nevis,KNA,1992,,,,116.52,108.6,117.6,162
Saint Kitts and Nevis,KNA,1993,,,,109.68,101.36,120,162
Saint Kitts and Nevis,KNA,1994,,,,119.6,101.36,129,194.4
Saint Kitts and Nevis,KNA,1995,,,,124.2,101.36,132,186
Saint Kitts and Nevis,KNA,1996,,,,122.8,101.36,168,162
Saint Kitts and Nevis,KNA,1997,,,,122.8,101.36,156,156
Saint Kitts and Nevis,KNA,1998,,,,100,108.6,198,156
Saint Kitts and Nevis,KNA,1999,,,,105,115.84,198,156
Saint Kitts and Nevis,KNA,2000,,,,89,126.7,144,144
Saint Kitts and Nevis,KNA,2001,,,,126,124.89,144,144
Saint Kitts and Nevis,KNA,2002,,,,118,124.89,150,150
Saint Kitts and Nevis,KNA,2003,,,,112,124.89,159,144
Saint Kitts and Nevis,KNA,2004,,,,102,124.89,150,144
Saint Kitts and Nevis,KNA,2005,,,,88.77,93.22,159,156
Saint Kitts and Nevis,KNA,2006,,,,21.8,60.2,131.55,156
Saint Kitts and Nevis,KNA,2007,,,,23.2,90.4,136.85,156
Saint Kitts and Nevis,KNA,2008,,,,25.2,118.7,131.6,168
Saint Kitts and Nevis,KNA,2009,,,,22,105,109.95,168
Saint Kitts and Nevis,KNA,2010,,,,22,98,112.4,168
Saint Kitts and Nevis,KNA,2011,,,,20,78,131.25,168
Saint Kitts and Nevis,KNA,2012,,,,8.9,61.45,45.6,136
Saint Kitts and Nevis,KNA,2013,,,,12.1,50.9,46.7,85
Saint Kitts and Nevis,KNA,2014,,,,15.12,49,49,90
Saint Kitts and Nevis,KNA,2015,,,,15.8,51.02,69.66,78.12
Saint Kitts and Nevis,KNA,2016,,,,14.77,46,66,77.11
Saint Kitts and Nevis,KNA,2017,,,,15.82,48.55,67.06,12.62
Saint Kitts and Nevis,KNA,2018,,,,17.8,51.2,57.3,20
Saint Kitts and Nevis,KNA,2019,,,,15.46,54.96,41.41,0.03
Saint Kitts and Nevis,KNA,2020,,,,15,45,36,9
Saint Kitts and Nevis,KNA,2021,,,,16.01,43.15,50.29,15.76
Saint Kitts and Nevis,KNA,2022,,,,23.19,43.3,50.17,40
Saint Kitts and Nevis,KNA,2023,,,,27,48,54,22.64
Saint Kitts and Nevis,KNA,2024,,,,22.19,42.73,44.09,27.5
Saint Lucia,LCA,1961,,,,69.4,276.28,524.4,117.6
Saint Lucia,LCA,1962,,,,70.4,292.47,530.1,120
Saint Lucia,LCA,1963,,,,70.4,308.67,535.8,132
Saint Lucia,LCA,1964,,,,79,325.6,541.5,156
Saint Lucia,LCA,1965,,,,79,298.66,547.2,168
Saint Lucia,LCA,1966,,,,79,364.91,552.9,168
Saint Lucia,LCA,1967,,,,79,311.4,558.6,186
Saint Lucia,LCA,1968,,,,82.8,295.39,564.3,204
Saint Lucia,LCA,1969,,,,86.6,325.42,570,216
Saint Lucia,LCA,1970,,,,90.4,345.8,598.5,252
Saint Lucia,LCA,1971,,,,93.2,354.9,456,258
Saint Lucia,LCA,1972,,,,96,364,399,324
Saint Lucia,LCA,1973,,,,112.2,382.2,342,420
Saint Lucia,LCA,1974,,,,112.2,382.2,342,456
Saint Lucia,LCA,1975,,,,110.6,394.76,342,420
Saint Lucia,LCA,1976,,,,115,484.85,399,432
Saint Lucia,LCA,1977,,,,120.8,491.4,456,372
Saint Lucia,LCA,1978,,,,125.2,505.23,461.7,456
Saint Lucia,LCA,1979,,,,132.6,455,467.4,456
Saint Lucia,LCA,1980,,,,138,455,473.1,540
Saint Lucia,LCA,1981,,,,142.4,491.4,478.8,540
Saint Lucia,LCA,1982,,,,147.8,509.6,484.5,528
Saint Lucia,LCA,1983,,,,153.2,527.8,530.1,552
Saint Lucia,LCA,1984,,,,158.6,555.1,558.6,600
Saint Lucia,LCA,1985,,,,160,555.1,559.74,600
Saint Lucia,LCA,1986,,,,162.4,564.2,562.02,600
Saint Lucia,LCA,1987,,,,164.8,573.3,567.15,600
Saint Lucia,LCA,1988,,,,168.2,564.2,570,612
Saint Lucia,LCA,1989,,,,170.6,564.2,570,576
Saint Lucia,LCA,1990,,,,173,555.1,581.4,588
Saint Lucia,LCA,1991,,,,171.6,564.2,600,600
Saint Lucia,LCA,1992,,,,162.2,564.2,728.86,600
Saint Lucia,LCA,1993,,,,157.4,573.3,751.68,600
Saint Lucia,LCA,1994,,,,150,582.4,773.42,612
Saint Lucia,LCA,1995,,,,143.2,546,799.77,624
Saint Lucia,LCA,1996,,,,139.8,500.5,700,624
Saint Lucia,LCA,1997,,,,141.8,509.6,842.69,720
Saint Lucia,LCA,1998,,,,141.8,527.8,853.48,660
Saint Lucia,LCA,1999,,,,141.8,527.8,1000,720
Saint Lucia,LCA,2000,,,,141.8,528,878.65,600
Saint Lucia,LCA,2001,,,,141.8,364,867.11,720
Saint Lucia,LCA,2002,,,,141.8,382.2,693,1560
Saint Lucia,LCA,2003,,,,131.8,382.2,820.15,1560
Saint Lucia,LCA,2004,,,,141.8,418.6,804.93,1560
Saint Lucia,LCA,2005,,,,141.8,418.6,792.97,1560
Saint Lucia,LCA,2006,,,,108.8,436.8,781.21,1560
Saint Lucia,LCA,2007,,,,106.2,436.8,1050,1560
Saint Lucia,LCA,2008,,,,147.6,455,775.77,1560
Saint Lucia,LCA,2009,,,,147.6,455,766.32,1560
Saint Lucia,LCA,2010,,,,147.6,455,682.81,1560
Saint Lucia,LCA,2011,,,,147.6,455,657.41,1560
Saint Lucia,LCA,2012,,,,148.69,436.46,623.16,1564.82
Saint Lucia,LCA,2013,,,,153.93,431.82,445.5,1472.07
Saint Lucia,LCA,2014,,,,179.21,434.03,511.5,1458.37
Saint Lucia,LCA,2015,,,,171.25,430.77,628.31,1450.23
Saint Lucia,LCA,2016,,,,159.64,426.83,690.83,1391.36
Saint Lucia,LCA,2017,,,,152.22,419.85,648.12,1394.13
Saint Lucia,LCA,2018,,,,160.47,417,617.92,1390.92
Saint Lucia,LCA,2019,,,,159.3,411.78,825.16,1356.73
Saint Lucia,LCA,2020,,,,163.72,405.79,907.5,1437.07
Saint Lucia,LCA,2021,,,,161.62,407.35,972.01,1459.47
Saint Lucia,LCA,2022,,,,163.6,407.24,1169.85,1437.72
Saint Lucia,LCA,2023,,,,164.3,405.48,1016.46,1429.76
Saint Lucia,LCA,2024,,,,164.97,403.73,1013.02,1421.71
Saint Vincent and the Grenadines,VCT,1961,,,,33.4,199.1,222,60
Saint Vincent and the Grenadines,VCT,1962,,,,37.1,206.16,222,65
Saint Vincent and the Grenadines,VCT,1963,,,,42.1,213.94,228,70
Saint Vincent and the Grenadines,VCT,1964,,,,44.6,230.59,228,75
Saint Vincent and the Grenadines,VCT,1965,,,,45.9,289.06,240,82
Saint Vincent and the Grenadines,VCT,1966,,,,40,399.11,240,105
Saint Vincent and the Grenadines,VCT,1967,,,,38.9,289.6,228,112
Saint Vincent and the Grenadines,VCT,1968,,,,35.85,253.4,210,120
Saint Vincent and the Grenadines,VCT,1969,,,,32.8,253.4,198,128
Saint Vincent and the Grenadines,VCT,1970,,,,32.8,262.45,180,130
Saint Vincent and the Grenadines,VCT,1971,,,,32.7,253.4,198,140
Saint Vincent and the Grenadines,VCT,1972,,,,33.3,253.4,210,150
Saint Vincent and the Grenadines,VCT,1973,,,,33.3,271.5,216,160
Saint Vincent and the Grenadines,VCT,1974,,,,39.1,271.5,216,160
Saint Vincent and the Grenadines,VCT,1975,,,,22.6,271.5,252,240
Saint Vincent and the Grenadines,VCT,1976,,,,39.91,262.45,264,230
Saint Vincent and the Grenadines,VCT,1977,,,,39.15,262.45,279,180
Saint Vincent and the Grenadines,VCT,1978,,,,41.41,264.26,279,185
Saint Vincent and the Grenadines,VCT,1979,,,,48.84,271.5,288,230
Saint Vincent and the Grenadines,VCT,1980,,,,59.45,271.5,294,240
Saint Vincent and the Grenadines,VCT,1981,,,,53,275.12,360,240
Saint Vincent and the Grenadines,VCT,1982,,,,63.44,278.74,408,300
Saint Vincent and the Grenadines,VCT,1983,,,,67.6,289.6,450,330
Saint Vincent and the Grenadines,VCT,1984,,,,54.45,298.65,480,330
Saint Vincent and the Grenadines,VCT,1985,,,,66.95,271.5,516,330
Saint Vincent and the Grenadines,VCT,1986,,,,73.9,253.4,540,280
Saint Vincent and the Grenadines,VCT,1987,,,,82.5,217.2,600,320
Saint Vincent and the Grenadines,VCT,1988,,,,85.45,253.4,690,320
Saint Vincent and the Grenadines,VCT,1989,,,,83.05,244.35,660,360
Saint Vincent and the Grenadines,VCT,1990,,,,80.55,226.25,600,380
Saint Vincent and the Grenadines,VCT,1991,,,,72.95,217.2,546,265.58
Saint Vincent and the Grenadines,VCT,1992,,,,72.95,226.25,552,200.5
Saint Vincent and the Grenadines,VCT,1993,,,,74.15,226.25,558,167.31
Saint Vincent and the Grenadines,VCT,1994,,,,76.1,226.25,564,159.62
Saint Vincent and the Grenadines,VCT,1995,,,,78.94,226.25,570,165.46
Saint Vincent and the Grenadines,VCT,1996,,,,78.94,226.25,570,163.89
Saint Vincent and the Grenadines,VCT,1997,,,,78.94,226.25,570,162.32
Saint Vincent and the Grenadines,VCT,1998,,,,78.94,226.25,570,160.74
Saint Vincent and the Grenadines,VCT,1999,,,,78.94,226.25,570,159.17
Saint Vincent and the Grenadines,VCT,2000,,,,79.3,217.2,570,157.59
Saint Vincent and the Grenadines,VCT,2001,,,,81.2,209.96,570,156.01
Saint Vincent and the Grenadines,VCT,2002,,,,81.2,199.1,570,131.27
Saint Vincent and the Grenadines,VCT,2003,,,,81.55,182.45,550.2,99.45
Saint Vincent and the Grenadines,VCT,2004,,,,81.55,182.45,550.2,102.72
Saint Vincent and the Grenadines,VCT,2005,,,,82.8,182.45,550.2,108.41
Saint Vincent and the Grenadines,VCT,2006,,,,83.4,181,550.2,122.68
Saint Vincent and the Grenadines,VCT,2007,,,,85.9,199.1,552,163.06
Saint Vincent and the Grenadines,VCT,2008,,,,85.9,199.1,556.8,184.21
Saint Vincent and the Grenadines,VCT,2009,,,,91,208.15,576,196.19
Saint Vincent and the Grenadines,VCT,2010,,,,93.4,213,516,199.58
Saint Vincent and the Grenadines,VCT,2011,,,,93.4,220,384,202.56
Saint Vincent and the Grenadines,VCT,2012,,,,92.2,208,306,198
Saint Vincent and the Grenadines,VCT,2013,,,,92.72,206,388.39,179.54
Saint Vincent and the Grenadines,VCT,2014,,,,91.35,212,417.61,176.48
Saint Vincent and the Grenadines,VCT,2015,,,,84.47,213,445.57,146.77
Saint Vincent and the Grenadines,VCT,2016,,,,84.03,201,469.27,149.39
Saint Vincent and the Grenadines,VCT,2017,,,,82.83,202,409.63,153.24
Saint Vincent and the Grenadines,VCT,2018,,,,82.08,207,371.7,157.72
Saint Vincent and the Grenadines,VCT,2019,,,,86.23,172.33,371.12,163.39
Saint Vincent and the Grenadines,VCT,2020,,,,84.13,191.1,304.3,170.31
Saint Vincent and the Grenadines,VCT,2021,,,,74,149,388.3,169
Saint Vincent and the Grenadines,VCT,2022,,,,100,236,128,197
Saint Vincent and the Grenadines,VCT,2023,,,,74,209,101,198
Saint Vincent and the Grenadines,VCT,2024,,,,57,155,76,211
Samoa,WSM,1961,,,,,350,1020,340
Samoa,WSM,1962,,,,,450,1020,350
Samoa,WSM,1963,,,,,538,1200,360
Samoa,WSM,1964,,,,,612,1200,370
Samoa,WSM,1965,,,,,645,1200,370
Samoa,WSM,1966,,,,,475,1300,380
Samoa,WSM,1967,,,,,462,1300,380
Samoa,WSM,1968,,,,,573,1300,380
Samoa,WSM,1969,,,,,636,1300,390
Samoa,WSM,1970,,,,,497,1300,390
Samoa,WSM,1971,,,,,528,1300,390
Samoa,WSM,1972,,,,,365,1300,400
Samoa,WSM,1973,,,,,488,1300,400
Samoa,WSM,1974,,,,,375,1300,400
Samoa,WSM,1975,,,,,364,1300,400
Samoa,WSM,1976,,,,,492,1230,400
Samoa,WSM,1977,,,,,586,1230,400
Samoa,WSM,1978,,,,,636,1230,400
Samoa,WSM,1979,,,,,667,1230,390
Samoa,WSM,1980,,,,,691,1580,370
Samoa,WSM,1981,,,,,635,1900,360
Samoa,WSM,1982,,,,,661,2200,350
Samoa,WSM,1983,,,,,626,2500,345
Samoa,WSM,1984,,,,,640,2900,335
Samoa,WSM,1985,,,,,640,3200,330
Samoa,WSM,1986,,,,,560,3400,320
Samoa,WSM,1987,,,,,710,3600,310
Samoa,WSM,1988,,,,,675,3800,310
Samoa,WSM,1989,,,,,894,4000,305
Samoa,WSM,1990,,,,,915,4100,312
Samoa,WSM,1991,,,,,930,3700,320
Samoa,WSM,1992,,,,,900,3500,336
Samoa,WSM,1993,,,,,910,3600,324
Samoa,WSM,1994,,,,,945,3600,376
Samoa,WSM,1995,,,,,971,3400,360
Samoa,WSM,1996,,,,,952,3400,368
Samoa,WSM,1997,,,,,983,3400,376
Samoa,WSM,1998,,,,,975,3400,380
Samoa,WSM,1999,,,,,1000,3400,404
Samoa,WSM,2000,,,,,995,3500,416
Samoa,WSM,2001,,,,,1053,3800,448
Samoa,WSM,2002,,,,,1300,3500,480
Samoa,WSM,2003,,,,,1100,3500,488
Samoa,WSM,2004,,,,,1100,3500,496
Samoa,WSM,2005,,,,,1100,3500,512
Samoa,WSM,2006,,,,,1100,3500,441.51
Samoa,WSM,2007,,,,,1100,3160.47,437.07
Samoa,WSM,2008,,,,,1100,3026.18,431.29
Samoa,WSM,2009,,,,,1285.82,2578.49,288.56
Samoa,WSM,2010,,,,,1335.98,2867.28,432.52
Samoa,WSM,2011,,,,,1408.35,2855.01,440.17
Samoa,WSM,2012,,,,,1423.57,2839.57,448.53
Samoa,WSM,2013,,,,,1337.4,2824.76,457.53
Samoa,WSM,2014,,,,,1273.98,2762.68,466.58
Samoa,WSM,2015,,,,,1369.67,2660.32,485
Samoa,WSM,2016,,,,,1715.17,2498.27,420.64
Samoa,WSM,2017,,,,,1644.11,2181.87,398.84
Samoa,WSM,2018,,,,,1495.2,1823.35,379.29
Samoa,WSM,2019,,,,,1283.84,1386.18,304
Samoa,WSM,2020,,,,,1183.46,1786.79,337.17
Samoa,WSM,2021,,,,,1388.06,1511.06,400.07
Samoa,WSM,2022,,,,,1325,1460.24,389.57
Samoa,WSM,2023,,,,,1309.05,1421.92,385.63
Samoa,WSM,2024,,,,,1293.19,1384.08,381.71
Sao Tome and Principe,STP,1961,,,,14.23,122,155,36.5
Sao Tome and Principe,STP,1962,,,,15.49,130,173,38.75
Sao Tome and Principe,STP,1963,,,,14.04,150,173,41
Sao Tome and Principe,STP,1964,,,,10.63,95,135,43.25
Sao Tome and Principe,STP,1965,,,,8.23,75,145,45.5
Sao Tome and Principe,STP,1966,,,,8.54,49,209,48.55
Sao Tome and Principe,STP,1967,,,,8.68,129,180,50.8
Sao Tome and Principe,STP,1968,,,,9.4,144,178,53.05
Sao Tome and Principe,STP,1969,,,,8.54,166,173,55.6
Sao Tome and Principe,STP,1970,,,,9.07,138,134,58.8
Sao Tome and Principe,STP,1971,,,,7.69,166,208,62
Sao Tome and Principe,STP,1972,,,,7.5,143,166,65.2
Sao Tome and Principe,STP,1973,,,,8.58,139,221,71.6
Sao Tome and Principe,STP,1974,,,,11.3,60,70,76.4
Sao Tome and Principe,STP,1975,,,,13.6,53,145,81.2
Sao Tome and Principe,STP,1976,,,,14.35,60,245,90.5
Sao Tome and Principe,STP,1977,,,,15.32,60,145,94
Sao Tome and Principe,STP,1978,,,,16.4,68,110,111
Sao Tome and Principe,STP,1979,,,,16.88,65,75,128
Sao Tome and Principe,STP,1980,,,,17.46,65,50,152.5
Sao Tome and Principe,STP,1981,,,,17.9,70,75,169
Sao Tome and Principe,STP,1982,,,,18.23,70,80,185.5
Sao Tome and Principe,STP,1983,,,,18.66,72,85,186
Sao Tome and Principe,STP,1984,,,,18.66,80,85,186
Sao Tome and Principe,STP,1985,,,,19.05,85,90,186
Sao Tome and Principe,STP,1986,,,,19.43,85,90,186
Sao Tome and Principe,STP,1987,,,,19.6,90,100,186
Sao Tome and Principe,STP,1988,,,,19.82,90,100,186
Sao Tome and Principe,STP,1989,,,,20.04,95,100,186
Sao Tome and Principe,STP,1990,,,,20.2,90,105,184
Sao Tome and Principe,STP,1991,,,,20.42,80,110,296
Sao Tome and Principe,STP,1992,,,,21.25,98,120,385
Sao Tome and Principe,STP,1993,,,,21.56,100,55,394
Sao Tome and Principe,STP,1994,,,,21.98,91,59,411
Sao Tome and Principe,STP,1995,,,,22.29,78,63,428
Sao Tome and Principe,STP,1996,,,,22.71,102,66,445
Sao Tome and Principe,STP,1997,,,,23.23,103,70,465
Sao Tome and Principe,STP,1998,,,,23.55,104,74,482
Sao Tome and Principe,STP,1999,,,,23.76,105,77,499
Sao Tome and Principe,STP,2000,,,,23.76,108,80,596
Sao Tome and Principe,STP,2001,,,,23.87,109,84,628
Sao Tome and Principe,STP,2002,,,,24.29,114,88,678
Sao Tome and Principe,STP,2003,,,,24.49,119,92,726
Sao Tome and Principe,STP,2004,,,,24.6,122,95,707
Sao Tome and Principe,STP,2005,,,,25.66,125,97,720
Sao Tome and Principe,STP,2006,,,,25.66,120,101,720
Sao Tome and Principe,STP,2007,,,,25.66,128,150,744
Sao Tome and Principe,STP,2008,,,,25.86,128,200,744
Sao Tome and Principe,STP,2009,,,,26.3,132,260,769
Sao Tome and Principe,STP,2010,,,,26.85,134,300,763
Sao Tome and Principe,STP,2011,,,,5,137,340,408
Sao Tome and Principe,STP,2012,,,,6,140,360,409
Sao Tome and Principe,STP,2013,,,,6,144,361,437
Sao Tome and Principe,STP,2014,,,,14.6,167.04,368.49,565.58
Sao Tome and Principe,STP,2015,,,,14.58,167.19,430.91,596.79
Sao Tome and Principe,STP,2016,,,,7,217.52,482,640.73
Sao Tome and Principe,STP,2017,,,,8,195.4,569,768.38
Sao Tome and Principe,STP,2018,,,,9,213.17,508,653.57
Sao Tome and Principe,STP,2019,,,,11.27,222,486.3,756.48
Sao Tome and Principe,STP,2020,,,,10.09,228.26,594.97,704.77
Sao Tome and Principe,STP,2021,,,,12.14,256.47,566.5,696.9
Sao Tome and Principe,STP,2022,,,,15,289.98,726.38,647.56
Sao Tome and Principe,STP,2023,,,,15,391.33,776.15,558.84
Sao Tome and Principe,STP,2024,,,,15,420.21,827.7,461.74
Saudi Arabia,SAU,1961,,,10100,21000,4300,,3000
Saudi Arabia,SAU,1962,,,10350,21000,4400,,3100
Saudi Arabia,SAU,1963,,,10600,21200,4600,,3300
Saudi Arabia,SAU,1964,,,10800,21200,4900,,3600
Saudi Arabia,SAU,1965,,,11000,21400,5100,,4000
Saudi Arabia,SAU,1966,,,11250,21400,5350,,4500
Saudi Arabia,SAU,1967,,,11789,21739,5624,,5000
Saudi Arabia,SAU,1968,,,14193,21584,5473,,5500
Saudi Arabia,SAU,1969,,,12816,24842,6121,,6000
Saudi Arabia,SAU,1970,,,13900,24937,6842,,6500
Saudi Arabia,SAU,1971,,,17196,25651,8669,,7000
Saudi Arabia,SAU,1972,,,19063,26024,9148,,7500
Saudi Arabia,SAU,1973,,,24574,26245,9049,,8105
Saudi Arabia,SAU,1974,,,42750,28000,9745,,11813
Saudi Arabia,SAU,1975,,,39414,29389,10124,,14813
Saudi Arabia,SAU,1976,,,38244,30778,12917,,21813
Saudi Arabia,SAU,1977,,,35788,26600,11302,,23882
Saudi Arabia,SAU,1978,,,31571,31807,10719,,27882
Saudi Arabia,SAU,1979,,,34845,37014,10895,,30882
Saudi Arabia,SAU,1980,,,32440,38000,12278,,40820
Saudi Arabia,SAU,1981,,,26413,43335,12875,,57820
Saudi Arabia,SAU,1982,,,24525,48670,14510,,86820
Saudi Arabia,SAU,1983,,,25459,56000,20645,,124000
Saudi Arabia,SAU,1984,,,30136,61000,25922,,143000
Saudi Arabia,SAU,1985,,,33069,68956,25036,,177000
Saudi Arabia,SAU,1986,,,32411,76640,25207,,240000
Saudi Arabia,SAU,1987,,,33000,79130,18000,,246000
Saudi Arabia,SAU,1988,,,34819,82527,24000,,266050
Saudi Arabia,SAU,1989,,,35502,85030,25000,,240100
Saudi Arabia,SAU,1990,,,39949,82673,28000,,265250
Saudi Arabia,SAU,1991,,,41303,79021,27000,,285400
Saudi Arabia,SAU,1992,,,41300,83800,28000,,303700
Saudi Arabia,SAU,1993,,,43000,85100,29000,,286000
Saudi Arabia,SAU,1994,,,48000,88500,30000,,297000
Saudi Arabia,SAU,1995,,,41600,87536,26000,,310000
Saudi Arabia,SAU,1996,,,55200,87943,18000,,329000
Saudi Arabia,SAU,1997,,,50000,91000,16000,,424000
Saudi Arabia,SAU,1998,,,45500,89000,20520,,435700
Saudi Arabia,SAU,1999,,,39590,97630,21470,,418700
Saudi Arabia,SAU,2000,,,39840,98200,21600,,483700
Saudi Arabia,SAU,2001,,,39920,98400,21640,,505700
Saudi Arabia,SAU,2002,,,40500,96300,21870,,467700
Saudi Arabia,SAU,2003,,,41250,98400,22275,,468700
Saudi Arabia,SAU,2004,,,41960,101700,22180,,480700
Saudi Arabia,SAU,2005,,,41070,105500,22400,,537700
Saudi Arabia,SAU,2006,,,39580,100500,24000,,548684
Saudi Arabia,SAU,2007,,,41140,101100,29000,,559684
Saudi Arabia,SAU,2008,,,41140,88100,29000,,564684
Saudi Arabia,SAU,2009,,,42000,82400,42100,,570684
Saudi Arabia,SAU,2010,,,43000,98300,44000,,575684
Saudi Arabia,SAU,2011,,,43560,125000,43600,,469684
Saudi Arabia,SAU,2012,,,44000,127000,51000,,450680.94
Saudi Arabia,SAU,2013,,,45798.9,130160,52000,,569658
Saudi Arabia,SAU,2014,,,48000,114597.15,31000,,525648.06
Saudi Arabia,SAU,2015,,,51000,119255.56,31000,,550632.56
Saudi Arabia,SAU,2016,,,57000,120764.88,33000,,600623.75
Saudi Arabia,SAU,2017,,,61000,121480.2,34000,,650646.3
Saudi Arabia,SAU,2018,,,63000,130039.73,36000,,710580.7
Saudi Arabia,SAU,2019,,,59000,178750.2,38000,,800575.06
Saudi Arabia,SAU,2020,,,61000,229587.98,40000,,900516.56
Saudi Arabia,SAU,2021,,,47064.62,218815.9,40000,,1130744.2
Saudi Arabia,SAU,2022,,,55825.91,156301.56,42000,,1130529.4
Saudi Arabia,SAU,2023,,,67895.18,275950.62,42000,,1050496
Saudi Arabia,SAU,2024,,,66163.62,217856.7,43000,,757883.9
Senegal,SEN,1961,50,1250,6.3,9677,25875,697.5,1360
Senegal,SEN,1962,50,1350,21.3,9754,26875,832.5,2785
Senegal,SEN,1963,50,1500,6,9813,29250,990,2700
Senegal,SEN,1964,50,2125,60.75,10439.7,30875,990,2990
Senegal,SEN,1965,50,2225,67.5,11191,32000,1192.5,2885
Senegal,SEN,1966,50,2437.5,74.25,11737.33,33125,1912.5,3840
Senegal,SEN,1967,50,2375,24.75,11578.9,38750,1957.5,4040
Senegal,SEN,1968,50,2712.5,18.75,11276.5,39375,2025,4260
Senegal,SEN,1969,50,2587.5,15.3,10585,40000,3570,4585
Senegal,SEN,1970,50,2725,15.75,9822,37500,3780,4750
Senegal,SEN,1971,50,2712.5,15.75,8370.36,35000,3930,5060
Senegal,SEN,1972,50,2912.5,12,8488,35000,4110,5465
Senegal,SEN,1973,50,2787.5,12.75,7888,33750,4260,5800
Senegal,SEN,1974,50,2750,12.75,7697.6,27500,4410,6155
Senegal,SEN,1975,50,2812.5,13.5,8253.2,29750,3600,6450
Senegal,SEN,1976,50,2837.5,13.5,8501,30750,3720,7030
Senegal,SEN,1977,50,2875,15.75,8964,32500,3810,8780
Senegal,SEN,1978,50,3000,15.75,9907.5,34828.75,3900,8020
Senegal,SEN,1979,50,2812.5,13.5,9977.5,36250,3930,8475
Senegal,SEN,1980,50,2500,13.5,9850,30750,4050,9070
Senegal,SEN,1981,50,2525,13.5,11290,36750,4140,9530
Senegal,SEN,1982,50,2550,14.25,12580,37500,4200,10320
Senegal,SEN,1983,50,2600,14.25,11860,38750,4260,9450
Senegal,SEN,1984,50,2750,13.5,11425,37500,4290,10145
Senegal,SEN,1985,50,4062.5,13.5,14660,37500,3690,10810
Senegal,SEN,1986,50,3925,15.75,17940,40000,4080,13485
Senegal,SEN,1987,50,4250,15.75,18280,39375,4500,12275
Senegal,SEN,1988,50,4750,33.75,17560,39662.5,2295,13325
Senegal,SEN,1989,50,5350,15.75,18500,41275,2595,12250
Senegal,SEN,1990,48,6050,11.25,20290,42600,2625,12700
Senegal,SEN,1991,76.27,6250,11.25,22870,43662.5,3162,17275
Senegal,SEN,1992,75.9,5937.5,11.25,21705,42500,3720,16030
Senegal,SEN,1993,75.54,5950,11.25,22297,43750,3690,15015
Senegal,SEN,1994,75.17,5962.5,11.25,23043,43750,3870,15560
Senegal,SEN,1995,74.8,5962.5,11.25,23158.5,43750,3915,17460
Senegal,SEN,1996,74.44,6000,11.25,23694,43750,4110,16250
Senegal,SEN,1997,74.07,6106.25,9,24360,42500,4590,19000
Senegal,SEN,1998,73.7,6125,9,24602,41875,5130,20000
Senegal,SEN,1999,75.21,6125,6,22964,44714,6707,21608
Senegal,SEN,2000,63.7,6475,7,23632,46157,9259,23239
Senegal,SEN,2001,66,6750,7,25197,48407,9299,24437
Senegal,SEN,2002,77,6821.25,9,23853,45055,11199,23852
Senegal,SEN,2003,88,6878.13,10,24265,43305,9925,25080
Senegal,SEN,2004,76,6937.5,13,25080,43130,9270,25980
Senegal,SEN,2005,84,7000,10,28239,47196,9774,29042
Senegal,SEN,2006,60,7062.5,8,29973,50004,10316,31647
Senegal,SEN,2007,50,7162.5,12,31021,39472,10109,37032
Senegal,SEN,2008,47.51,7198.75,14,30734,52366,9608,41068
Senegal,SEN,2009,65.81,7208.75,13,31961,59464,9898,39399
Senegal,SEN,2010,66.8,7312.5,14,33379,61079,10640,45451
Senegal,SEN,2011,66.43,7250,14,38245,65052,11107,55778
Senegal,SEN,2012,66.07,7250,18,43988,76927,12113,56684
Senegal,SEN,2013,65.7,7250,15,44799,79533,12703,65011
Senegal,SEN,2014,63.91,7194.2,18,47183,74516,14882,65895
Senegal,SEN,2015,62.17,7161.43,6.3,50735.99,70164.65,15003.48,76344.73
Senegal,SEN,2016,62.06,7076.07,10.77,53335.66,70530.72,15398.62,84698.02
Senegal,SEN,2017,62.14,7095,18,59864,75263,15956,95054
Senegal,SEN,2018,61.65,6999.12,17,56082.35,76450.75,17881.97,105398.03
Senegal,SEN,2019,61.11,7176.59,6,52340.47,79755.3,18764.27,116491.71
Senegal,SEN,2020,60.5,7002.93,22.52,57068.47,87490.14,18547.15,121828.62
Senegal,SEN,2021,60.13,7013.65,21,60747,87750,15801,133202
Senegal,SEN,2022,59.97,7080.03,22,68583,90051,19798,142165
Senegal,SEN,2023,59.56,7097.27,5,66358.72,84774.55,20167.7,144135.23
Senegal,SEN,2024,59.15,7088.81,13.27,63444.96,79495.9,20460.48,159502.3
Serbia,SRB,2006,,,,22828.71,83482,254870,75100
Serbia,SRB,2007,,,,22337.98,94593,289373,69763
Serbia,SRB,2008,,,,25702.83,98676,265655,76096
Serbia,SRB,2009,,,,26959.2,99987,252188,80204
Serbia,SRB,2010,,,,25014.13,95587,269273,83808
Serbia,SRB,2011,,,,25801.57,80645,271000,102524
Serbia,SRB,2012,,,,26007,78508,293383,94860
Serbia,SRB,2013,,120,,33899,68467,302587,83824
Serbia,SRB,2014,,70,,30833,73492,320363,85552
Serbia,SRB,2015,,90,,32585,66032,287801,76243
Serbia,SRB,2016,,50,,35965,71014,302914,78641
Serbia,SRB,2017,,40,,31547,62033,312377,85018
Serbia,SRB,2018,,40,,35126,71158,312834,105505
Serbia,SRB,2019,,40,,35668,65008,301590,113577
Serbia,SRB,2020,,40,,32482,66926,303530,113978
Serbia,SRB,2021,,40,,30861,69785,312167,110528
Serbia,SRB,2022,,28.32,,31177,74044,305453,115717
Serbia,SRB,2023,,46.51,,32732,74989,295215,126551
Serbia,SRB,2024,,43.67,,31207,75048,299809,139660
Serbia and Montenegro,OWID_SRM,1992,1200,196,,22909,201250,591700,108100
Serbia and Montenegro,OWID_SRM,1993,1200,190,,25108,230852,533700,96900
Serbia and Montenegro,OWID_SRM,1994,1200,191,,26221,196504,571100,91923
Serbia and Montenegro,OWID_SRM,1995,1200,200,,28783,226600,644000,106500
Serbia and Montenegro,OWID_SRM,1996,1200,210,,30729,242200,673400,110100
Serbia and Montenegro,OWID_SRM,1997,1200,400,,30689,208600,632200,118501
Serbia and Montenegro,OWID_SRM,1998,1200,900,,29734,215500,625000,106004
Serbia and Montenegro,OWID_SRM,1999,1200,800,,22734,185200,652700,95087
Serbia and Montenegro,OWID_SRM,2000,1200,600,,23734,194200,634500,89286
Serbia and Montenegro,OWID_SRM,2001,1200,529,,22472,164800,564600,86473
Serbia and Montenegro,OWID_SRM,2002,1200,1000,,20094,166000,616700,91129
Serbia and Montenegro,OWID_SRM,2003,1200,800,,22171,164000,573900,82994
Serbia and Montenegro,OWID_SRM,2004,1200,1000,,25440,161000,538500,87304
Serbia and Montenegro,OWID_SRM,2005,1200,800,,22645,156000,562000,88575
Seychelles,SYC,1961,,,,6.54,77,70,50.2
Seychelles,SYC,1962,,,,6.93,78,45,50.2
Seychelles,SYC,1963,,,,7.32,81,75,51.5
Seychelles,SYC,1964,,,,6.93,81,75,56.5
Seychelles,SYC,1965,,,,7.7,83,75,57.8
Seychelles,SYC,1966,,,,8.09,85,105,62.8
Seychelles,SYC,1967,,,,8.47,87,105,64.1
Seychelles,SYC,1968,,,,8.86,88,129,69.1
Seychelles,SYC,1969,,,,9.24,91,141,69.1
Seychelles,SYC,1970,,,,9.63,95,200,75.4
Seychelles,SYC,1971,,,,10.01,99,295,65.1
Seychelles,SYC,1972,,,,10.23,104,400,100.4
Seychelles,SYC,1973,,,,10.78,108,450,130.4
Seychelles,SYC,1974,,,,11.55,113,500,181.7
Seychelles,SYC,1975,,,,11.55,93,550,246.7
Seychelles,SYC,1976,,,,11.94,100,550,277.8
Seychelles,SYC,1977,,,,12.32,99,400,246.5
Seychelles,SYC,1978,,,,12.71,79,470,386.5
Seychelles,SYC,1979,,,,13.09,78,520,426.5
Seychelles,SYC,1980,,,,13.47,119,580,466.5
Seychelles,SYC,1981,,,,13.86,90,660,506.5
Seychelles,SYC,1982,,,,14.24,73,720,646.5
Seychelles,SYC,1983,,,,14.63,47,780,466.5
Seychelles,SYC,1984,,,,15.02,44,840,281.5
Seychelles,SYC,1985,,,,15.4,66,900,344.5
Seychelles,SYC,1986,,,,15.84,72,930,357.5
Seychelles,SYC,1987,,,,16.17,75,960,376.5
Seychelles,SYC,1988,,,,16.61,90,990,446.5
Seychelles,SYC,1989,,,,16.94,86,1020,536.5
Seychelles,SYC,1990,,,,17.38,70,1050,536.5
Seychelles,SYC,1991,,,,17.71,83,1080,546.5
Seychelles,SYC,1992,,,,18.15,72,1050,596.5
Seychelles,SYC,1993,,,,18.48,65,1080,596.5
Seychelles,SYC,1994,,,,18.81,72,1095,716.5
Seychelles,SYC,1995,,,,18.81,65,1065,986.5
Seychelles,SYC,1996,,,,19.03,75,1050,966.5
Seychelles,SYC,1997,,,,19.25,52,1080,1089.1
Seychelles,SYC,1998,,,,19.69,47,1085,916.5
Seychelles,SYC,1999,,,,19.8,42,1069.28,936.5
Seychelles,SYC,2000,,,,20.02,35,721.62,986.5
Seychelles,SYC,2001,,,,20.02,30,331.79,936.5
Seychelles,SYC,2002,,,,20.02,30,365,906.5
Seychelles,SYC,2003,,,,20.02,30,420,1026.5
Seychelles,SYC,2004,,,,20.02,25,420,757.5
Seychelles,SYC,2005,,,,19.8,20,456.65,757.5
Seychelles,SYC,2006,,,,20.35,13,450.25,824.5
Seychelles,SYC,2007,,,,20.35,17,560,839.5
Seychelles,SYC,2008,,,,20.35,12,510,774.5
Seychelles,SYC,2009,,,,20.9,8,450,613.5
Seychelles,SYC,2010,,,,20.9,6.99,408.37,808.62
Seychelles,SYC,2011,,,,21.23,3,521.83,875.59
Seychelles,SYC,2012,,,,21.23,5,490,356.5
Seychelles,SYC,2013,,,,21.43,10,520,226.52
Seychelles,SYC,2014,,,,21.26,14,460,316.49
Seychelles,SYC,2015,,,,21.25,10.49,458.24,503.43
Seychelles,SYC,2016,,,,21.36,10.69,473.95,474.87
Seychelles,SYC,2017,,,,21.46,10.62,437.21,639.6
Seychelles,SYC,2018,,,,21.56,9.07,428.56,625.23
Seychelles,SYC,2019,,,,21.71,11.85,539.89,751.99
Seychelles,SYC,2020,,,,21.78,20,595.73,1014.3
Seychelles,SYC,2021,,,,21.87,30,732.08,1445.49
Seychelles,SYC,2022,,,,21.97,17.59,726,1527.89
Seychelles,SYC,2023,,,,22.08,11.19,733.67,1101
Seychelles,SYC,2024,,,,22.19,17.05,671.37,750.75
Sierra Leone,SLE,1961,2000,,,840,3780,435,1758
Sierra Leone,SLE,1962,2000,,,851,3960,545.2,1848
Sierra Leone,SLE,1963,2000,,,877.5,4050,696,1984.2
Sierra Leone,SLE,1964,2000,,,904,4230,870,2123.47
Sierra Leone,SLE,1965,2000,,,919.5,4320,1044,2282.86
Sierra Leone,SLE,1966,2000,,,946,4500,1160,2447.13
Sierra Leone,SLE,1967,2000,,,988,4500,1160,2556.41
Sierra Leone,SLE,1968,2000,,,1006.2,4590,1218,2605.81
Sierra Leone,SLE,1969,2000,,,1023.5,4680,1044,2637.28
Sierra Leone,SLE,1970,2000,,,1050,4770,870,2680.34
Sierra Leone,SLE,1971,2000,,,1070,4860,754,2755.2
Sierra Leone,SLE,1972,2000,,,1112,4950,812,2937.6
Sierra Leone,SLE,1973,2000,,,1143,5040,928,3210
Sierra Leone,SLE,1974,2000,,,1163,5040,986,3392.4
Sierra Leone,SLE,1975,2000,,,1205,5130,1160,3664.8
Sierra Leone,SLE,1976,2000,,,1247,5130,1218,3982.2
Sierra Leone,SLE,1977,2000,,,1278,5220,1305,4242
Sierra Leone,SLE,1978,2000,,,1320,5220,1450,4564.8
Sierra Leone,SLE,1979,2000,,,1362,5310,1508,5013.6
Sierra Leone,SLE,1980,2000,,,1395,5400,1566,5462.4
Sierra Leone,SLE,1981,2000,,,1439,5490,1653,5913.6
Sierra Leone,SLE,1982,2000,,,1498.5,5625,1740,6274.8
Sierra Leone,SLE,1983,2000,,,1553.5,5715,1827,6096
Sierra Leone,SLE,1984,2000,,,1470,5220,1740,6007.2
Sierra Leone,SLE,1985,2000,,,1415,5220,1914,6368.4
Sierra Leone,SLE,1986,2000,,,1375.5,4770,2088,6909.6
Sierra Leone,SLE,1987,2000,,,1270,4770,2204,7810.8
Sierra Leone,SLE,1988,2000,,,1347,4770,2204,7902
Sierra Leone,SLE,1989,2000,,,1361.5,5220,2204,8173.2
Sierra Leone,SLE,1990,1900,,,1367,5220,2204,8624.4
Sierra Leone,SLE,1991,1950,,,1384.3,5200,2204,8669.4
Sierra Leone,SLE,1992,2000,,,1401.7,5800.89,2204,8670.6
Sierra Leone,SLE,1993,2200,,,1436.5,5868.26,2204,8671.8
Sierra Leone,SLE,1994,2293.05,,,1501.5,5991.55,2204,8673
Sierra Leone,SLE,1995,2450,,,1330,5766.98,2204,8673
Sierra Leone,SLE,1996,2500,,,1234,4680,2204,9078
Sierra Leone,SLE,1997,2650,,,1133,4269.98,2204,9078
Sierra Leone,SLE,1998,2700,,,1151,4283.26,2204,9078
Sierra Leone,SLE,1999,2696.37,,,1138,3150,2291,9078
Sierra Leone,SLE,2000,2800,,,1138,3475.27,2291,5484
Sierra Leone,SLE,2001,2300,,,870,2589.7,324.8,2043.6
Sierra Leone,SLE,2002,2500,,,951,2568.01,406,2440.8
Sierra Leone,SLE,2003,2600,,,1089,2880.7,510.4,3208.8
Sierra Leone,SLE,2004,2800,,,1254,3150,638,3898.8
Sierra Leone,SLE,2005,2900,,,1446,4137.75,812,4873.2
Sierra Leone,SLE,2006,3000,,,1713,5490,986,5866.8
Sierra Leone,SLE,2007,3000,,,2080,5362.81,1276,7333.2
Sierra Leone,SLE,2008,2990.48,,,2425,6497.5,1566,9729.6
Sierra Leone,SLE,2009,3026.4,,,3270,8500,1914,12801
Sierra Leone,SLE,2010,3022.92,,,3505,8804.68,2059,14013.6
Sierra Leone,SLE,2011,3052.4,,,3850,9434.56,2262,14739.6
Sierra Leone,SLE,2012,3081.87,,,3923,10041.82,2320,15564.56
Sierra Leone,SLE,2013,3111.35,,,3963,10951.16,2594.51,16400.4
Sierra Leone,SLE,2014,3145.85,,,3921.76,11523.73,2189.58,17333.84
Sierra Leone,SLE,2015,3201.26,,,3894.83,10256.53,2522.6,16623.1
Sierra Leone,SLE,2016,3232.65,,,3980,9514.49,2435.56,16620
Sierra Leone,SLE,2017,3262.64,,,3980,9395.12,1261.5,16620
Sierra Leone,SLE,2018,3287.04,,,3774.71,9766.32,1356.1,17006.66
Sierra Leone,SLE,2019,3320.09,,,3937.06,10184.29,1457.83,17286.74
Sierra Leone,SLE,2020,3356.62,,,3817.06,10041.55,1494.45,19652.65
Sierra Leone,SLE,2021,3416.96,,,3758.8,11394.08,1575.96,20116.27
Sierra Leone,SLE,2022,3419.45,,,3719.65,12658.96,1683.33,19680.2
Sierra Leone,SLE,2023,3444.72,,,3682.68,11108.44,1809.74,20343.27
Sierra Leone,SLE,2024,3421.55,,,3644.58,11276.86,1937.36,20454.12
Singapore,SGP,1961,,,,1759,1482,28200,20450
Singapore,SGP,1962,,,,1877,1560,27000,21450
Singapore,SGP,1963,,,,1798,1559,24800,25140
Singapore,SGP,1964,,,,1399,1543,22700,26120
Singapore,SGP,1965,,,,1542,1717,24500,26010
Singapore,SGP,1966,,,,1805,1761,26900,26390
Singapore,SGP,1967,,,,1930,1780,27300,29680
Singapore,SGP,1968,,,,1829,2112,25000,34260
Singapore,SGP,1969,,,,2792,2222,39642,39620
Singapore,SGP,1970,,,,2936,2233,45504,44710
Singapore,SGP,1971,,,,3163,2307,51642,51810
Singapore,SGP,1972,,,,3646,2037,59225,53525.9
Singapore,SGP,1973,,,,2210,311,57215,52399
Singapore,SGP,1974,,,,2048,166,52895,53745.42
Singapore,SGP,1975,,,,2483,248,55323,73638.82
Singapore,SGP,1976,,,,3020,316,66953,80060.52
Singapore,SGP,1977,,,,2841,316,69300,85052.72
Singapore,SGP,1978,,,,2428,325,65600,84853.7
Singapore,SGP,1979,,,,2217,339,69000,85197.22
Singapore,SGP,1980,,,,2000,298,65216,88316.02
Singapore,SGP,1981,,,,1520,282,59930,89350
Singapore,SGP,1982,,,,1555,347,61300,87722
Singapore,SGP,1983,,,,1610,334,63230,87722
Singapore,SGP,1984,,,,1687,325,67736,86125
Singapore,SGP,1985,,,,1448,297,72156,76234
Singapore,SGP,1986,,,,1484,337,71696,80234
Singapore,SGP,1987,,,,1430,375,76845,90270
Singapore,SGP,1988,,,,1127,374,73770,88270
Singapore,SGP,1989,,,,803,313,74543,84270
Singapore,SGP,1990,,,,775,277,76256,90504
Singapore,SGP,1991,,,,728,287,81227,90301.12
Singapore,SGP,1992,,,,740,303,83516,87122.95
Singapore,SGP,1993,,,,679,296,85472,83698.22
Singapore,SGP,1994,,,,552,173,87374,81886.24
Singapore,SGP,1995,,,,393,98,86189,85177.51
Singapore,SGP,1996,,,,249,43,83916,85177.51
Singapore,SGP,1997,,,,219,57,84222,96870.61
Singapore,SGP,1998,,,,182,37,84133,87440.31
Singapore,SGP,1999,,,,96,35,31100,95762.19
Singapore,SGP,2000,,,,49,37,21000,91558.54
Singapore,SGP,2001,,,,35,39,22532,92498.08
Singapore,SGP,2002,,,,40,42,21309,95250.17
Singapore,SGP,2003,,,,35,40,18984,90998.98
Singapore,SGP,2004,,,,38,44,20015,72251.64
Singapore,SGP,2005,,,,39,41,20213,81024.48
Singapore,SGP,2006,,,,35.86,42,15902,80373.16
Singapore,SGP,2007,,,,38,42,19211,88313.15
Singapore,SGP,2008,,,,38,42,19332,87882.05
Singapore,SGP,2009,,,,38,42,17465,90955.23
Singapore,SGP,2010,,,,37.8,45,18800,94023.79
Singapore,SGP,2011,,,,37.79,45,19000,97290.09
Singapore,SGP,2012,,,,39,50,19600,97043.5
Singapore,SGP,2013,,,,39,50,19000,99012.83
Singapore,SGP,2014,,,,38.79,37.54,19897.12,95000
Singapore,SGP,2015,,,,33.66,36.04,21340.66,82282.79
Singapore,SGP,2016,,,,28.53,43.49,21319.14,81897.35
Singapore,SGP,2017,,,,23.8,35.82,20668.35,79004.15
Singapore,SGP,2018,,,,18.84,34.31,19561.61,82185.15
Singapore,SGP,2019,,,,14.23,33.77,22673.33,79134.72
Singapore,SGP,2020,,,,9.83,33.06,27461.96,77408.68
Singapore,SGP,2021,,,,29.31,35,26020.43,72175.33
Singapore,SGP,2022,,,,29.4,34.49,24493.32,44257.56
Singapore,SGP,2023,,,,29.5,34.19,12125.15,46177.55
Singapore,SGP,2024,,,,29.6,33.9,7418.76,49028.77
Slovakia,SVK,1993,,102,,3086,92810,241495,34340
Slovakia,SVK,1994,,102,,2165,67064,244274,36665
Slovakia,SVK,1995,,38,,2221,59336,242774,31195
Slovakia,SVK,1996,,24,,1946,61109,250823,51210
Slovakia,SVK,1997,,29,,1984,65572,254810,40061.47
Slovakia,SVK,1998,,20,,1808,58813,227037,39860
Slovakia,SVK,1999,,25,,1646,50164,220288,60940
Slovakia,SVK,2000,,25,,1997,47950,163603,62299
Slovakia,SVK,2001,,25,,2104,38175,153012,58845
Slovakia,SVK,2002,,25,,2117,41640,154310,85813
Slovakia,SVK,2003,200,25,,2226,32885,183252,86219
Slovakia,SVK,2004,,25,,1145,25580,164906,85280
Slovakia,SVK,2005,,25,,1552,26385,139938,87964
Slovakia,SVK,2006,,26,,1201,21413,122258,88209
Slovakia,SVK,2007,,24,,1166,22989,113825,84311
Slovakia,SVK,2008,,24,,1265,19862,102406,77657
Slovakia,SVK,2009,,24,,1253,17672,88432,75760
Slovakia,SVK,2010,,24,,1326,15611,84092,70826
Slovakia,SVK,2011,,24.7,,1203,13177,70604,63558
Slovakia,SVK,2012,,18.6,,1203,13177,70604,63558
Slovakia,SVK,2013,,17.64,,1257,11721,64866,64036
Slovakia,SVK,2014,,23.68,,1190,11597.37,63073,58358
Slovakia,SVK,2015,,22.36,,1239,10711,52397,57773
Slovakia,SVK,2016,,22.81,,1139,10261,55928,65939
Slovakia,SVK,2017,,21.24,,1382,10534,57929,70971
Slovakia,SVK,2018,,,,810,10670,66390,74510
Slovakia,SVK,2019,,,,770,10710,72350,71432.9
Slovakia,SVK,2020,,,,750,10920,70480,
Slovakia,SVK,2021,,,,660,11930,69910,
Slovakia,SVK,2022,,,,750,10850,59120,
Slovakia,SVK,2023,,,,700,10320,53600,
Slovakia,SVK,2024,,,,650,10060,44300,
Slovenia,SVN,1992,,161,,300,38166,41051,59645
Slovenia,SVN,1993,,87,,300,51527,65337,53345
Slovenia,SVN,1994,,217,,400,52200,71096,49406
Slovenia,SVN,1995,,192,,500,51200,60800,62368
Slovenia,SVN,1996,,263,,500,33641,62700,49797
Slovenia,SVN,1997,,311,,700,33781,59200,54444
Slovenia,SVN,1998,,298,,920,33721,64900,53236
Slovenia,SVN,1999,,316,,1220,34482,71200,49261
Slovenia,SVN,2000,,347,,1130,34572,60000,50629
Slovenia,SVN,2001,,367,,1400,39159,66400,55647
Slovenia,SVN,2002,,296,,1500,40472,62000,50748
Slovenia,SVN,2003,,328,,1640,43136,73700,55135
Slovenia,SVN,2004,,330,,1685,40079,71323,50955
Slovenia,SVN,2005,,239,,1958,37382,62600,52193
Slovenia,SVN,2006,,253,,1999,37908,61151,46878
Slovenia,SVN,2007,,324,,2078,36203,57331,57849
Slovenia,SVN,2008,,305,,1928,36943,54566,58572
Slovenia,SVN,2009,,352,,2017,35260,44090,60001
Slovenia,SVN,2010,,382,,2027,35772,44130,60733
Slovenia,SVN,2011,,381,,1888,35571,38975,57776
Slovenia,SVN,2012,,381,,1752,33089,35607,59331
Slovenia,SVN,2013,,307,,1604,32104,29569,56950
Slovenia,SVN,2014,,344,,1624,31566,29709,59518
Slovenia,SVN,2015,,317,,1664,33583,27317,58507
Slovenia,SVN,2016,,319,,1640,35656,30724,63569
Slovenia,SVN,2017,,287,,1720,35795,31438,68281
Slovenia,SVN,2018,,235,,1810,34870,31290,69170
Slovenia,SVN,2019,,255,,1710,35740,32210,70000
Slovenia,SVN,2020,,,,1760,36500,28950,72940
Slovenia,SVN,2021,,,,1770,37540,30030,72200
Slovenia,SVN,2022,,,,1690,36080,26210,73660
Slovenia,SVN,2023,,,,1760,33270,23190,75250
Slovenia,SVN,2024,,,,1730,31940,22830,77960
Small Island Developing States (FAO),,1961,120000,3757.9,,14143.93,231354.25,138391.94,92741.8
Small Island Developing States (FAO),,1962,123000,3840.4,,14451.87,238801.38,139994.4,99677.72
Small Island Developing States (FAO),,1963,125000,3968.35,,14274.95,246463.73,140917.52,109571.16
Small Island Developing States (FAO),,1964,128000,4101.7,,13858.59,261813.6,141233.3,118043.37
Small Island Developing States (FAO),,1965,130000,4174.7,,13943.96,269346.94,147117.6,122773.16
Small Island Developing States (FAO),,1966,135000,4323.15,,14344.58,276424.22,153858.05,132205.84
Small Island Developing States (FAO),,1967,138000,4441.75,,15303.83,280418.62,155060,142654.1
Small Island Developing States (FAO),,1968,140000,4577.4,,15302.49,343202.78,155779.75,153173.06
Small Island Developing States (FAO),,1969,145000,4711.4,,15564.79,336558.28,175325.7,167051.88
Small Island Developing States (FAO),,1970,148000,4792.65,,15790.83,317570.34,186090.8,182483.64
Small Island Developing States (FAO),,1971,150000,4951.6,,16225.36,309985,203644,201457.23
Small Island Developing States (FAO),,1972,153000,5056.3,,16623.85,306031.88,217642.5,208338.48
Small Island Developing States (FAO),,1973,155000,5179.75,,15371.3,285177.7,224377.7,222326.31
Small Island Developing States (FAO),,1974,160000,5276,,14989.67,261959.73,216669,226403.67
Small Island Developing States (FAO),,1975,162000,5372.8,,15502.63,247230.97,220413.5,257302.6
Small Island Developing States (FAO),,1976,165000,5491.5,,16219.32,283680.16,250291.58,273461.1
Small Island Developing States (FAO),,1977,168000,5555.75,,16034.07,300748.44,291645.1,295585.62
Small Island Developing States (FAO),,1978,170000,5943.5,,15025.58,302330.25,269534.8,316089.2
Small Island Developing States (FAO),,1979,175216,5854,,14752.21,290159.56,266883.1,335386.1
Small Island Developing States (FAO),,1980,180240,6066.5,,15041.71,293885.44,238508.3,365600.38
Small Island Developing States (FAO),,1981,185250,6149.05,,14747.72,288794.16,228474.2,381140
Small Island Developing States (FAO),,1982,190325,6236.25,,15113.1,293509.62,237852.9,357179.3
Small Island Developing States (FAO),,1983,195325,6366.5,,15777.45,303285.9,243552,382430.06
Small Island Developing States (FAO),,1984,200325,6396.25,,16174.95,305841.03,262414.1,413555.3
Small Island Developing States (FAO),,1985,205325,6422.5,,16181.91,314899.3,285929.25,400615.6
Small Island Developing States (FAO),,1986,210350,6428,,16297.89,322156.3,299015.47,414876.6
Small Island Developing States (FAO),,1987,215375,6443,,16113.68,317141.4,310639.06,440588.5
Small Island Developing States (FAO),,1988,220400,6484.5,,16048.7,324747.62,306565.56,463716.8
Small Island Developing States (FAO),,1989,225425,6586,,19517.51,321622.1,316318.3,474499.8
Small Island Developing States (FAO),,1990,230450,6611.75,,20420.92,323124.06,335628.66,494093.12
Small Island Developing States (FAO),,1991,235175,6456,,20308.65,245077.55,326433.03,548326.3
Small Island Developing States (FAO),,1992,240525,6697.5,,20347.05,241058.67,321060.62,532937.75
Small Island Developing States (FAO),,1993,245525,6497,,19930.1,229244.23,357328.03,530725.56
Small Island Developing States (FAO),,1994,250535,6579,,19943.5,233725.77,367565.53,492757.53
Small Island Developing States (FAO),,1995,255550,6643,,17125.48,234483.23,405377.16,503268.12
Small Island Developing States (FAO),,1996,260550,6703.25,,17329.22,243959.6,408118.62,532469.94
Small Island Developing States (FAO),,1997,265550,6609.5,,18647.71,225673.02,369928.7,559369.5
Small Island Developing States (FAO),,1998,270500,6534.5,,20483.11,235152.5,392802.28,557218.7
Small Island Developing States (FAO),,1999,275520,6594.5,,20662.14,245889.89,345315.97,592132
Small Island Developing States (FAO),,2000,280550,6694.5,,23344.59,254643.1,334334.38,633540.75
Small Island Developing States (FAO),,2001,290570,6740.5,,23858.89,250626.1,365007.56,722739.7
Small Island Developing States (FAO),,2002,300590,6770.5,,25210.91,243058.62,392880.22,701304.1
Small Island Developing States (FAO),,2003,310600,6882.5,,25426.02,233643.45,377359.6,687116.75
Small Island Developing States (FAO),,2004,320585.22,6512.5,,26286.7,233930.44,366173.9,721429.94
Small Island Developing States (FAO),,2005,330620,6414.5,,26803.06,233882.7,383063.66,794520.1
Small Island Developing States (FAO),,2006,355620,5944.75,,25299.61,237907.58,394504.78,811530
Small Island Developing States (FAO),,2007,365625,5906.5,,28182.09,246652.95,470217.97,855599.8
Small Island Developing States (FAO),,2008,375625,5886,,29600.21,254465.9,477206,810731.4
Small Island Developing States (FAO),,2009,380625,5863,,28721.73,258967.6,463442,833837.1
Small Island Developing States (FAO),,2010,360625,5879,,28370.73,271386.72,443707,783305
Small Island Developing States (FAO),,2011,380625,5890.5,,30157.65,262885.94,486496.7,796095.25
Small Island Developing States (FAO),,2012,380625,5880.67,,30665.04,256629.02,453772.53,785111.06
Small Island Developing States (FAO),,2013,389567.3,5877.85,,29999.43,262681.47,478392.9,791328.94
Small Island Developing States (FAO),,2014,396133,5716.63,,30361.38,244209.08,475958.56,822276.06
Small Island Developing States (FAO),,2015,407589.66,5610.65,,29023.75,267542.9,484917.12,808127.56
Small Island Developing States (FAO),,2016,412563.53,5524.78,,30756.06,270002.88,506317.53,827815.1
Small Island Developing States (FAO),,2017,416819.47,5597.69,,29717.13,236590.11,516631.7,866440.94
Small Island Developing States (FAO),,2018,422207.62,5371.68,,29858.35,247234.28,512867.7,902999.4
Small Island Developing States (FAO),,2019,427840.8,5312.5,,34998.22,230561.12,519960.53,884943.4
Small Island Developing States (FAO),,2020,433088.8,5305.9,,36151.03,223939.72,423259.5,786036.3
Small Island Developing States (FAO),,2021,440601.1,5265,,40133.3,241317.3,439223.84,839447.56
Small Island Developing States (FAO),,2022,433648.34,5242.6,,34830.72,245983.69,463645.4,887080.1
Small Island Developing States (FAO),,2023,439164.25,5185.82,,34075.27,232736.19,277569.84,895727.4
Small Island Developing States (FAO),,2024,444626.12,5118.35,,36197.99,227529.62,275419.3,948796.25
Solomon Islands,SLB,1961,,,,,138.75,640,89.51
Solomon Islands,SLB,1962,,,,,138.75,672,90.93
Solomon Islands,SLB,1963,,,,,165.21,700,93.06
Solomon Islands,SLB,1964,,,,,165.21,720,95.19
Solomon Islands,SLB,1965,,,,,208.13,760,97.33
Solomon Islands,SLB,1966,,,,,249.75,800,99.46
Solomon Islands,SLB,1967,,,,,296,840,102.3
Solomon Islands,SLB,1968,,,,,333,880,105.14
Solomon Islands,SLB,1969,,,,,370,960,107.98
Solomon Islands,SLB,1970,,,,,407,1080,110.82
Solomon Islands,SLB,1971,,,,,444,1120,113.66
Solomon Islands,SLB,1972,,,,,518,1200,117.22
Solomon Islands,SLB,1973,,,,,573.5,1280,120.77
Solomon Islands,SLB,1974,,,,,1036,1320,124.8
Solomon Islands,SLB,1975,,,,,925,1348,128
Solomon Islands,SLB,1976,,,,,795.5,1360,130.4
Solomon Islands,SLB,1977,,,,,817.7,1400,132.8
Solomon Islands,SLB,1978,,,,,832.5,1440,135.2
Solomon Islands,SLB,1979,,,,,814,1480,137.6
Solomon Islands,SLB,1980,,,,,943.5,1516,140
Solomon Islands,SLB,1981,,,,,740,1520,130
Solomon Islands,SLB,1982,,,,,1359.75,1560,140
Solomon Islands,SLB,1983,,,,,758.5,1600,136
Solomon Islands,SLB,1984,,,,,777,1600,136
Solomon Islands,SLB,1985,,,,,795.5,1640,137.6
Solomon Islands,SLB,1986,,,,,869.5,1600,136
Solomon Islands,SLB,1987,,,,,647.5,1640,136
Solomon Islands,SLB,1988,,,,,610.5,1680,139.2
Solomon Islands,SLB,1989,,,,,610.5,1720,144
Solomon Islands,SLB,1990,,,,,610.5,1760,144
Solomon Islands,SLB,1991,,,,,610.5,2000,152
Solomon Islands,SLB,1992,,,,,610.5,2000,160
Solomon Islands,SLB,1993,,,,,610.5,2080,176
Solomon Islands,SLB,1994,,,,,610.5,2080,184
Solomon Islands,SLB,1995,,,,,610.5,2080,200
Solomon Islands,SLB,1996,,,,,610.5,2080,216
Solomon Islands,SLB,1997,,,,,610.5,2120,232
Solomon Islands,SLB,1998,,,,,610.5,2120,240
Solomon Islands,SLB,1999,,,,,610.5,2080,240
Solomon Islands,SLB,2000,,,,,610.5,2100,248
Solomon Islands,SLB,2001,,,,,592,2200,264
Solomon Islands,SLB,2002,,,,,647.5,2220,272
Solomon Islands,SLB,2003,,,,,647.5,2240,272
Solomon Islands,SLB,2004,,,,,693.75,2280,280
Solomon Islands,SLB,2005,,,,,693.75,2320,280
Solomon Islands,SLB,2006,,,,,721.5,2320,280
Solomon Islands,SLB,2007,,,,,740,2320,280
Solomon Islands,SLB,2008,,,,,740,2360,288
Solomon Islands,SLB,2009,,,,,740,2400,288
Solomon Islands,SLB,2010,,,,,740,2360,288
Solomon Islands,SLB,2011,,,,,740,2340,288
Solomon Islands,SLB,2012,,,,,748.98,2400,287.27
Solomon Islands,SLB,2013,,,,,757.88,2429.86,283.75
Solomon Islands,SLB,2014,,,,,751.76,2481.34,282.63
Solomon Islands,SLB,2015,,,,,754.86,2505.69,282.31
Solomon Islands,SLB,2016,,,,,752.11,2531.75,282.88
Solomon Islands,SLB,2017,,,,,753.2,2542.91,283.73
Solomon Islands,SLB,2018,,,,,753.66,2519.98,283.94
Solomon Islands,SLB,2019,,,,,755.14,2514.08,285.39
Solomon Islands,SLB,2020,,,,,755.29,2512.56,285.18
Solomon Islands,SLB,2021,,,,,763.48,2533.81,286.2
Solomon Islands,SLB,2022,,,,,766.16,2542.86,285.85
Solomon Islands,SLB,2023,,,,,769.21,2558.84,285.71
Solomon Islands,SLB,2024,,,,,772.26,2568.9,285.56
Somalia,SOM,1961,,,8500,41912,27170,84,1120
Somalia,SOM,1962,,,8840,42575,27610,90,1168
Somalia,SOM,1963,,,11050,44200,28050,105,1200
Somalia,SOM,1964,,,9520,45097,28490,120,1200
Somalia,SOM,1965,,,9180,46371,29040,140,1280
Somalia,SOM,1966,,,9010,48282,29370,150,1368
Somalia,SOM,1967,,,8670,49660,30690,160,1456
Somalia,SOM,1968,,,12750,51636,31900,180,1544
Somalia,SOM,1969,,,11390,51012,33770,190,1640
Somalia,SOM,1970,,,11560,53937,32670,195,1808
Somalia,SOM,1971,,,12240,51363,33330,200,1920
Somalia,SOM,1972,,,13090,53352,32230,210,2080
Somalia,SOM,1973,,,11560,54249,32450,216,2240
Somalia,SOM,1974,,,12920,50999,30690,225,2392
Somalia,SOM,1975,,,12410,52741,32780,231,2496
Somalia,SOM,1976,,,12070,58630,31460,240,2600
Somalia,SOM,1977,,,12750,58643,37400,246,2704
Somalia,SOM,1978,,,12750,56004,33220,255,2808
Somalia,SOM,1979,,,13260,58292,33660,264,2912
Somalia,SOM,1980,,,14450,67184,37950,270,3016
Somalia,SOM,1981,,,15300,63544,42020,276,3120
Somalia,SOM,1982,,,15300,64311,40700,285,3200
Somalia,SOM,1983,,,12750,69589,41800,291,3248
Somalia,SOM,1984,,,13600,73333,39820,294,3280
Somalia,SOM,1985,,,15300,74945,41800,300,3296
Somalia,SOM,1986,,,18020,69082,35420,303,3296
Somalia,SOM,1987,,,18819,86479.9,43505,303,3304
Somalia,SOM,1988,,,19380,86514.99,50160,306,3328
Somalia,SOM,1989,,,25500,90220,50600,306,3328
Somalia,SOM,1990,,,30600,88270,46200,300,3224
Somalia,SOM,1991,,,34000,72800,40700,210,2400
Somalia,SOM,1992,,,32300,52000,36300,90,1600
Somalia,SOM,1993,,,34000,53300,41800,105,2600
Somalia,SOM,1994,,,34000,54600,44000,115,2920
Somalia,SOM,1995,,,34850,57200,49500,120,3120
Somalia,SOM,1996,,,35700,59800,53900,130,3200
Somalia,SOM,1997,,,34000,57200,60500,135,3360
Somalia,SOM,1998,,,37400,75400,61600,120,3200
Somalia,SOM,1999,,,34000,67600,58300,115,3280
Somalia,SOM,2000,,,39100,67600,61600,120,3200
Somalia,SOM,2001,,,41650,83200,62700,125,3520
Somalia,SOM,2002,,,40800,79300,61600,125,3520
Somalia,SOM,2003,,,44200,87750,63800,135,3600
Somalia,SOM,2004,,,44540,92300,64900,137.5,3624
Somalia,SOM,2005,,,44710,92300,67650,145,3680
Somalia,SOM,2006,,,44200,90350,66000,125,3600
Somalia,SOM,2007,,,44200,81315,59400,125,3600
Somalia,SOM,2008,,,44200,81055,58850,125,3320
Somalia,SOM,2009,,,44200,80600,58300,125,3080
Somalia,SOM,2010,,,44200,81900,59180,115,3520
Somalia,SOM,2011,,,44200,83200,59620,100,3520
Somalia,SOM,2012,,,45900,85150,59840,100,3600
Somalia,SOM,2013,,,45900,85150,60500,100,3600
Somalia,SOM,2014,,,45971.56,85050.97,59335.23,102.01,3676.79
Somalia,SOM,2015,,,46628.82,85068.67,58498.15,103.78,3786.84
Somalia,SOM,2016,,,46962.46,82910.41,57150.31,103.79,3847.23
Somalia,SOM,2017,,,47544.64,81430.23,57225.54,103.2,3873.67
Somalia,SOM,2018,,,47995.95,80560.38,56950.89,102.55,3894.41
Somalia,SOM,2019,,,48540.24,79394.51,56000,102,3924.24
Somalia,SOM,2020,,,49096.33,79603.23,55000,101.46,3956.72
Somalia,SOM,2021,,,49472.15,73755.47,27913.86,100.95,4038.55
Somalia,SOM,2022,,,49829.39,76407.86,55402.54,101.5,4027.06
Somalia,SOM,2023,,,50238.28,73405.95,55436,100.35,4057.68
Somalia,SOM,2024,,,50626.2,70039.3,55480.62,99.21,4088.26
South Africa,ZAF,1961,0,2000,,123000,390310,57110,34927
South Africa,ZAF,1962,0,2000,,124000,391154,58743,40575.5
South Africa,ZAF,1963,0,2000,,123000,429000,58000,44824
South Africa,ZAF,1964,0,1800,,125000,453000,63000,51872.5
South Africa,ZAF,1965,0,1800,,141000,450000,65000,58921
South Africa,ZAF,1966,0,1600,,148000,430000,67000,69287
South Africa,ZAF,1967,0,1600,,152000,378000,75000,80013
South Africa,ZAF,1968,0,1600,,177000,355000,72000,91259
South Africa,ZAF,1969,500,1200,,201000,390000,82688,101105
South Africa,ZAF,1970,1000,1200,,181889,388176,80924,107502
South Africa,ZAF,1971,1000,1200,,195343,415957,78900,111530
South Africa,ZAF,1972,1000,1000,,209477,466552,89700,129933
South Africa,ZAF,1973,2000,1000,,159211,488394,99900,155346
South Africa,ZAF,1974,2000,1000,,136379,527036,90800,150930
South Africa,ZAF,1975,3000,1000,,143497,515035,87100,173814.5
South Africa,ZAF,1976,4000,1000,,151762,508549,92500,198648.5
South Africa,ZAF,1977,5000,1000,,148160,543690,93500,199342.75
South Africa,ZAF,1978,6000,1000,,155615,588683,88000,213362
South Africa,ZAF,1979,7000,1000,,161271,642044,87700,215356.25
South Africa,ZAF,1980,9000,1000,,161471,584678,88800,235450.5
South Africa,ZAF,1981,10000,1000,,161800,542000,95700,247104.75
South Africa,ZAF,1982,10000,1000,,162500,582000,112000,265846.5
South Africa,ZAF,1983,10000,1000,,163500,588000,113600,292102.5
South Africa,ZAF,1984,10000,1000,,164000,620000,110400,297262
South Africa,ZAF,1985,10000,1000,,166000,650000,107400,318814.5
South Africa,ZAF,1986,10000,1000,,141000,604000,104300,333814.5
South Africa,ZAF,1987,10000,1000,,159500,596000,107500,343814.5
South Africa,ZAF,1988,10000,1000,,163000,545000,114900,353854.5
South Africa,ZAF,1989,10000,1000,,166500,542000,126200,363894.5
South Africa,ZAF,1990,11072,1000,,167600,609000,130800,537938
South Africa,ZAF,1991,6658.26,1000,,194170,681000,123600,502978
South Africa,ZAF,1992,7136.58,1000,,179550,720500,128700,498978
South Africa,ZAF,1993,8457.81,1200,,164870,658000,125300,526971
South Africa,ZAF,1994,9581.74,1400,,119900,557000,115200,562091
South Africa,ZAF,1995,9910.53,1600,,107110,523000,121100,604231.5
South Africa,ZAF,1996,11000,1700,,113760,480000,130400,653366
South Africa,ZAF,1997,13000,1400,,105550,789000,121600,696479
South Africa,ZAF,1998,14000,1400,,106120,522000,125700,669576
South Africa,ZAF,1999,15000,1400,,120270,558000,116800,710756.5
South Africa,ZAF,2000,16000,1500,,110880,582000,112400,821420
South Africa,ZAF,2001,17252.07,1500,,112630,572000,116500,897761.5
South Africa,ZAF,2002,17000,1500,,113620,579000,117100,930049.5
South Africa,ZAF,2003,19551.25,1500,,130800,635000,148600,904960.5
South Africa,ZAF,2004,20830.38,1500,,149710,683000,157500,912355
South Africa,ZAF,2005,19500,1478.87,,144580,746000,160700,955265
South Africa,ZAF,2006,24928.47,1500,,146180,832000,180600,977375
South Africa,ZAF,2007,27857.5,1520,,180160,829000,185200,1131550
South Africa,ZAF,2008,30763.68,1520,,173940,798000,178000,1334259
South Africa,ZAF,2009,33843.48,1880,,173520,803000,184700,1394353.5
South Africa,ZAF,2010,37075.96,1980,,166870,897000,202200,1478381.5
South Africa,ZAF,2011,46000,2100,,156320,878000,201100,1492483.5
South Africa,ZAF,2012,43893.04,1796.85,,166760,875000,208700,1495596.1
South Africa,ZAF,2013,42551.66,1497.33,,188460,953106.75,216215.45,1678941
South Africa,ZAF,2014,44790.96,1340.24,,194670,1000658.56,234463.06,1724215.2
South Africa,ZAF,2015,51615.72,1354.13,,179014,1072800,237387,1734083.2
South Africa,ZAF,2016,46319.45,1354.01,,180380,1089686,240212,1684958.4
South Africa,ZAF,2017,49334.18,1365.96,,166961,1014071,235300,1665323.5
South Africa,ZAF,2018,50951.54,1156.34,,173581,1003214,265511,1750450.6
South Africa,ZAF,2019,50179.73,1198.66,,174510,1036820,279470,1821193.9
South Africa,ZAF,2020,51408.19,1237.03,,172690,1041360,293430,1894224.8
South Africa,ZAF,2021,51071.05,1267.3,,167870,1053160,322210,1917358.4
South Africa,ZAF,2022,52014.62,1246.16,,173160,1008270,353360,1958365.4
South Africa,ZAF,2023,52829.36,1238.36,,164750,1032360,353280,1865409.2
South Africa,ZAF,2024,53993.12,1235.79,,180440,1101970,365630,1922452.2
South America,OWID_SAM,1961,30000,76310,,380545.28,4666231,986423,316311.34
South America,OWID_SAM,1962,31000,87949,,386305.22,4925358,1013429,339839.06
South America,OWID_SAM,1963,42000,108780,,364226.56,5200073,995724.44,394073.94
South America,OWID_SAM,1964,32800,142812,,349151.94,4799341,1000527.25,443836.38
South America,OWID_SAM,1965,31500,136404,,390399.38,4777917,1079629.9,554182.1
South America,OWID_SAM,1966,32024,121919,,427972.1,5005062,1176210.8,582721.94
South America,OWID_SAM,1967,32525,128402,,422032.03,5276687,1183733,639657.3
South America,OWID_SAM,1968,32744,137061,,451170.6,5626238,1206040,690946.8
South America,OWID_SAM,1969,45927,144640,,427657.7,6126122,1240067,762682.56
South America,OWID_SAM,1970,47674,145766,,437852.12,5977174,1305536.5,873274.44
South America,OWID_SAM,1971,36213,138537,,428183.7,5239887,1397726,907845.9
South America,OWID_SAM,1972,58800,142630,,368595.62,5671729,1347481.5,1009067.2
South America,OWID_SAM,1973,38500,133901,,344007.1,5703626,1356439,1123763.9
South America,OWID_SAM,1974,42850,90955,,336580.1,5708311,1370200.5,1283408.2
South America,OWID_SAM,1975,41200,94505,,346029.16,6216285,1436652.2,1316739
South America,OWID_SAM,1976,42500,110922,,345043.72,6935516,1474729,1402085.8
South America,OWID_SAM,1977,43800,99662.8,,341921.3,7051412,1512600.2,1523666.2
South America,OWID_SAM,1978,43000,108717.8,,328532.28,7488924,1525873.9,1704086
South America,OWID_SAM,1979,45100,114341.4,,326648.72,7411711,1631023.8,2010900.2
South America,OWID_SAM,1980,46520,90798,,303742.97,7507360,1740777.5,2410831
South America,OWID_SAM,1981,47810,89166.42,,322509.3,7856805,1756926.1,2640132
South America,OWID_SAM,1982,50500,88448.5,,320650.97,7499461,1636312.9,2858802.2
South America,OWID_SAM,1983,49830,87760.96,,320198.16,7648456,1666609.8,2808359.5
South America,OWID_SAM,1984,51120,95580,,312039.47,7775562,1541198.9,2620447
South America,OWID_SAM,1985,51220,85804.4,,315676.75,8177883,1576868.1,2801504.8
South America,OWID_SAM,1986,52220,64434.4,,332415.9,8434029,1674513.2,3018209.2
South America,OWID_SAM,1987,49053,63213.38,,336488.12,7989191,1867686.5,3378127.2
South America,OWID_SAM,1988,47997,64295.74,,346033.38,8496706,2003639,3622855.8
South America,OWID_SAM,1989,46000,68298.14,,352622.53,8919741,1901109.6,3535471.8
South America,OWID_SAM,1990,6450,71440,,363662.4,9368559,1900444,3900726.2
South America,OWID_SAM,1991,48075,81854.5,,360350.53,9597381,2047429,4467432
South America,OWID_SAM,1992,49455,90323.56,,344797.25,9578211,2172080,4955880
South America,OWID_SAM,1993,50772,90893.26,,349780.03,9739326,2500142.8,5544832
South America,OWID_SAM,1994,51430,88035.8,,370724.75,10078418,2752592.2,6043952
South America,OWID_SAM,1995,52363.69,86082.68,,366657.9,10603951,2873718.5,6925339
South America,OWID_SAM,1996,53420,85899.12,,321416.62,11237415,2947479.2,6953493
South America,OWID_SAM,1997,53844,87278.88,,321467.22,11178111,3084927.2,7484478.5
South America,OWID_SAM,1998,49898,83128,,311183.38,10808396,3428141,8112615
South America,OWID_SAM,1999,54630,93843,,315728.53,11587816,3542094,9042252
South America,OWID_SAM,2000,54895.2,97687.5,,321144.12,11845997,3646374.5,9696040
South America,OWID_SAM,2001,50528,98327,,350699.34,11651258,3722326.8,10289204
South America,OWID_SAM,2002,50623.06,101217.5,,295545.56,12082308,3863774.5,10983564
South America,OWID_SAM,2003,55745,100262,,297492.72,12308453,4148933.8,11599237
South America,OWID_SAM,2004,55840,91551,,295890.4,13316384,4227317,12806050
South America,OWID_SAM,2005,55980,92347,,300528.8,12251105,4018038.8,12453115
South America,OWID_SAM,2006,56290,97663,,298891.47,12956273,4170580,13261203
South America,OWID_SAM,2007,56950,95086.5,,294063.62,13218132,4450212.5,14473780
South America,OWID_SAM,2008,55587,85953.94,,294150.28,12797881,4493275,16209242
South America,OWID_SAM,2009,57060,81655.484,,293222.72,12913599,4624593.5,16282957
South America,OWID_SAM,2010,58143.43,75697.5,,312817.62,12489291,4752754,17352592
South America,OWID_SAM,2011,58120,72661,,308230.6,12208452,4873581,18515242
South America,OWID_SAM,2012,58117.6,66452.28,,299381.78,12993101,4974079,18898616
South America,OWID_SAM,2013,58150.37,59405.52,,306774.06,14125280,4902446,19496868
South America,OWID_SAM,2014,58279.92,62029.79,,305195.2,15564331,5049352.5,20174470
South America,OWID_SAM,2015,58500.21,61213.16,,296884.25,13891401,5368492,21067538
South America,OWID_SAM,2016,58645.8,61334.32,,294610.8,13173251,5717977,21130568
South America,OWID_SAM,2017,58726.85,64194.6,,298794.66,13819562,5831892.5,21502806
South America,OWID_SAM,2018,58796.78,67776.63,,309612.34,14281476,6108165,21342574
South America,OWID_SAM,2019,59272.203,68061.95,,326243,14521868,6349894.5,21808720
South America,OWID_SAM,2020,59805.25,67308.81,,334689.75,14059593,6777565,21924100
South America,OWID_SAM,2021,60283.78,77405.13,,329958.88,13573174,7298312,21048156
South America,OWID_SAM,2022,60281.27,73925.95,,331852.7,14365895,7716875.5,21607476
South America,OWID_SAM,2023,60341.2,62033.18,,334366.88,15396163,7934157.5,21993732
South America,OWID_SAM,2024,60576.32,67652.85,,331238.25,16581150,8091099.5,22621164
South America (FAO),,1961,30000,76310,,380545.28,4666231,986423,316311.34
South America (FAO),,1962,31000,87949,,386305.22,4925358,1013429,339839.06
South America (FAO),,1963,42000,108780,,364226.56,5200073,995724.44,394073.9
South America (FAO),,1964,32800,142812,,349151.94,4799341,1000527.25,443836.38
South America (FAO),,1965,31500,136404,,390399.38,4777917,1079629.9,554182.1
South America (FAO),,1966,32024,121919,,427972.1,5005062,1176210.8,582721.94
South America (FAO),,1967,32525,128402,,422032.03,5276687,1183733,639657.3
South America (FAO),,1968,32744,137061,,451170.6,5626238,1206040,690946.8
South America (FAO),,1969,45927,144640,,427657.7,6126122,1240067,762682.56
South America (FAO),,1970,47674,145766,,437852.12,5977174,1305536.5,873274.5
South America (FAO),,1971,36213,138537,,428183.7,5239887,1397726,907845.9
South America (FAO),,1972,58800,142630,,368595.62,5671729,1347481.5,1009067.2
South America (FAO),,1973,38500,133901,,344007.1,5703626,1356439,1123763.9
South America (FAO),,1974,42850,90955,,336580.1,5708311,1370200.5,1283408.2
South America (FAO),,1975,41200,94505,,346029.16,6216285,1436652.2,1316739
South America (FAO),,1976,42500,110922,,345043.72,6935516,1474729,1402085.8
South America (FAO),,1977,43800,99662.8,,341921.3,7051412,1512600.2,1523666.2
South America (FAO),,1978,43000,108717.8,,328532.28,7488924,1525873.9,1704086
South America (FAO),,1979,45100,114341.4,,326648.72,7411711,1631023.8,2010900.2
South America (FAO),,1980,46520,90798,,303742.97,7507360,1740777.5,2410831
South America (FAO),,1981,47810,89166.42,,322509.3,7856805,1756926.1,2640132
South America (FAO),,1982,50500,88448.5,,320650.97,7499461,1636312.9,2858802.2
South America (FAO),,1983,49830,87760.96,,320198.16,7648456,1666609.8,2808359.5
South America (FAO),,1984,51120,95580,,312039.47,7775562,1541198.9,2620447
South America (FAO),,1985,51220,85804.4,,315676.75,8177883,1576868.1,2801504.8
South America (FAO),,1986,52220,64434.4,,332415.9,8434029,1674513.2,3018209.2
South America (FAO),,1987,49053,63213.38,,336488.12,7989191,1867686.5,3378127.2
South America (FAO),,1988,47997,64295.74,,346033.38,8496706,2003639,3622855.8
South America (FAO),,1989,46000,68298.14,,352622.53,8919741,1901109.6,3535471.8
South America (FAO),,1990,6450,71440,,363662.4,9368559,1900444,3900726.2
South America (FAO),,1991,48075,81854.5,,360350.53,9597381,2047429,4467432.5
South America (FAO),,1992,49455,90323.56,,344797.25,9578211,2172080,4955880
South America (FAO),,1993,50772,90893.26,,349780.03,9739326,2500142.8,5544832
South America (FAO),,1994,51430,88035.8,,370724.75,10078418,2752592.2,6043952
South America (FAO),,1995,52363.69,86082.68,,366657.9,10603951,2873718.5,6925339
South America (FAO),,1996,53420,85899.12,,321416.62,11237415,2947479.2,6953493
South America (FAO),,1997,53844,87278.88,,321467.22,11178111,3084927.2,7484478.5
South America (FAO),,1998,49898,83128,,311183.38,10808396,3428141,8112615
South America (FAO),,1999,54630,93843,,315728.53,11587816,3542094,9042252
South America (FAO),,2000,54895.2,97687.5,,321144.12,11845997,3646374.5,9696040
South America (FAO),,2001,50528,98327,,350699.34,11651258,3722326.5,10289204
South America (FAO),,2002,50623.06,101217.5,,295545.56,12082308,3863774.5,10983564
South America (FAO),,2003,55745,100262,,297492.72,12308453,4148933.8,11599237
South America (FAO),,2004,55840,91551,,295890.38,13316384,4227317,12806050
South America (FAO),,2005,55980,92347,,300528.8,12251105,4018038.8,12453115
South America (FAO),,2006,56290,97663,,298891.47,12956273,4170580,13261203
South America (FAO),,2007,56950,95086.5,,294063.62,13218132,4450212.5,14473780
South America (FAO),,2008,55587,85953.94,,294150.28,12797881,4493275,16209242
South America (FAO),,2009,57060,81655.48,,293222.72,12913599,4624593.5,16282957
South America (FAO),,2010,58143.43,75697.5,,312817.62,12489291,4752754,17352592
South America (FAO),,2011,58120,72661,,308230.6,12208452,4873581,18515242
South America (FAO),,2012,58117.6,66452.28,,299381.78,12993101,4974079,18898616
South America (FAO),,2013,58150.37,59405.52,,306774.06,14125280,4902446,19496868
South America (FAO),,2014,58279.92,62029.78,,305195.2,15564331,5049352.5,20174470
South America (FAO),,2015,58500.22,61213.16,,296884.25,13891401,5368492,21067538
South America (FAO),,2016,58645.8,61334.33,,294610.78,13173251,5717977,21130568
South America (FAO),,2017,58726.84,64194.6,,298794.66,13819562,5831892.5,21502806
South America (FAO),,2018,58796.78,67776.62,,309612.3,14281476,6108165,21342574
South America (FAO),,2019,59272.21,68061.94,,326242.97,14521868,6349894.5,21808720
South America (FAO),,2020,59805.25,67308.8,,334689.75,14059593,6777565,21924100
South America (FAO),,2021,60283.77,77405.12,,329958.88,13573174,7298312.5,21048156
South America (FAO),,2022,60281.27,73925.95,,331852.7,14365895,7716875,21607476
South America (FAO),,2023,60341.2,62033.18,,334366.88,15396163,7934157.5,21993732
South America (FAO),,2024,60576.33,67652.85,,331238.25,16581150,8091099.5,22621164
South Korea,KOR,1961,,,,753.92,21000,63045,16497.3
South Korea,KOR,1962,,,,979.06,24269,39920,15800
South Korea,KOR,1963,,,,858.36,31000,57903,17138
South Korea,KOR,1964,,,,677.94,46358,65636,18526
South Korea,KOR,1965,,,,527.94,39515,76272,19695
South Korea,KOR,1966,,,,559.62,29443,95800,19469.78
South Korea,KOR,1967,,,,410.04,31953,72154,25082
South Korea,KOR,1968,,,,366.86,35809,61760,34424
South Korea,KOR,1969,,,,341.2,33133,76080,43023
South Korea,KOR,1970,,,,442.98,37340,82546,46053
South Korea,KOR,1971,,,,434,39484,80880,50821
South Korea,KOR,1972,,,,550.2,40328,90230,55990
South Korea,KOR,1973,,,,702.6,47516,90126,53677
South Korea,KOR,1974,,,,919.6,54718,95353,55193
South Korea,KOR,1975,,,,1027.4,84660,98848,58014.1
South Korea,KOR,1976,,,,980,74365,113620,63306
South Korea,KOR,1977,,,,925.2,63965,146276,75667.52
South Korea,KOR,1978,,,,1048.7,74287,171612,85107
South Korea,KOR,1979,,,,975.8,88494,273427,92239
South Korea,KOR,1980,,,,863.8,93098,293530,92470
South Korea,KOR,1981,,,,899,98894,261563,93078
South Korea,KOR,1982,,,,1142.08,96265,299586,101693
South Korea,KOR,1983,,,,1628.2,94433,368640,122210
South Korea,KOR,1984,,,,1743.2,123069,429054,119808
South Korea,KOR,1985,,,,1446,165900,433750,130012
South Korea,KOR,1986,,,,993.2,208000,322000,204008
South Korea,KOR,1987,,,,763.72,207754,377000,223512
South Korea,KOR,1988,,,,644,176953,425000,236006
South Korea,KOR,1989,,,,719.42,125023,480000,244006
South Korea,KOR,1990,,,,973.58,127792,550000,266008
South Korea,KOR,1991,,,,1574.14,132203,530000,320012
South Korea,KOR,1992,,,,2279.4,174000,752000,356012
South Korea,KOR,1993,,,,2558.4,204000,770000,374014
South Korea,KOR,1994,,,,2707,214000,786000,389014
South Korea,KOR,1995,,,,3067,221000,799000,401880
South Korea,KOR,1996,,,,3239.5,248000,886943,433700
South Korea,KOR,1997,,,,3621.3,338000,895806,405299
South Korea,KOR,1998,,,,3305.32,375714,939356,376772
South Korea,KOR,1999,,,,2854.62,342429,996282,429330
South Korea,KOR,2000,,,,2778.5,305868,915899,418301
South Korea,KOR,2001,,,,2703.36,232579,927692,422173
South Korea,KOR,2002,,,,2628.36,210804,1005192,437405
South Korea,KOR,2003,,,,2854.06,188000,1149000,429024
South Korea,KOR,2004,,,,3109.48,186000,959690,432024
South Korea,KOR,2005,,,,3095.18,195000,899392,536040
South Korea,KOR,2006,,,,2765.6,200000,1000000,563040
South Korea,KOR,2007,,,,2212.7,219000,1043000,570036
South Korea,KOR,2008,,,,1587.74,246000,1056000,565018
South Korea,KOR,2009,,,,1513.72,283000,1062000,613040
South Korea,KOR,2010,,,,1471.8,247000,1110000,653012
South Korea,KOR,2011,,,,1497.74,280000,837000,685020.75
South Korea,KOR,2012,,,,1452.74,312000,1086000,696012
South Korea,KOR,2013,,,,1399.82,344000,1252000,710027.6
South Korea,KOR,2014,,,,1503.65,335000,1200000,792015.2
South Korea,KOR,2015,,,,1679.94,323000,1217000,870013.06
South Korea,KOR,2016,,,,2053.22,277000,1266000,888013
South Korea,KOR,2017,,,,1814.81,281000,1280000,837816.4
South Korea,KOR,2018,,,,1567.09,279000,1329000,915015.44
South Korea,KOR,2019,,,,1574.07,286000,1364000,951215
South Korea,KOR,2020,,,,1558.26,291000,1403000,1046878.4
South Korea,KOR,2021,,,,1727.92,304000,1407000,1007546.1
South Korea,KOR,2022,,,,1758.93,330000,1419000,992588.8
South Korea,KOR,2023,,,,1775.38,345000,1435000,983614.4
South Korea,KOR,2024,,,,1786.83,370000,1455000,1008720.1
South Sudan,SSD,2012,9800,,,54512.81,85949.65,,20000
South Sudan,SSD,2013,9900,,,53322.19,89995.49,,20000
South Sudan,SSD,2014,10000,,,52733.98,94398.25,,20000
South Sudan,SSD,2015,10000,,,51201.9,98459.04,,19989.45
South Sudan,SSD,2016,10000,,,53454.92,108589.71,,27666.07
South Sudan,SSD,2017,10000,,,49064.86,113199.14,,31335.39
South Sudan,SSD,2018,10000,,,50212.05,132301.2,,22064
South Sudan,SSD,2019,10000.92,,,55390.87,142663.22,,87168
South Sudan,SSD,2020,10002.2,,,44401.27,133218.88,,34867
South Sudan,SSD,2021,10053.04,,,39362.95,126517.34,,41153.12
South Sudan,SSD,2022,10047.22,,,42571.62,128322.69,,41847.92
South Sudan,SSD,2023,10058.97,,,38095.66,130698.57,,52522.63
South Sudan,SSD,2024,10070.71,,,36004.04,132346.44,,52008.52
South-eastern Asia (FAO),,1961,,1429,,45325.76,572127.56,811312.1,345079.5
South-eastern Asia (FAO),,1962,,1315.4,,46678.39,603164.2,865024.25,360611.7
South-eastern Asia (FAO),,1963,,1703.2,,46661.8,611544.7,889020.4,403558.06
South-eastern Asia (FAO),,1964,,1754,,47403.98,638894.25,941311.5,420935.9
South-eastern Asia (FAO),,1965,,1819,,46854.83,658668.6,989188.5,455908.9
South-eastern Asia (FAO),,1966,,1974.24,,48072.84,673838.2,1058065.2,491107.5
South-eastern Asia (FAO),,1967,,2636.6,,49827.66,674649.7,1099161,524425.44
South-eastern Asia (FAO),,1968,,2518.6,,40904.61,681713.1,1153517.5,583416.2
South-eastern Asia (FAO),,1969,,1629.72,,48434.18,697131.7,1199833.2,602402.4
South-eastern Asia (FAO),,1970,,1924.72,,54032.89,742143.75,1211328,627342.2
South-eastern Asia (FAO),,1971,,1869.2,,51830.52,739684.5,1203240,655873
South-eastern Asia (FAO),,1972,,2258.4,,59986.04,767356.6,1180324.8,694931.1
South-eastern Asia (FAO),,1973,,2626.4,,62483.09,827393.2,1230190.5,777240
South-eastern Asia (FAO),,1974,,2654.4,,61523.14,955882.94,1205004.1,776466.44
South-eastern Asia (FAO),,1975,,3597.4,,69298.19,874832.7,1143019.5,845273
South-eastern Asia (FAO),,1976,,6158.4,,71066.88,873252.6,1185681.8,857005
South-eastern Asia (FAO),,1977,,5081.4,,72953.1,872721.44,1158416.6,896552.6
South-eastern Asia (FAO),,1978,,4774.4,,77241.4,909397.1,1328522.2,963595.9
South-eastern Asia (FAO),,1979,,3659.6,,80325.7,916720,1374856.8,1091715.4
South-eastern Asia (FAO),,1980,,3567.6,,76028.06,906225.7,1450885.5,1156679.2
South-eastern Asia (FAO),,1981,,3838.6,,79334.86,934370.1,1641720.2,1286999.2
South-eastern Asia (FAO),,1982,,3734.6,,83467.99,957346.7,1664820.9,1399931.6
South-eastern Asia (FAO),,1983,,3530,,116292.1,942526.9,1807664.6,1544998.8
South-eastern Asia (FAO),,1984,,3216.6,,104974.23,970423.5,2070679.5,1477457.8
South-eastern Asia (FAO),,1985,,3406,,109830.92,997709.25,2082825.8,1589017
South-eastern Asia (FAO),,1986,,3231.8,,124956.43,1007353.8,2159836.2,1675276
South-eastern Asia (FAO),,1987,,3696.3,,124211.95,1028040.7,2329233.8,1851376
South-eastern Asia (FAO),,1988,,3818.3,,134469.98,1044150.6,2432294.8,1917779.4
South-eastern Asia (FAO),,1989,,3716.3,,133122.06,1078228.5,2627466,1987309.5
South-eastern Asia (FAO),,1990,,4150.3,,129636.09,1046312.56,2982502.5,2171134.8
South-eastern Asia (FAO),,1991,,4109.35,,132814.66,967779.6,2608269,2584825
South-eastern Asia (FAO),,1992,,4415.35,,139109.7,1080797.1,2846405.8,2940079.5
South-eastern Asia (FAO),,1993,,4191.35,,154231.16,1167433.8,3017454.5,3145792.8
South-eastern Asia (FAO),,1994,,3953.4,,144439.56,1131942.8,3195591.8,3271054.8
South-eastern Asia (FAO),,1995,,3884.4,,141165.92,1104317.9,3175784.2,3423698
South-eastern Asia (FAO),,1996,,3917.9,,145649.94,1113589.4,3391175.8,3637030
South-eastern Asia (FAO),,1997,,4216.45,,155060.3,1115638.8,3574905.5,3772790
South-eastern Asia (FAO),,1998,,4657.45,,132543.05,1101328.8,3544971.8,3672276.8
South-eastern Asia (FAO),,1999,,5670.45,,130506.72,1114076,3411622.8,3730313.5
South-eastern Asia (FAO),,2000,,3962.45,,133457.36,1143304.4,3534957.5,3990239.8
South-eastern Asia (FAO),,2001,,4273.45,,149508.6,1089070.5,3723198.8,4348849.5
South-eastern Asia (FAO),,2002,,4011.45,,184744.66,1093059.1,4016184.2,4750301
South-eastern Asia (FAO),,2003,,4503.45,,205103.06,1148895.5,4330188,5021248.5
South-eastern Asia (FAO),,2004,,4693.45,,191841.62,1266369.5,4549630.5,4809366
South-eastern Asia (FAO),,2005,,5274.45,,173742.06,1204584.8,4902965.5,5033862.5
South-eastern Asia (FAO),,2006,,5180.45,,229353.23,1296423.1,5365709,5425751.5
South-eastern Asia (FAO),,2007,,4897.8,,217983.3,1341416.1,5514831,5771200
South-eastern Asia (FAO),,2008,,5637.5,,215332.31,1418901.6,5583190,6142043
South-eastern Asia (FAO),,2009,,4896.5,,238849.97,1502815.6,5768818.5,6459788.5
South-eastern Asia (FAO),,2010,,4112.5,,230567.6,1604660.2,5963470,6828090
South-eastern Asia (FAO),,2011,,4381.5,,238243.39,1680330.8,6029023,7211224.5
South-eastern Asia (FAO),,2012,,5581.1,,241039.88,1719616.2,6211345.5,7863630.5
South-eastern Asia (FAO),,2013,,5379.51,,245220.81,1727529,6449389,8357312
South-eastern Asia (FAO),,2014,,4535.39,,259528.19,1743349.9,6624462.5,8944331
South-eastern Asia (FAO),,2015,,4606.06,,276768,1837343.2,7197955.5,9220869
South-eastern Asia (FAO),,2016,,4650.83,,277513.2,1867419.9,7560810,9753939
South-eastern Asia (FAO),,2017,,5102.4,,285887,1818948.5,7608245.5,10720829
South-eastern Asia (FAO),,2018,,4609.72,,225741.94,1483200.2,6882526,10348503
South-eastern Asia (FAO),,2019,,3937.79,,218404.05,1503023.9,6496187,10794167
South-eastern Asia (FAO),,2020,,3430.82,,190013.92,1406933.9,6392225,10736399
South-eastern Asia (FAO),,2021,,3411.5,,185080.25,1485933,6241486,10948186
South-eastern Asia (FAO),,2022,,3452.75,,194122.95,1492573.4,6472519.5,11634917
South-eastern Asia (FAO),,2023,,3402.64,,209766.89,1566316.9,6615410,11839381
South-eastern Asia (FAO),,2024,,3319.52,,192446.66,1589689.4,6994987,11860529
Southern Africa (FAO),,1961,10290,2000,,143191.52,436454.62,60148.61,36020.31
Southern Africa (FAO),,1962,10380,2000,,145701.05,443919.3,61906.85,41823.02
Southern Africa (FAO),,1963,11480,2000,,145753.58,485740.25,61175,46187.2
Southern Africa (FAO),,1964,11570,1800,,148045.62,515259,66313,53356.42
Southern Africa (FAO),,1965,11660,1800,,164502.42,519257.2,68279,60575.88
Southern Africa (FAO),,1966,12760,1600,,171644.22,499405.8,70435,70986.52
Southern Africa (FAO),,1967,12860,1600,,175781.27,447743.25,78680,81915.48
Southern Africa (FAO),,1968,12970,1600,,200435.84,419961.6,75790,93284.35
Southern Africa (FAO),,1969,13570,1200,,226260.39,457347.8,86673,103174.61
Southern Africa (FAO),,1970,14180,1200,,208065.7,469547.1,84874.8,109738.2
Southern Africa (FAO),,1971,13290,1200,,221760.2,499612,83215,113754.68
Southern Africa (FAO),,1972,13400,1000,,236199.3,554333,94330,132405.61
Southern Africa (FAO),,1973,14510,1000,,186501,584604,104760,157928.2
Southern Africa (FAO),,1974,15630,1000,,164619,620252,95935,153662
Southern Africa (FAO),,1975,13750,1000,,172655,592107.4,92529.73,176716.5
Southern Africa (FAO),,1976,14850,1000,,178368,603011.8,98058.95,201752.5
Southern Africa (FAO),,1977,15900,1000,,176600,638447.25,99244.13,202590.75
Southern Africa (FAO),,1978,16950,1000,,185635,677433.44,93569.55,216771
Southern Africa (FAO),,1979,18000,1000,,192240.2,757975.1,93102.52,218919.25
Southern Africa (FAO),,1980,20100,1000,,193501,688638.9,94086.79,239130.5
Southern Africa (FAO),,1981,21200,1000,,188158.4,640197.7,100722.7,251176.75
Southern Africa (FAO),,1982,21300,1000,,187622,685171.5,117209.77,270246.5
Southern Africa (FAO),,1983,21400,1000,,187306,691226.1,118887.62,296686.5
Southern Africa (FAO),,1984,21500,1000,,189058,729717.06,115853.87,302222
Southern Africa (FAO),,1985,21600,1000,,191156,757830.06,112957.43,324528.5
Southern Africa (FAO),,1986,21700,1000,,168864,710523.56,110718.1,339789.5
Southern Africa (FAO),,1987,21800,1000,,185632,696251.06,114245.74,349578.5
Southern Africa (FAO),,1988,21900,1000,,191599,641106.8,122099.05,360354.5
Southern Africa (FAO),,1989,22000,1000,,196959,643197.06,133534.45,371628.5
Southern Africa (FAO),,1990,24083,1000,,197849.6,710076.3,137765,546268
Southern Africa (FAO),,1991,18649.58,1058,,221412.2,785935.06,127942.39,511339
Southern Africa (FAO),,1992,19489.18,1053.12,,201394.8,833333.3,132427.84,506387.28
Southern Africa (FAO),,1993,21574.31,1264.83,,185541.2,773636,128808.89,533911.6
Southern Africa (FAO),,1994,23742.11,1469.77,,140106.2,660587.5,118773.82,571378.6
Southern Africa (FAO),,1995,26157.95,1662.88,,127508.8,633037,124733.07,618248.9
Southern Africa (FAO),,1996,27216,1762.4,,134001.1,585390.06,133977.81,662499.94
Southern Africa (FAO),,1997,30008.95,1456.13,,127706.17,873141.5,125246.16,708023.56
Southern Africa (FAO),,1998,31800,1457.89,,124571.29,614072.3,128958.49,684614.9
Southern Africa (FAO),,1999,33800,1465.67,,148959.53,646234.56,120788.04,725210.9
Southern Africa (FAO),,2000,35242.23,1565.17,,139434.3,695622.8,116978.42,837761
Southern Africa (FAO),,2001,36903.99,1561.63,,131585.52,675206.3,120730.44,914362.8
Southern Africa (FAO),,2002,37036.8,1553.42,,135834.86,672816,121375.72,947215.5
Southern Africa (FAO),,2003,40165.33,1553.22,,151665.22,729464,153055.48,922993.7
Southern Africa (FAO),,2004,42457.09,1556.87,,170280.45,780042,162760.81,932328.3
Southern Africa (FAO),,2005,41750.64,1530.02,,167485.73,838736,166557.77,976040.94
Southern Africa (FAO),,2006,46228.47,1550.36,,170485.2,921197,187873.19,998960.2
Southern Africa (FAO),,2007,52640.31,1571.02,,205510.69,918478,191911.69,1157482.1
Southern Africa (FAO),,2008,57616.11,1578.24,,200590.42,888145,184712,1358704.1
Southern Africa (FAO),,2009,62883.27,1936.23,,200422.94,896346,191226.6,1418634.4
Southern Africa (FAO),,2010,68249.57,2033.61,,193955.62,995748,208816.27,1504797
Southern Africa (FAO),,2011,80900,2153.24,,184343.66,978234,208457.25,1517320.8
Southern Africa (FAO),,2012,79509.43,1851.14,,194762.34,980658.2,215898.19,1518580.4
Southern Africa (FAO),,2013,78427.8,1544.9,,216230.69,1057714.4,223023.8,1701072.9
Southern Africa (FAO),,2014,81621.49,1384.89,,219849.75,1110289.8,243955.3,1742088.4
Southern Africa (FAO),,2015,91252.61,1391.53,,201941.06,1180728,245964.56,1753746.6
Southern Africa (FAO),,2016,83767.3,1500.21,,203068.52,1195686,249614.28,1703772.4
Southern Africa (FAO),,2017,86950.07,1433.96,,189642.56,1119073.5,243441.45,1685252.5
Southern Africa (FAO),,2018,89014.88,1210.26,,196392.53,1108211.9,274445.44,1772020.6
Southern Africa (FAO),,2019,88938.7,1244.28,,196664.66,1144874.5,289443.28,1842256.2
Southern Africa (FAO),,2020,90970.28,1276.29,,192794.45,1148947.9,304867.97,1915733.4
Southern Africa (FAO),,2021,90360.81,1319.32,,188117.4,1158948.9,332430.75,1938734.1
Southern Africa (FAO),,2022,91699.27,1324.76,,198432.27,1129059.1,362986.75,1979468.1
Southern Africa (FAO),,2023,93101.38,1310.4,,188197.19,1160247.2,362663.34,1886695.2
Southern Africa (FAO),,2024,94803.71,1305.64,,203000.52,1221601.1,374874.62,1944162.8
Southern Asia (FAO),,1961,16000,,6400,752784.5,1621916.5,160003.84,164385.75
Southern Asia (FAO),,1962,16000,,6830.74,790561.5,1663172.5,159154.86,170862.03
Southern Asia (FAO),,1963,17000,,7231.36,794720.3,1674041.8,157632.2,182921.9
Southern Asia (FAO),,1964,17000,,6680,808952.5,1716019.8,156848.2,191436.66
Southern Asia (FAO),,1965,18000,,6320,821198.4,1747081.2,155150.55,199905.73
Southern Asia (FAO),,1966,18000,,6320,834854.3,1799798.8,154712.89,210600.7
Southern Asia (FAO),,1967,19000,,6320,855272.25,1845927.6,165020.23,236095.6
Southern Asia (FAO),,1968,19000,,6320,874581.8,1901395,173413.9,252780
Southern Asia (FAO),,1969,21000,,5920,873425.25,1948472.5,172950.6,270661.5
Southern Asia (FAO),,1970,21000,,5720,875522.75,1987001.2,181957.94,288578.6
Southern Asia (FAO),,1971,22000,,5556,885555.7,2040778.8,202466.61,299144.3
Southern Asia (FAO),,1972,22000,,5556,875885.2,2072939.6,213133.95,308273.8
Southern Asia (FAO),,1973,22200,,5556,907708.6,2123833.8,213164,309284.7
Southern Asia (FAO),,1974,22400,,5456,938035.1,2182837.8,219377.4,320965.7
Southern Asia (FAO),,1975,22600,,5528,977401.56,2234888.2,222348.4,323954.2
Southern Asia (FAO),,1976,22800,,5628,1038130,2307645,225810.75,348527.3
Southern Asia (FAO),,1977,24700,,5628,1082670,2364541,233591.77,376262.1
Southern Asia (FAO),,1978,24000,,6600,1126639.9,2424972.8,243874.1,439486.7
Southern Asia (FAO),,1979,24300,,5178,1181233.4,2495954.5,259182.45,477968.2
Southern Asia (FAO),,1980,25000,,5070,1155489.2,2545759.2,270629.9,485359.7
Southern Asia (FAO),,1981,24200,,5070,1199049.5,2610719,287600.8,507899.6
Southern Asia (FAO),,1982,24500,,5070,1276616.6,2806309.5,305049.16,530367
Southern Asia (FAO),,1983,24000,,5160,1302223.8,2838871.8,308644.2,575965.6
Southern Asia (FAO),,1984,23500,,5260,1340905.2,2881814.8,313804.06,603064.9
Southern Asia (FAO),,1985,22000,,5260,1385176,2963932.5,369984.9,640318.8
Southern Asia (FAO),,1986,20500,,3920,1410281,3077395,373708,756627.4
Southern Asia (FAO),,1987,23000,,4100,1491425,3169934.2,377778,896573.4
Southern Asia (FAO),,1988,24000,,4180,1543397,3231342.5,392763,931266.2
Southern Asia (FAO),,1989,27000,,4360,1606300,3310733.8,407410,1036448.9
Southern Asia (FAO),,1990,30000,,4540,1676893.5,3425155.8,425628.7,1076310.8
Southern Asia (FAO),,1991,30944.94,,7240,1739022.1,2739556,440542,1247057.6
Southern Asia (FAO),,1992,36942.78,,6900,1801523.1,2710413.8,458049.16,1393761
Southern Asia (FAO),,1993,39940.62,,6940,1866300.2,2333368.2,461207.6,1615853.1
Southern Asia (FAO),,1994,36738.46,,7080,1937610,2487071.2,465296.56,1733752.9
Southern Asia (FAO),,1995,34536.31,,7200,2007616.4,2634640,469572.34,1798400.5
Southern Asia (FAO),,1996,23934.15,,10221,1795274.6,2374107.8,474030.47,1868242.2
Southern Asia (FAO),,1997,27931.99,,10402,1861761.5,2729424.5,477477.94,1975208.5
Southern Asia (FAO),,1998,29821.34,,10582,1907606,3019842.2,479778.75,1935573.8
Southern Asia (FAO),,1999,33927.64,,7948,1922405.5,3091245,481696.5,2066369.1
Southern Asia (FAO),,2000,19925.49,,7960,1957598.6,3163027.5,483499.2,2269941.8
Southern Asia (FAO),,2001,19923.34,,7600,2147039.5,3402967.5,485613.47,2449311
Southern Asia (FAO),,2002,20921.19,,7302,2157400.5,3700263.8,487271.88,2710553.2
Southern Asia (FAO),,2003,20969.51,,7603,2151452.2,3842622.2,488753.53,3026147.5
Southern Asia (FAO),,2004,20119.53,,8160,2218628.5,4117382.5,463065.16,3190667.5
Southern Asia (FAO),,2005,19197.22,,8780,2277735,4210527.5,443924,3391636.5
Southern Asia (FAO),,2006,18046.52,,7900,2122403.5,4768029,423513.6,3741855.2
Southern Asia (FAO),,2007,17410.54,,8180,2191989.2,4899995.5,403852,4152890
Southern Asia (FAO),,2008,16585.46,,7273,2177351.8,5092952.5,399985,4431252.5
Southern Asia (FAO),,2009,16265.38,,7465,2256954.5,5406930.5,396945,4732647.5
Southern Asia (FAO),,2010,15945.31,,7594,2414192.8,5657975,389863,4966501
Southern Asia (FAO),,2011,15625.24,,6859,2504557,5933703.5,384015,5458243
Southern Asia (FAO),,2012,15305.17,,6923,2593653.8,6170246,378231,5844881.5
Southern Asia (FAO),,2013,14985.1,,13928.48,2722301.8,6562441.5,374844,6194830
Southern Asia (FAO),,2014,13389.16,,14281.03,2888312.5,6824671.5,371377.75,6552302
Southern Asia (FAO),,2015,12405.27,,14863.54,2981516,6890243.5,383977.3,6980265
Southern Asia (FAO),,2016,13589.37,,14514.81,3070909.8,7020888,392937.5,7242718.5
Southern Asia (FAO),,2017,13388.1,,16089.5,3148822.8,7089968.5,408388.72,7871858
Southern Asia (FAO),,2018,12969.76,,14465.47,3135750.8,7126015.5,435108.4,8426683
Southern Asia (FAO),,2019,12752.93,,15117.42,3282674,7179746,445139.62,8830777
Southern Asia (FAO),,2020,12882.09,,13810.06,3493547.5,6834865,411728.53,9390205
Southern Asia (FAO),,2021,12356.05,,14919.11,3732219.8,7268484,400129.9,9364181
Southern Asia (FAO),,2022,11797.51,,14578.24,3986204,7455613.5,414733.28,9652797
Southern Asia (FAO),,2023,11299.63,,16535.99,4272236.5,7527998,416823.25,10091759
Southern Asia (FAO),,2024,10823.13,,16292.07,4579929.5,7883275,413234.47,10478990
Southern Europe (FAO),,1961,13939,66144,,302350,1096723,1244240,440775.1
Southern Europe (FAO),,1962,13969,66799,,319058,1204952,1200045,529474.7
Southern Europe (FAO),,1963,14018,66187,,308159,1165252,1243268,669486.25
Southern Europe (FAO),,1964,14597,62495,,325704,1148538,1439394,779532.75
Southern Europe (FAO),,1965,15188,57971,,333613,1168487,1506138,899278
Southern Europe (FAO),,1966,15291,53083,,339994,1374062,1425986,1030010.56
Southern Europe (FAO),,1967,15209,51274,,352463,1485131,1531890,1076718.9
Southern Europe (FAO),,1968,14536,53945,,350494,1638738,1645001,1111370.9
Southern Europe (FAO),,1969,15697,61627,,354360,1724076,1607362,1197896.5
Southern Europe (FAO),,1970,16795,65014,,366353,1813866,1808871,1396809.5
Southern Europe (FAO),,1971,16950,66104,,369719,1830268,1931164,1434513.4
Southern Europe (FAO),,1972,18093,68742,,370880,1746526,1905382,1580110.4
Southern Europe (FAO),,1973,18298,61199,,383949,1888296,2018804,1749303.8
Southern Europe (FAO),,1974,17351,55872,,397494,2018148,2345822,1820877.8
Southern Europe (FAO),,1975,17587,61612,,403803,1981330,2304795,1892331.5
Southern Europe (FAO),,1976,18793,64957,,412654,1984549,2345918,2040956.2
Southern Europe (FAO),,1977,21099,66576,,424457,2034153,2629146,2142074
Southern Europe (FAO),,1978,20045,69346,,427481,1983140,2904627,2214754.5
Southern Europe (FAO),,1979,24835,67442,,418630,2067736,3073081,2257383
Southern Europe (FAO),,1980,24362,62993,,471379,2135265,3343431,2353021.5
Southern Europe (FAO),,1981,22824,58700,,464313,2094885,3468879,2478518
Southern Europe (FAO),,1982,24829,54819,,478682,2111712,3590265,2478844.5
Southern Europe (FAO),,1983,24793,57500,,504221,2176786,3650896,2452892
Southern Europe (FAO),,1984,27070,61648,,497010,2137151,3911415,2401249.5
Southern Europe (FAO),,1985,27180,65284,,502517,2140614,3758110,2383048.5
Southern Europe (FAO),,1986,26780,63732,,501219,2143569,3709366,2387146.8
Southern Europe (FAO),,1987,26642,63905,,527783,2148142,3958070,2491273.8
Southern Europe (FAO),,1988,26937,62716,,547114,2135261,4187644,2533295.5
Southern Europe (FAO),,1989,28080,63798,,548243,2151366,4192658,2503525.2
Southern Europe (FAO),,1990,27392,67032,,566067,2251277,4372274,2537230.8
Southern Europe (FAO),,1991,20828,63863,,568096,2226924,4346606,2527314.5
Southern Europe (FAO),,1992,13483,68267,,540837,2295946.2,4405788,2544152.2
Southern Europe (FAO),,1993,14343.6,66257,,545776,2245388.2,4602400,2504945.2
Southern Europe (FAO),,1994,14195.25,65510,,550415.9,2156498,4691260.5,2547562.8
Southern Europe (FAO),,1995,13898.17,62681,,549304.7,2225671.5,4765137,2638134
Southern Europe (FAO),,1996,13293.72,60862,,547026.9,2269294,5051377,2621065
Southern Europe (FAO),,1997,11855,61833,,547662,2258752.5,5036905.5,2648736.5
Southern Europe (FAO),,1998,12748.59,58421,,549497.8,2263837.8,5432867,2807102.2
Southern Europe (FAO),,1999,12285.17,57739,,533972.56,2301079,5688963.5,2709564
Southern Europe (FAO),,2000,12167.9,58595,,545733.6,2292145,5656191,2664287
Southern Europe (FAO),,2001,12213.92,71462,,544216.1,2243151.2,5682011,2785166.2
Southern Europe (FAO),,2002,12245.97,52957,,546159.4,2289473.2,5851407,3013015.2
Southern Europe (FAO),,2003,12316.42,50258,,547034.1,2317874.8,5990097.5,2795006.2
Southern Europe (FAO),,2004,12348.42,54762,,542150,2360165,5839781,2735502.8
Southern Europe (FAO),,2005,12500.61,39244,,528970.5,2314524,5919929,2751074.8
Southern Europe (FAO),,2006,11242.49,46516,,523679.75,2201057,5737941,2575580.2
Southern Europe (FAO),,2007,11750,30619,,514257.97,2161674.8,6046305,2795842.2
Southern Europe (FAO),,2008,11682.81,31385,,456623.94,2149065.5,6079494,2868924.5
Southern Europe (FAO),,2009,11562.34,28482,,421252.62,2078369.1,5880458.5,3013571
Southern Europe (FAO),,2010,11461.86,25559,,423816.7,2093482.5,6022554,3121569.5
Southern Europe (FAO),,2011,11404.87,28409,,421948.84,2008274.1,6053729.5,3269289.5
Southern Europe (FAO),,2012,11398.17,34710.87,,408824.56,1969145.8,6099820.5,3343176.8
Southern Europe (FAO),,2013,11391.46,27858.29,,395064.2,1804797.9,6021713.5,3258562
Southern Europe (FAO),,2014,11234.18,23444.11,,328218.94,1633223.6,5834101.5,3375138
Southern Europe (FAO),,2015,10957.63,23989.3,,334502.62,1755682.2,6273071.5,3512698.2
Southern Europe (FAO),,2016,10987.77,25473.77,,337343.9,1794468.8,6674450,3763392.2
Southern Europe (FAO),,2017,10949.63,19439.87,,324514.66,1738950.2,6711286.5,3747134.5
Southern Europe (FAO),,2018,,16332.25,,351986.5,1843820.4,6983782,3727117
Southern Europe (FAO),,2019,,15946.76,,348034.1,1827768.2,7073743.5,3908224.5
Southern Europe (FAO),,2020,,15231.88,,323798.2,1768957.4,7233195,3953216
Southern Europe (FAO),,2021,,14424.01,,332553.16,1829298.8,7493467,3867873
Southern Europe (FAO),,2022,,14226.31,,342237.34,1844284.5,7251663,3764078.2
Southern Europe (FAO),,2023,,14306.72,,300765.34,1671541.5,6981255,3982351.8
Southern Europe (FAO),,2024,,14343.71,,271298.1,1727733.2,7126567.5,4192058.2
Spain,ESP,1961,9000,7423,,114999,177546,239268,81500
Spain,ESP,1962,9000,7958,,114288,163160,245321,109600
Spain,ESP,1963,9000,7873,,114163,172467,311014,187400
Spain,ESP,1964,9500,7880,,128429,225438,316908,213600
Spain,ESP,1965,10000,8288,,133665,177462,266294,234400
Spain,ESP,1966,10000,6059,,132765,197863,366574,305600
Spain,ESP,1967,10000,6409,,133578,215208,416965,353350
Spain,ESP,1968,10000,7010,,131060,241421,419016,350540
Spain,ESP,1969,11000,6317,,129584,255786,436248,385800
Spain,ESP,1970,12000,6560,,139782,308159,491749,499000
Spain,ESP,1971,12000,6671,,136396,323620,475065,477000
Spain,ESP,1972,12000,6548,,137219,302500,461242,554000
Spain,ESP,1973,12000,5769,,143854,371200,588516,600000
Spain,ESP,1974,11000,4551,,155124,416000,710131,608000
Spain,ESP,1975,11000,4494,,148200,453600,601919,631000
Spain,ESP,1976,12000,4835,,145800,418100,648812,695600
Spain,ESP,1977,12000,5233,,144200,430800,734516,734600
Spain,ESP,1978,10000,6056,,142050,391120,803024,754600
Spain,ESP,1979,14649,5761,,131800,394300,939418,746700
Spain,ESP,1980,14346,6452,,182071,421549,1182308,761900
Spain,ESP,1981,12626,6392,,180529,417674,1224499,884800
Spain,ESP,1982,14476,5956,,192563,419926,1336365,853000
Spain,ESP,1983,14253,4933,,202078,421780,1342031,813000
Spain,ESP,1984,14500,5278,,206532,398418,1428660,789000
Spain,ESP,1985,14500,5308,,209775,400662,1387749,815200
Spain,ESP,1986,14000,4812,,211444,439661,1398642,759500
Spain,ESP,1987,14000,5363,,224993,449534,1489268,795100
Spain,ESP,1988,14000,5158,,231262,450277,1722334,827500
Spain,ESP,1989,15300,5241,,221595,459259,1703492,830936
Spain,ESP,1990,15200,5823,,233813,513898,1788848,836000
Spain,ESP,1991,8600,4569,,243603,509284,1877366,881321.56
Spain,ESP,1992,7000,4930,,232963,539418,1917770,859491.8
Spain,ESP,1993,7678.6,4869,,240572,488000,2088821,837215.94
Spain,ESP,1994,7621.25,6277,,241312,483734,2124085,875508.44
Spain,ESP,1995,7434.17,5794,,242057,508492,2174820,926132.44
Spain,ESP,1996,7257.72,5961,,237765,564602,2356150,889305.06
Spain,ESP,1997,6000,7568,,245064,592252,2401140,908357.6
Spain,ESP,1998,6868.59,6180,,249724,650727,2744362,1053182.8
Spain,ESP,1999,6841.17,5705,,238218,661068,2893000,1004304
Spain,ESP,2000,6819.9,6525,,248819,651093,2904615,992428
Spain,ESP,2001,6813.92,7004,,251176,650841,2989146,1039530.3
Spain,ESP,2002,6830.02,5747,,252143,678838,3070116,1213131.2
Spain,ESP,2003,6872.98,4777,,250395,706369,3189508,1211365.4
Spain,ESP,2004,6913.17,5001,,244836,713886,3076120,1106392.9
Spain,ESP,2005,7060.89,4711,,237748,715329,3168039,1107062.9
Spain,ESP,2006,7000,4974,,225869,670048,3235241,1089321.2
Spain,ESP,2007,7500,4990,,213736,620166,3439442,1158556.8
Spain,ESP,2008,7447.67,6303,,166238,658332,3484363,1110535.5
Spain,ESP,2009,7371.66,6366,,133254,598431,3290571,1208937.4
Spain,ESP,2010,7250.28,7111,,141854,606596,3368921,1248966
Spain,ESP,2011,7200,11265,,141729,604113,3469345,1358806.1
Spain,ESP,2012,7200,15606,,131699,591319,3466323,1371469.9
Spain,ESP,2013,7200,11668,,127201,580840,3431214,1282678.8
Spain,ESP,2014,7053.27,11530,,122842,585218,3555606,1372498
Spain,ESP,2015,6800.73,12940,,124984,626104,3854658,1378661.2
Spain,ESP,2016,6819.04,13088.16,,126957.65,637012.75,4181090.8,1522658
Spain,ESP,2017,6785.8,11034.36,,125827.18,643860.6,4298789,1520003.4
Spain,ESP,2018,,10193.93,,130610,669010,4530480,1561570
Spain,ESP,2019,,9632,,131760,695170,4641160,1630610
Spain,ESP,2020,,9601,,125270,677740,5003430,1632010
Spain,ESP,2021,,8498,,130520,717880,5180060,1561250
Spain,ESP,2022,,8359,,130220,731530,5066350,1584750
Spain,ESP,2023,,8618,,114200,697830,4870710,1628030
Spain,ESP,2024,,7739,,107240,718450,4956040,1740170
Sri Lanka,LKA,1961,,,,2760,29207,840,6329.9
Sri Lanka,LKA,1962,,,,2700,33920,1170,6426
Sri Lanka,LKA,1963,,,,2660,33559,970,10658.5
Sri Lanka,LKA,1964,,,,2840,36950,1050,11049.4
Sri Lanka,LKA,1965,,,,3080,36889,995,11052
Sri Lanka,LKA,1966,,,,3060,35146,1250,12052
Sri Lanka,LKA,1967,,,,3530,35194,1450,12062.4
Sri Lanka,LKA,1968,,,,3220,36407,1350,13445.5
Sri Lanka,LKA,1969,,,,2770,37394,1340,13426
Sri Lanka,LKA,1970,,,,2860,36881,1340,14429.9
Sri Lanka,LKA,1971,,,,2690,39381,1610,16423.4
Sri Lanka,LKA,1972,,,,2490,37581,1490,16426
Sri Lanka,LKA,1973,,,,2730,38568,1220,16629.9
Sri Lanka,LKA,1974,,,,3024,37981,1120,17027.3
Sri Lanka,LKA,1975,,,,3100,38133,930,16016.9
Sri Lanka,LKA,1976,,,,2920,35259,960,16015.6
Sri Lanka,LKA,1977,,,,2820,31020,1380,16413
Sri Lanka,LKA,1978,,,,2790,30333,1330,14014.3
Sri Lanka,LKA,1979,,,,2710,28546,1670,17018.2
Sri Lanka,LKA,1980,,,,3010,28946,2280,18824.7
Sri Lanka,LKA,1981,,,,3020,29885,1770,19228.6
Sri Lanka,LKA,1982,,,,3580,29772,1550,19426
Sri Lanka,LKA,1983,,,,2940,31298,1240,20028.6
Sri Lanka,LKA,1984,,,,3310,32524,1390,20629.9
Sri Lanka,LKA,1985,,,,3150,32337,1260,18633.8
Sri Lanka,LKA,1986,,,,2660,31744,1140,15636.4
Sri Lanka,LKA,1987,,,,2470,30710,1450,19036.4
Sri Lanka,LKA,1988,,,,2270,26864,1460,21439
Sri Lanka,LKA,1989,,,,1990,25937,1410,23542.9
Sri Lanka,LKA,1990,,,,1800,28260,1580,23023.8
Sri Lanka,LKA,1991,,,,1580,32335.08,2200,24152
Sri Lanka,LKA,1992,,,,1950,34953.57,2020,28955.9
Sri Lanka,LKA,1993,,,,2180,33652.57,1620,38962.4
Sri Lanka,LKA,1994,,,,2570,35422.35,2000,50270.2
Sri Lanka,LKA,1995,,,,2291,36790.4,2336,54079.3
Sri Lanka,LKA,1996,,,,1960,33740.31,2250,56488.4
Sri Lanka,LKA,1997,,,,1910,34760.23,2150,57698.8
Sri Lanka,LKA,1998,,,,1610,34370.15,1920,58995
Sri Lanka,LKA,1999,,,,1650,33070.07,1650,56896.9
Sri Lanka,LKA,2000,,,,1690,38219.99,1750,63189.5
Sri Lanka,LKA,2001,,,,1580,36949.88,1950,82078.2
Sri Lanka,LKA,2002,,,,1610,37479.06,1860,85715.6
Sri Lanka,LKA,2003,,,,1410,38840.39,2160,88075.6
Sri Lanka,LKA,2004,,,,1430,37684.78,2120,94720.8
Sri Lanka,LKA,2005,,,,1490,38827.7,2200,97280.8
Sri Lanka,LKA,2006,,,,1480,35860.47,2290,78770.8
Sri Lanka,LKA,2007,,,,1280,33193.02,2310,100080.8
Sri Lanka,LKA,2008,,,,1160,32015.26,1560,102543.4
Sri Lanka,LKA,2009,,,,1250,32657.02,1620,99299.5
Sri Lanka,LKA,2010,,,,1370,38348.07,1370,102376.9
Sri Lanka,LKA,2011,,,,1297.8,32646.02,1780,103015.61
Sri Lanka,LKA,2012,,,,1460,33696.84,2190,126856.9
Sri Lanka,LKA,2013,,,,1290,33910,2150,135428.2
Sri Lanka,LKA,2014,,,,1120,33840,1720,143935.27
Sri Lanka,LKA,2015,,,,1350,32180,1694.48,164466.84
Sri Lanka,LKA,2016,,,,1400,32060,1530.76,182706.9
Sri Lanka,LKA,2017,,,,1740,29790,1326.36,200995.44
Sri Lanka,LKA,2018,,,,1630,29790,1379.41,214216.8
Sri Lanka,LKA,2019,,,,1810,29860,1307.25,224026.56
Sri Lanka,LKA,2020,,,,1960,29550,1545.03,216179.55
Sri Lanka,LKA,2021,,,,2500,27860,2367.91,236817.56
Sri Lanka,LKA,2022,,,,2680,27620,1292.46,228148.02
Sri Lanka,LKA,2023,,,,2750,27300,909.7,236130.98
Sri Lanka,LKA,2024,,,,2660,29800,923.97,258562.02
Sudan,SDN,2012,,,141000,360000,358000,,45000
Sudan,SDN,2013,,,142000,364000,358000,,55000
Sudan,SDN,2014,,,143000,366000,365000,,58000
Sudan,SDN,2015,,,143255.16,369000,366229.8,,60000
Sudan,SDN,2016,,,144000,378000,370851.78,,65000
Sudan,SDN,2017,,,144000,381000,378625.66,,68000
Sudan,SDN,2018,,,145000,383000,387537.38,,70000
Sudan,SDN,2019,,,146000,385000,388546.75,,75000
Sudan,SDN,2020,,,147006.9,387012.2,389548.03,,80357.14
Sudan,SDN,2021,,,144508.2,381036.8,372679.47,,79790.21
Sudan,SDN,2022,,,140537.66,376101.6,357616.62,,85593.09
Sudan,SDN,2023,,,142971.3,378537.03,360493.8,,71869.23
Sudan,SDN,2024,,,145227.77,385930.6,366281.5,,76041.98
Sudan (former),OWID_SDN,1961,5000,,13500,66750,102300,,8000
Sudan (former),OWID_SDN,1962,5000,,13500,69450,105600,,8000
Sudan (former),OWID_SDN,1963,5200,,13500,68250,108900,,10000
Sudan (former),OWID_SDN,1964,5200,,13500,70650,112200,,12000
Sudan (former),OWID_SDN,1965,5400,,13500,71075,115500,,12800
Sudan (former),OWID_SDN,1966,5800,,21375,73250,121275,,12100
Sudan (former),OWID_SDN,1967,5700,,23400,77175,131175,,12200
Sudan (former),OWID_SDN,1968,5700,,25875,81160,143550,,12300
Sudan (former),OWID_SDN,1969,5800,,24300,80100,145200,,12402
Sudan (former),OWID_SDN,1970,5900,,23625,81100,146025,,12600
Sudan (former),OWID_SDN,1971,6000,,24975,81975,149325,,12800
Sudan (former),OWID_SDN,1972,6100,,24975,82850,155100,,12960
Sudan (former),OWID_SDN,1973,6200,,25650,88900,168300,,13090
Sudan (former),OWID_SDN,1974,6400,,23580,94565,169125,,13400
Sudan (former),OWID_SDN,1975,6500,,26550,101465,180675,,13550
Sudan (former),OWID_SDN,1976,6600,,27000,106595,188925,,13650
Sudan (former),OWID_SDN,1977,6600,,27225,109450,198000,,13800
Sudan (former),OWID_SDN,1978,6700,,25875,114900,206250,,14400
Sudan (former),OWID_SDN,1979,6000,,25875,122945,225885,,15000
Sudan (former),OWID_SDN,1980,6000,,32625,126216,235125,,16300
Sudan (former),OWID_SDN,1981,6000,,27000,121000,255973,,18500
Sudan (former),OWID_SDN,1982,6000,,25875,93200,247500,,18500
Sudan (former),OWID_SDN,1983,6000,,23625,94600,230900,,19000
Sudan (former),OWID_SDN,1984,6000,,23850,100900,261400,,19000
Sudan (former),OWID_SDN,1985,6500,,24750,103700,267100,,19500
Sudan (former),OWID_SDN,1986,6800,,19800,89100,247500,,20000
Sudan (former),OWID_SDN,1987,7000,,21825,91600,209700,,20500
Sudan (former),OWID_SDN,1988,6900,,22679.1,99236,205252,,20458
Sudan (former),OWID_SDN,1989,7200,,23699.93,102135,210942,,21029
Sudan (former),OWID_SDN,1990,7500,,23866.43,104647,218171,,21616
Sudan (former),OWID_SDN,1991,7600,,23338.13,124078,231432,,22420
Sudan (former),OWID_SDN,1992,7800,,30825,153000,226000,,23100
Sudan (former),OWID_SDN,1993,7869.64,,38250,179000,215000,,23600
Sudan (former),OWID_SDN,1994,7900,,45675,204867,212348,,24000
Sudan (former),OWID_SDN,1995,8000,,53100,236913,224750,,25000
Sudan (former),OWID_SDN,1996,8200,,60525,242320,226405,,26800
Sudan (former),OWID_SDN,1997,8300,,67950,277000,250000,,25000
Sudan (former),OWID_SDN,1998,8500,,75500,328000,265000,,25000
Sudan (former),OWID_SDN,1999,8700,,79000,364000,276000,,25500
Sudan (former),OWID_SDN,2000,8689.82,,81000,383000,296000,,26000
Sudan (former),OWID_SDN,2001,8900,,81500,400000,320000,,26500
Sudan (former),OWID_SDN,2002,8856.27,,80500,414000,325000,,27000
Sudan (former),OWID_SDN,2003,9000,,84000,420000,340000,,29000
Sudan (former),OWID_SDN,2004,9021.13,,88000,424000,340000,,37000
Sudan (former),OWID_SDN,2005,9100,,61000,470000,350000,,30500
Sudan (former),OWID_SDN,2006,9000,,101000,447000,350000,,25000
Sudan (former),OWID_SDN,2007,9159.09,,106000,452030,340000,,27000
Sudan (former),OWID_SDN,2008,9050,,119400,480200,340000,,27000
Sudan (former),OWID_SDN,2009,9382.34,,124600,464000,341000,,28000
Sudan (former),OWID_SDN,2010,9539.78,,128500,476000,343000,,38000
Sudan (former),OWID_SDN,2011,9800,,139000,485500,345000,,40000
Suriname,SUR,1961,,,,62.2,710,241,3535
Suriname,SUR,1962,,,,74.2,781,276,3544.8
Suriname,SUR,1963,,,,67.04,733,288,3537.8
Suriname,SUR,1964,,,,59,909,271,3736.4
Suriname,SUR,1965,,,,53,812,306,3735
Suriname,SUR,1966,,,,46.36,960,362,3842
Suriname,SUR,1967,,,,43.6,1156,354,3994.8
Suriname,SUR,1968,,,,42.36,1255,418,4046.2
Suriname,SUR,1969,,,,34,1262,529,4197.6
Suriname,SUR,1970,,,,31.8,1112,494,4339
Suriname,SUR,1971,,,,33.6,1045,626,4549.7
Suriname,SUR,1972,,,,34,1057,649,4749.7
Suriname,SUR,1973,,,,35.8,1044,740,5462.4
Suriname,SUR,1974,,,,39.76,929,827,6192.1
Suriname,SUR,1975,,,,39.4,1045,883,6481.8
Suriname,SUR,1976,,,,40.4,980,774,6052.5
Suriname,SUR,1977,,,,39.56,943,811,6453.2
Suriname,SUR,1978,,,,32,1194,948,8053.9
Suriname,SUR,1979,,,,33.8,1098,1069,8414.6
Suriname,SUR,1980,,,,42,1179,1135,8455.3
Suriname,SUR,1981,,,,42.58,1298,1101,8456
Suriname,SUR,1982,,,,30.44,1355,993,8656.7
Suriname,SUR,1983,,,,29.3,1365,1153,8658.8
Suriname,SUR,1984,,,,38.4,1436,1380,8858.8
Suriname,SUR,1985,,,,35.7,1468,1563,10460.2
Suriname,SUR,1986,,,,42.5,1256,1354,9811.6
Suriname,SUR,1987,,,,51.2,1270,1298,9513
Suriname,SUR,1988,,,,71.4,1445,1335,10323
Suriname,SUR,1989,,,,73.2,1929,1641,10863
Suriname,SUR,1990,,,,79.5,2250,1660,11844.04
Suriname,SUR,1991,,,,73.5,2660,1976,9795.98
Suriname,SUR,1992,,,,71.95,2637,1450,9040
Suriname,SUR,1993,,,,68.4,2480,1400,7640
Suriname,SUR,1994,,,,62.3,1700,920,4540
Suriname,SUR,1995,,,,52.38,1800,796,4120
Suriname,SUR,1996,,,,64.1,1814,944,3724
Suriname,SUR,1997,,,,60.4,2033,1107,4352
Suriname,SUR,1998,,,,58.1,2112,1061,3285
Suriname,SUR,1999,,,,61.4,2246,1006,4005
Suriname,SUR,2000,,,,42.88,1952,1165,4250
Suriname,SUR,2001,,,,43.72,1890,1282,5140
Suriname,SUR,2002,,,,44.32,1606,1437,5778
Suriname,SUR,2003,,,,39.45,1607,1392,5748
Suriname,SUR,2004,,,,38.1,1483,1650,6354
Suriname,SUR,2005,,,,35.1,1338,1766,8143
Suriname,SUR,2006,,,,33.88,1610,1662,8051
Suriname,SUR,2007,,,,29.28,1594,1607,11800
Suriname,SUR,2008,,,,29.88,1726,1551,8826
Suriname,SUR,2009,,,,35.12,1891,1759,11392
Suriname,SUR,2010,,,,32.84,1882,1911,11984
Suriname,SUR,2011,,,,14.7,1940,2157,10539
Suriname,SUR,2012,,,,15.2,1850,1851,11387
Suriname,SUR,2013,,,,15.7,1674,1920,8433
Suriname,SUR,2014,,,,18,1660,2245,8901
Suriname,SUR,2015,,,,18,1474,2231,9476
Suriname,SUR,2016,,,,23,1934,2490,7914
Suriname,SUR,2017,,,,20,1903,2344,9729
Suriname,SUR,2018,,,,20,1616,2123,10877
Suriname,SUR,2019,,,,20,1656,2235,12184
Suriname,SUR,2020,,,,19,1783,2130,11668
Suriname,SUR,2021,,,,20,1821,2125,13132
Suriname,SUR,2022,,,,19.68,1749.51,2122.56,12557.6
Suriname,SUR,2023,,,,20.35,1650.1,2205.19,9767.92
Suriname,SUR,2024,,,,19.63,1488.48,2157.6,8899.26
Sweden,SWE,1961,5500,7430,,1250,129437,202738,19690
Sweden,SWE,1962,5500,7620,,1400,154967,215921,17920
Sweden,SWE,1963,5500,7962,,1550,161473,204686,20150
Sweden,SWE,1964,5500,9460,,1830,150782,212168,20140
Sweden,SWE,1965,5500,8600,,2048,149888,216904,21580
Sweden,SWE,1966,5500,7755,,2541,171753,227693,22200
Sweden,SWE,1967,5500,6084,,2592,164464,234389,28000
Sweden,SWE,1968,5500,5109,,3068,153623,244022,29400
Sweden,SWE,1969,5500,4265,,3507,163216,239133,27800
Sweden,SWE,1970,5700,3718,,3444,161036,236082,26400
Sweden,SWE,1971,5800,2926,,3216,142802,256306,27000
Sweden,SWE,1972,6100,2765,,3087,125371,276025,31200
Sweden,SWE,1973,6700,1976,,3397,126746,263746,34400
Sweden,SWE,1974,7460,1811,,4232,143848,276970,38800
Sweden,SWE,1975,7940,2046,,4280,143546,282716,38710
Sweden,SWE,1976,8780,2523,,4722,149010,293690,40600
Sweden,SWE,1977,10500,2786,,4959,148148,303571,37800
Sweden,SWE,1978,13600,2806,,4831,147145,306760,40400
Sweden,SWE,1979,16200,2721,,4788,151741,313513,41700
Sweden,SWE,1980,19450,2594,,4801,157341,317371,43900
Sweden,SWE,1981,22260,2600,,4915,158272,320540,46700
Sweden,SWE,1982,26540,2649,,5268,160849,325020,46100
Sweden,SWE,1983,24300,2669,,5327,160730,318318,47200
Sweden,SWE,1984,24300,2437,,5370,155332,323734,47400
Sweden,SWE,1985,24200,2691,,5306,157713,331679,46600
Sweden,SWE,1986,18500,2316,,5006,147235,309379,45000
Sweden,SWE,1987,19400,2286,,4804,134792,287833,45000
Sweden,SWE,1988,20400,2042,,4775,127496,299387,43529
Sweden,SWE,1989,20500,1960,,5310,138726,306603,42154
Sweden,SWE,1990,20200,1927,,4980,145255,290795,51113
Sweden,SWE,1991,20334,2024,,4183,132000,267872,56890
Sweden,SWE,1992,18801,2287,,4359,125450,277885,61954
Sweden,SWE,1993,18266,2275,,4248,136660,291131,67051
Sweden,SWE,1994,16324,2397,,4201,136720,307593,77180
Sweden,SWE,1995,16856,2110,,3490,143330,308800,82250
Sweden,SWE,1996,16799,1890,,3660,137420,318900,84600
Sweden,SWE,1997,16536,1850,,3510,148890,329300,92150
Sweden,SWE,1998,17817,1700,,3490,142500,330400,89300
Sweden,SWE,1999,18462,1700,,3660,144040,325400,96450
Sweden,SWE,2000,18228,1500,,3910,149810,277000,92370
Sweden,SWE,2001,17689,1400,,3850,143190,275900,98700
Sweden,SWE,2002,17596,1500,,3900,146480,283800,104300
Sweden,SWE,2003,17960,1400,,3700,140400,287500,101150
Sweden,SWE,2004,17081,1387,,3802,142420,294500,94500
Sweden,SWE,2005,16116,979,,4067,135940,275131,99510
Sweden,SWE,2006,14382,859,,4205,137410,264448,98346
Sweden,SWE,2007,15180,850,,4603,133540,264869,107900
Sweden,SWE,2008,16242,954,,4631,128790,270758,109950
Sweden,SWE,2009,16726,1080,,5063,139830,260748,107940
Sweden,SWE,2010,16871,1100,,4993,137800,263478,115173
Sweden,SWE,2011,18317,1330,,5070,137880,256080,115240
Sweden,SWE,2012,18309,1200,,5030,125340,232980,112680
Sweden,SWE,2013,18050,1100,,4900,125880,234570,120320
Sweden,SWE,2014,17098,1000,,5090,131620,236480,138510
Sweden,SWE,2015,16330.71,1120,,5120,143980,233500,149470
Sweden,SWE,2016,16381.03,1360,,5000,131250,233890,158040
Sweden,SWE,2017,16062.49,1415,,5260,132070,240700,156790
Sweden,SWE,2018,,,,6020,138420,250140,150520
Sweden,SWE,2019,,520,,5550,141150,241490,158180
Sweden,SWE,2020,,370,,5290,142520,247770,171510
Sweden,SWE,2021,,350,,5190,137370,253810,184340
Sweden,SWE,2022,,300,,5100,136750,255520,171860
Sweden,SWE,2023,,310,,5130,139640,244660,171560
Sweden,SWE,2024,,340,,4590,140970,246920,178090
Switzerland,CHE,1961,1000,4943,,3246,107233,136459,5250
Switzerland,CHE,1962,1000,3528,,3343,119598,130282,5800
Switzerland,CHE,1963,1000,3008,,3249,114826,136534,8400
Switzerland,CHE,1964,1000,2995,,2994,109641,147287,10500
Switzerland,CHE,1965,1000,2651,,2962,112102,161317,12400
Switzerland,CHE,1966,1000,2867,,3097,118412,158251,13500
Switzerland,CHE,1967,1100,2754,,3047,120239,167509,14500
Switzerland,CHE,1968,1000,2566,,3437,128272,188610,15000
Switzerland,CHE,1969,1100,2493,,3577,126552,197000,15500
Switzerland,CHE,1970,900,2374,,3520,136611,196220,16200
Switzerland,CHE,1971,1000,2113,,3541,136914,208894,17500
Switzerland,CHE,1972,1050,1767,,3430,127571,223716,19360
Switzerland,CHE,1973,1100,1676,,3076,130229,236595,20460
Switzerland,CHE,1974,1130,1479,,3462,145491,237713,21120
Switzerland,CHE,1975,1280,1524,,3606,141548,235403,19360
Switzerland,CHE,1976,1400,1670,,4094,148911,246489,20900
Switzerland,CHE,1977,1600,1458,,4103,149745,262163,21670
Switzerland,CHE,1978,1580,1490,,3911,149972,258427,21780
Switzerland,CHE,1979,1550,1490,,4300,161369,263466,23100
Switzerland,CHE,1980,1553,1267,,4467,168963,278807,23000
Switzerland,CHE,1981,1504,1310,,4202,155752,275364,24300
Switzerland,CHE,1982,1440,1474,,4125,159932,289480,24400
Switzerland,CHE,1983,1489,1373,,4022,152165,290900,24500
Switzerland,CHE,1984,1518,1529,,4190,165139,276340,25630
Switzerland,CHE,1985,1594,1500,,4500,169829,284600,27500
Switzerland,CHE,1986,1549,1403,,4609,171160,285720,27500
Switzerland,CHE,1987,1574,1226,,4712,171868,277620,28710
Switzerland,CHE,1988,1567,1294,,5090,153912,278670,31370
Switzerland,CHE,1989,1531,1217,,4661,156566,280262,32460
Switzerland,CHE,1990,1529,1214,,5054,165242,269598,33080
Switzerland,CHE,1991,1274,1291,,5654,173742,265473,34990
Switzerland,CHE,1992,1272,1181,,6108,165400,264120,36670
Switzerland,CHE,1993,1366,1335,,5981,156042,260555,35750
Switzerland,CHE,1994,1331,1520,,5720,143281,246212,37830
Switzerland,CHE,1995,1383,1560,,5750,148138,250806,39790
Switzerland,CHE,1996,1461,1707,,6177,159164,220002,40510
Switzerland,CHE,1997,1428,1510,,6396,152355,214487,43870
Switzerland,CHE,1998,1504,1319,,6358,147768,231609,44160
Switzerland,CHE,1999,1398,1198,,6588,147302,226448,45590
Switzerland,CHE,2000,1523,1268,,6048,128394,225067,49280
Switzerland,CHE,2001,1544,1139,,6413,137831,234476,49880
Switzerland,CHE,2002,1599,1092,,6394,139895,235810,54230
Switzerland,CHE,2003,1476,1031,,6637,137203,229719,56270
Switzerland,CHE,2004,1510,1057,,7057,134378,227252,59700
Switzerland,CHE,2005,1633,967,,6743,132763,236452,57951
Switzerland,CHE,2006,1466,911,,6308,135336,243633,51691
Switzerland,CHE,2007,1648,798,,5935,133453,242064,60420
Switzerland,CHE,2008,1839,729,,5927,135960,231065,63831
Switzerland,CHE,2009,1537,802,,5840,142182,237912,65158
Switzerland,CHE,2010,1737,748,,5963,143475,249541,68711
Switzerland,CHE,2011,1686,775,,5874,144490,249067,72805
Switzerland,CHE,2012,1878,852,,5529,144922,242780,76062
Switzerland,CHE,2013,1762,747,,5300,143600,235554,79795
Switzerland,CHE,2014,1767,691,,5412,143854,242094,84504
Switzerland,CHE,2015,1989,650,,5319,141909,241394,87096
Switzerland,CHE,2016,1886,617,,5548,144456,238682,91114
Switzerland,CHE,2017,2239,527,,5553,139744,238602,92046
Switzerland,CHE,2018,1938,510,,6106,147971,230983,100832
Switzerland,CHE,2019,2157,481,,6192,145671,220909,100335
Switzerland,CHE,2020,2089,422,,5644,144384,224078,105614
Switzerland,CHE,2021,2190,362,,5614,144056,229721,109518
Switzerland,CHE,2022,1848,290.07,,5525,142291,232475,111595
Switzerland,CHE,2023,1863,270.21,,5690.06,143843,219485.55,110469
Switzerland,CHE,2024,1845,287.86,,5437.95,144057,212694.1,115808
Syria,SYR,1961,,,252,31860,8283,,5211.5
Syria,SYR,1962,,,234,36335,11033,,5973.5
Syria,SYR,1963,,,216,38150,11033,,6901.5
Syria,SYR,1964,,,216,38100,10483,,7615.5
Syria,SYR,1965,,,156.6,41750,11583,,9542.5
Syria,SYR,1966,,,144,40240,9933.11,,9588
Syria,SYR,1967,,,198,41850,9937.73,,10252.5
Syria,SYR,1968,,,243,39315,9943.45,,9536.5
Syria,SYR,1969,,,234,44630,9986.57,,10224.5
Syria,SYR,1970,,,198,44715,10545.92,,10091
Syria,SYR,1971,,,180,47415,10534.7,,13523.5
Syria,SYR,1972,,,180,45615,8890.2,,13864
Syria,SYR,1973,,,117,45950,11319,,11524.5
Syria,SYR,1974,,,198,53550,12735.8,,13080
Syria,SYR,1975,,,153,53700,14190,,19427.5
Syria,SYR,1976,,,180,49150,14642.25,,17454
Syria,SYR,1977,,,216,61296,15510.3,,20575.5
Syria,SYR,1978,,,252,64788,18166.9,,29179.5
Syria,SYR,1979,,,288,80506,25105.3,,39454.5
Syria,SYR,1980,,,261,88175,26353,,44587
Syria,SYR,1981,,,270,90061,32675.5,,71056.5
Syria,SYR,1982,,,234,91500,36352.75,,76290
Syria,SYR,1983,,,324,94000,33856.75,,78830
Syria,SYR,1984,,,322.02,97500,30379.8,,84379
Syria,SYR,1985,,,318.96,95910,29821,,82837.5
Syria,SYR,1986,,,218.16,95444,30115.5,,80768.5
Syria,SYR,1987,,,114.84,102921,29238,,67418
Syria,SYR,1988,,,103.5,111943,30879.2,,64572.5
Syria,SYR,1989,,,86.4,119426,30466.6,,52516
Syria,SYR,1990,,,140.94,119781,32351.57,,63262
Syria,SYR,1991,,,162,129156,32718.85,,62692
Syria,SYR,1992,,,198,117650,28753.7,,84616.29
Syria,SYR,1993,,,180,98025,28745.37,,78385.34
Syria,SYR,1994,,,216,125518,30601.02,,76926.61
Syria,SYR,1995,,,216,136570,33936.81,,86979.53
Syria,SYR,1996,,,234,150287,40121.06,,83488.12
Syria,SYR,1997,,,234,153727,41947.18,,94443.62
Syria,SYR,1998,,,252,160122,43502.76,,98787.44
Syria,SYR,1999,,,306,182048,46972.29,,105897.72
Syria,SYR,2000,,,306,188770,47309.84,,107954
Syria,SYR,2001,,,270,173470,42465.58,,115449
Syria,SYR,2002,,,270,125877,47293,,124443
Syria,SYR,2003,,,324,159551,47343,,160684
Syria,SYR,2004,,,360,167910,48426,,171652
Syria,SYR,2005,,,530,186969,55411,,163259
Syria,SYR,2006,,,940,194904,60570,,174812
Syria,SYR,2007,,,780,212995,65944,,174745
Syria,SYR,2008,,,640,192944,64247,,180189
Syria,SYR,2009,,,487,197757,63411,,183429
Syria,SYR,2010,,,750,166125,62215,,190957
Syria,SYR,2011,,,825,186410,71503,,180243
Syria,SYR,2012,,,962,185856,68859,,139323
Syria,SYR,2013,,,934,177618,70509,,108558
Syria,SYR,2014,,,1002.73,175103.48,65623,,100294
Syria,SYR,2015,,,892.32,143993,58491,,103764
Syria,SYR,2016,,,797.73,147954,58295,,110333
Syria,SYR,2017,,,715.09,141626,53998,,123041
Syria,SYR,2018,,,689.97,140815,49918,,121761.68
Syria,SYR,2019,,,577.79,127153.74,52487.86,,122872.88
Syria,SYR,2020,,,556.74,160407.38,64988.91,,125591
Syria,SYR,2021,,,485.66,170948.73,63493.11,,113197.97
Syria,SYR,2022,,,436.88,196056,50494,,93370
Syria,SYR,2023,,,499.1,209600,42423,,106330
Syria,SYR,2024,,,480.75,206557,41902,,168997
Taiwan,TWN,1961,,,,300,3702,182700,48700
Taiwan,TWN,1962,,,,315,6171,182100,48800
Taiwan,TWN,1963,,,,285,8538,210300,49680
Taiwan,TWN,1964,,,,340,8531,223900,52150
Taiwan,TWN,1965,,,,345,5053,241400,59900
Taiwan,TWN,1966,,,,395,5454,272110,63600
Taiwan,TWN,1967,,,,390,6853,314626,70480
Taiwan,TWN,1968,,,,370,8894,321602,77900
Taiwan,TWN,1969,,,,390,9028,342279,82480
Taiwan,TWN,1970,,,,410,9070,387939,84450
Taiwan,TWN,1971,,,,400,7564,397936,91400
Taiwan,TWN,1972,,,,355,4426,415572,112600
Taiwan,TWN,1973,,,,380,5592,486983,113540
Taiwan,TWN,1974,,,,385,4754,448961,121580
Taiwan,TWN,1975,,,,440,4294,387560,133000
Taiwan,TWN,1976,,,,535,10551,496880,147980
Taiwan,TWN,1977,,,,490,15798,556163,194030
Taiwan,TWN,1978,,,,298,9710,561018,223141
Taiwan,TWN,1979,,,,281,8518,678260,229898
Taiwan,TWN,1980,,,,279,5499,597875,249055
Taiwan,TWN,1981,,,,286,5190,595366,276448
Taiwan,TWN,1982,,,,266,5740,614444,293465
Taiwan,TWN,1983,,,,291,6619,655916,352479
Taiwan,TWN,1984,,,,336,6482,731560,350906
Taiwan,TWN,1985,,,,298,4351,830709,345325
Taiwan,TWN,1986,,,,282,3883,868332,351025
Taiwan,TWN,1987,,,,297,4171,937644,399829
Taiwan,TWN,1988,,,,371,4727,911124,421293
Taiwan,TWN,1989,,,,423,6058,916775,462259
Taiwan,TWN,1990,,,,328,4920,1008729,475768
Taiwan,TWN,1991,,,,393,4950,1126132,480458
Taiwan,TWN,1992,,,,548,5324,1126406,530556
Taiwan,TWN,1993,,,,1521,4754,1135361,584541
Taiwan,TWN,1994,,,,2394,5189,1203596,604382
Taiwan,TWN,1995,,,,3585,6113,1233022,609667
Taiwan,TWN,1996,,,,4461,5968,1269354,667825
Taiwan,TWN,1997,,,,4349,5898,1029848,738519
Taiwan,TWN,1998,,,,3903,5288,891776,727512
Taiwan,TWN,1999,,,,3923,6088,822344,726858
Taiwan,TWN,2000,,,,3614,5681,920603,726367
Taiwan,TWN,2001,,,,3176,5707,961948,696907
Taiwan,TWN,2002,,,,2987,5853,935354,696691
Taiwan,TWN,2003,,,,2900,6023,892835,684613
Taiwan,TWN,2004,,,,2781,5620,898208,692333
Taiwan,TWN,2005,,,,3234,6048,911449,654621
Taiwan,TWN,2006,,,,3896,5626,930609,669135
Taiwan,TWN,2007,,,,3548,5480,913824,652597
Taiwan,TWN,2008,,,,3183,5683,861836,614141
Taiwan,TWN,2009,,,,3000,6099,857155,625370
Taiwan,TWN,2010,,,,2694,6343,845464,646791
Taiwan,TWN,2011,,,,2438,6169,864792,680612
Taiwan,TWN,2012,,,,2294,6187,877628,631985
Taiwan,TWN,2013,,,,1888,6693,855019,610155
Taiwan,TWN,2014,,,,1972,6874,815257,654214
Taiwan,TWN,2015,,,,1996.94,6875,832183,621781
Taiwan,TWN,2016,,,,1889.3,6818,827041,657537
Taiwan,TWN,2017,,,,1776.64,7027,811236,650033
Taiwan,TWN,2018,,,,1637.43,7059,828645,695828
Taiwan,TWN,2019,,,,1618.77,7418.74,819735,730694
Taiwan,TWN,2020,,,,1565.54,7830.61,843855.6,757663.4
Taiwan,TWN,2021,,,,1440.64,8075.4,824963,780782
Taiwan,TWN,2022,,,,1387.1,8741.24,808847,784846
Taiwan,TWN,2023,,,,1282.56,8774.55,783663,751756
Taiwan,TWN,2024,,,,1425.84,8368.93,780000,781354.44
Tajikistan,TJK,1992,,,,20000,40900,2700,5200
Tajikistan,TJK,1993,,,,12800,28200,790,1800
Tajikistan,TJK,1994,,,,11700,28000,520,1200
Tajikistan,TJK,1995,,,,11300,32000,500,600
Tajikistan,TJK,1996,,,,10800,34000,100,200
Tajikistan,TJK,1997,,,,11790.12,25500,75,100
Tajikistan,TJK,1998,,,,13400,14700,44.69,100
Tajikistan,TJK,1999,,,,13200,15000,44.7,100
Tajikistan,TJK,2000,,,,12900,14800,37.26,100
Tajikistan,TJK,2001,,,,13100,16800,41,100
Tajikistan,TJK,2002,,,,15700,19900,22.37,100
Tajikistan,TJK,2003,,,,19600,25000,26.11,100
Tajikistan,TJK,2004,,,,21100,27100,18.32,200
Tajikistan,TJK,2005,,,,26900,26700,22.13,200
Tajikistan,TJK,2006,,,,28500,23700,27.18,700
Tajikistan,TJK,2007,,,,30300,25200,22.4,700
Tajikistan,TJK,2008,,,,35600,25100,25.1,1100
Tajikistan,TJK,2009,,,,36843,25976,21.97,4448
Tajikistan,TJK,2010,,,,39240,28642,15.62,1054
Tajikistan,TJK,2011,,,,42100,29300,19.58,2200
Tajikistan,TJK,2012,,,,39650,30683,25.72,7501
Tajikistan,TJK,2013,,,,43000,38500,17.91,1400
Tajikistan,TJK,2014,,,,49400,44200,18.11,1500
Tajikistan,TJK,2015,,,,54100,100000,16.54,1600
Tajikistan,TJK,2016,,,,56482.7,150000,10.01,4000
Tajikistan,TJK,2017,,,,79641.8,248768.8,5.92,6828.7
Tajikistan,TJK,2018,,,,85915.3,261926.7,6.97,7135.1
Tajikistan,TJK,2019,,,,86427.5,272520.9,4.22,16270.9
Tajikistan,TJK,2020,,,,80000,270000,22.79,21400
Tajikistan,TJK,2021,,,,79378.84,270000,3.98,30900
Tajikistan,TJK,2022,,,,96373.97,270000,7.6,37100
Tajikistan,TJK,2023,,,,105180.87,302021.4,7.6,42200
Tajikistan,TJK,2024,,,,89548.32,313638.53,6.38,47381
Tanzania,TZA,1961,5000,,,19395.6,80000,2600,6332
Tanzania,TZA,1962,5000,,,19754.4,80000,2600,6541
Tanzania,TZA,1963,5000,,,20286.34,85000,2680,6781
Tanzania,TZA,1964,6000,,,17809,87000,2800,7020
Tanzania,TZA,1965,6000,,,18222.84,89000,2800,7608
Tanzania,TZA,1966,6000,,,19642.44,100584,2924,8198
Tanzania,TZA,1967,7000,,,19714.32,103000,3012,8841
Tanzania,TZA,1968,7000,,,19810.08,103000,3104,9317
Tanzania,TZA,1969,7000,,,19915.8,104099,3200,10849
Tanzania,TZA,1970,7000,,,20043.48,110862,3300,11465
Tanzania,TZA,1971,7000,,,20189.52,117432,3400,12560
Tanzania,TZA,1972,7000,,,21266.4,103630,3504,13660
Tanzania,TZA,1973,7000,,,20115.6,100065,3616,14200
Tanzania,TZA,1974,7200,,,20527.2,106872,3728,14900
Tanzania,TZA,1975,7400,,,20945.4,112784,3840,15760
Tanzania,TZA,1976,7700,,,24132.6,115346,3968,16380
Tanzania,TZA,1977,7900,,,24625.8,127710,4096,17000
Tanzania,TZA,1978,7900,,,25128,130842,4204,17780
Tanzania,TZA,1979,8000,,,25640.4,131285,4336,18480
Tanzania,TZA,1980,8500,,,25555.08,123715,4404,16550
Tanzania,TZA,1981,9000,,,26680.8,130606,4608,18000
Tanzania,TZA,1982,9500,,,27114.72,139960,2380,18280
Tanzania,TZA,1983,10000,,,26931.6,145561,5044,18000
Tanzania,TZA,1984,10500,,,26705.56,154400,7928,17773
Tanzania,TZA,1985,11000,,,29212.8,162500,8064,18219
Tanzania,TZA,1986,11500,,,29454,170200,8208,19028
Tanzania,TZA,1987,11600,,,29683.2,171400,8236,20390
Tanzania,TZA,1988,11800,,,29895.6,185900,8520,21650
Tanzania,TZA,1989,12000,,,30591.6,193600,8680,24100
Tanzania,TZA,1990,12200,,,31302,195200,8960,25200
Tanzania,TZA,1991,12400,,,31868.26,200000,9240,29200
Tanzania,TZA,1992,12600,,,32950.49,205000,9240,30200
Tanzania,TZA,1993,12700,,,34080.26,210000,9380,35200
Tanzania,TZA,1994,12800,,,34907.54,213000,9380,31200
Tanzania,TZA,1995,12846.92,,,37317.33,246000,9800,35200
Tanzania,TZA,1996,12900,,,37268.28,194000,10400,32700
Tanzania,TZA,1997,13000,,,37707.56,193000,10800,36200
Tanzania,TZA,1998,13100,,,38154.94,198000,11480,39200
Tanzania,TZA,1999,13200,,,39689.97,260000,12480,41200
Tanzania,TZA,2000,13300,,,41924.67,175000,12600,43070
Tanzania,TZA,2001,14000,,,42961.86,181000,12800,51300
Tanzania,TZA,2002,15000,,,44046.25,182000,12880,56320
Tanzania,TZA,2003,15809.02,,,46488.96,182500,13000,62820
Tanzania,TZA,2004,16448.11,,,45723.2,184000,13080,64320
Tanzania,TZA,2005,17000,,,45936.95,204520,13200,70216
Tanzania,TZA,2006,17541.3,,,48128.18,208046,13400,71220
Tanzania,TZA,2007,18103.5,,,50104.08,180629,13600,78600
Tanzania,TZA,2008,18710.47,,,51084.39,218976,13800,78570
Tanzania,TZA,2009,19348.79,,,52346.63,225178,13920,79488
Tanzania,TZA,2010,20122.06,,,86630,243943,14000,82236
Tanzania,TZA,2011,21000,,,103710,262606,14120,94854
Tanzania,TZA,2012,22000,,,111100,289835,14400,85844
Tanzania,TZA,2013,23000,,,115660,299581,14400,88728
Tanzania,TZA,2014,23991.86,,,120240,309353,14467.26,96615.55
Tanzania,TZA,2015,23808.24,,,129290,319112,14573.74,100869.55
Tanzania,TZA,2016,23963.53,,,124740,323775,14698.69,105618.34
Tanzania,TZA,2017,24104.95,,,81070,394604,18899,64921.69
Tanzania,TZA,2018,24234.34,,,93000,471692,37191,79432.5
Tanzania,TZA,2019,24378.52,,,110560,506798,23140,42320.75
Tanzania,TZA,2020,24524.91,,,102140,508355,41468,87524.49
Tanzania,TZA,2021,24633.74,,,107800,526351,44420,92725.52
Tanzania,TZA,2022,24000,,,113740,544984,47583,98234.41
Tanzania,TZA,2023,24000,,,162800,612809,55912,133759.19
Tanzania,TZA,2024,24000,,,181600,666227,58775,148765.94
Thailand,THA,1961,,,,200.25,196499.98,129066.65,93300
Thailand,THA,1962,,,,181.5,206090,131865.45,97525
Thailand,THA,1963,,,,252,210620,130060.35,108550
Thailand,THA,1964,,,,249.75,215150,154900,119837.5
Thailand,THA,1965,,,,247.5,219680,150000,131287.5
Thailand,THA,1966,,,,243,224210,164350,145450
Thailand,THA,1967,,,,241.88,229740,170000,160075
Thailand,THA,1968,,,,340.43,233270,185000,176400
Thailand,THA,1969,,,,337.5,238800,195000,193625
Thailand,THA,1970,,,,328.5,240800,210000,214900
Thailand,THA,1971,,,,319.5,238740,164597.16,209675
Thailand,THA,1972,,,,310.5,235150,175000,216700
Thailand,THA,1973,,,,301.5,246740,209210.2,281725
Thailand,THA,1974,,,,292.5,263670,190000,263200
Thailand,THA,1975,,,,538.05,275270,175000,292650
Thailand,THA,1976,,,,390.82,287460,170000,282637.5
Thailand,THA,1977,,,,354.53,290190,180121.25,316425
Thailand,THA,1978,,,,367.58,299920,319305.44,365712.5
Thailand,THA,1979,,,,442.13,296050,255000,372699.5
Thailand,THA,1980,,,,348.15,275580,267000,351575.5
Thailand,THA,1981,,,,265.05,308450,273000,395300
Thailand,THA,1982,,,,341.48,323100,280000,410700
Thailand,THA,1983,,,,410.85,325738,219000,451000
Thailand,THA,1984,,,,533.29,322510,276500,433875
Thailand,THA,1985,,,,624,321380,377500,472050
Thailand,THA,1986,,,,688.5,323180,276000,511700
Thailand,THA,1987,,,,787.05,318390,325500,547600
Thailand,THA,1988,,,,933,314000,333500,582362.5
Thailand,THA,1989,,,,1135.65,317620,334500,624425
Thailand,THA,1990,,,,1219.28,316749,551320,667810
Thailand,THA,1991,,,,1314.6,320274.6,562623.6,872708
Thailand,THA,1992,,,,1553.4,390145.2,606630.5,1039950
Thailand,THA,1993,,,,1253.25,403750.5,642259.1,1055680
Thailand,THA,1994,,,,1123.55,377445.66,685125,996350
Thailand,THA,1995,,,,1020,359018.34,684497.8,1007212.5
Thailand,THA,1996,,,,739.5,322729.16,715794.8,1044387.5
Thailand,THA,1997,,,,804,285153.16,746200,1056512.5
Thailand,THA,1998,,,,814.5,252784.4,656530,1210112.5
Thailand,THA,1999,,,,822,230328.61,635271.2,1180692.5
Thailand,THA,2000,,,,859.5,201859,692950,1148815
Thailand,THA,2001,,,,1089,149545,701708,1241866.5
Thailand,THA,2002,,,,1026,143184,786841,1274028
Thailand,THA,2003,,,,1057.5,145131,866951,1337125
Thailand,THA,2004,,,,1342.5,153142,872019,954470
Thailand,THA,2005,,,,1407.5,154628,907050,1093010
Thailand,THA,2006,,,,1353,163351,985278,1154511
Thailand,THA,2007,,,,1827,182818,1002308,1192964
Thailand,THA,2008,,,,1645,173662,894501,1235240
Thailand,THA,2009,,,,1621,178948,871019,1231600
Thailand,THA,2010,,,,1541,201066,895339,1298306
Thailand,THA,2011,,,,1645,187900,879573,1339334
Thailand,THA,2012,,,,1976,173736.05,949299,1597010.8
Thailand,THA,2013,,,,2162,166214.81,967296,1668102.8
Thailand,THA,2014,,,,1968.94,161921.92,948901.25,1813514.1
Thailand,THA,2015,,,,1907.65,173966.3,936355.6,1696745.4
Thailand,THA,2016,,,,1935.8,173942.75,912676.06,1699659.1
Thailand,THA,2017,,,,1983.16,176103.16,927726.2,1724175
Thailand,THA,2018,,,,1959.01,166214.23,904585.06,1690427.9
Thailand,THA,2019,,,,1955.89,168271.03,925126.94,1732655.2
Thailand,THA,2020,,,,1949.33,147773.78,933309.7,1758663.9
Thailand,THA,2021,,,,2031.31,158843.88,939660.06,1883579.5
Thailand,THA,2022,,,,2020.03,149465.11,935845.7,1925604.8
Thailand,THA,2023,,,,2031.58,139367.72,937839.56,1952101.8
Thailand,THA,2024,,,,2043.29,130568.73,939973.5,1993421.8
Togo,TGO,1961,5000,,,1816.98,2890.5,2478.08,960
Togo,TGO,1962,5000,,,1991.17,2763.63,2635.39,920
Togo,TGO,1963,5000,,,2102.31,2889.38,2797.28,1120
Togo,TGO,1964,4000,,,2286.35,3871.88,3121.83,1280
Togo,TGO,1965,4000,,,2527.61,3889.38,3160.5,1360
Togo,TGO,1966,4000,,,2722,3912.5,3136,1600
Togo,TGO,1967,4000,,,2756,4125,3024,1680
Togo,TGO,1968,4000,,,2759,3625,3388,1720
Togo,TGO,1969,4000,,,2594,3900,3220,1720
Togo,TGO,1970,4000,,,2664,4350,2730,1816
Togo,TGO,1971,4000,,,2200.5,3662.5,2856,1888
Togo,TGO,1972,4000,,,2960,3837.5,3052,1976
Togo,TGO,1973,4000,,,2928,4462.5,3444,1880
Togo,TGO,1974,4000,,,3144,4375,3430,2160
Togo,TGO,1975,4000,,,3419,4800,3584,2240
Togo,TGO,1976,4000,,,3439,4125,3780,2080
Togo,TGO,1977,4000,,,3229,3937.5,3556,2200
Togo,TGO,1978,4000,,,3454,3687.5,3612,2760
Togo,TGO,1979,4000,,,3101,3937.5,3556,2160
Togo,TGO,1980,4000,,,2481,3812.5,2912,1960
Togo,TGO,1981,4000,,,2441,4500,3248,1840
Togo,TGO,1982,4000,,,3216,5000,3248,2080
Togo,TGO,1983,4000,,,2878,4000,3192,2480
Togo,TGO,1984,4000,,,3251,4687.5,3108,2720
Togo,TGO,1985,4000,,,3613,4875,4452,2520
Togo,TGO,1986,4000,,,4659,4625,3304,5520
Togo,TGO,1987,4000,,,5090,5000,3416,5680
Togo,TGO,1988,4000,,,6330,4687.5,5376,5760
Togo,TGO,1989,4000,,,6151,5312.5,6020,6600
Togo,TGO,1990,3821,,,7705,5200,5180,7400
Togo,TGO,1991,3471.56,,,6568,4562.5,6630,7440
Togo,TGO,1992,3573.12,,,4931,4375,6764.81,7480
Togo,TGO,1993,3674.67,,,4456,4561.25,6689.82,7520
Togo,TGO,1994,3776.23,,,4102.5,5675,6569.84,7200
Togo,TGO,1995,3877.79,,,3267.5,5577.5,5159.88,7360
Togo,TGO,1996,3979.35,,,4825,6612.5,4499.9,7480
Togo,TGO,1997,4080.9,,,5637,6512.5,5129.9,8480
Togo,TGO,1998,4182.46,,,6074,6145.63,5692.4,9360
Togo,TGO,1999,4259.2,,,6544,6717.5,6187.4,10000
Togo,TGO,2000,4361.23,,,7103.71,6620,6501,12000
Togo,TGO,2001,4500,,,7323.67,8152.5,6814.41,13040
Togo,TGO,2002,4524.64,,,7242.56,8062.5,7160.92,14000
Togo,TGO,2003,4573.29,,,7297.63,7475,7523.93,15120
Togo,TGO,2004,4622.19,,,7827.75,7862.5,7886.94,16320
Togo,TGO,2005,4670.51,,,9540,8200,8283,17600
Togo,TGO,2006,4720.39,,,9961.65,8325,8695.5,19040
Togo,TGO,2007,4550,,,10029.57,8531.25,9141.07,20560
Togo,TGO,2008,5200,,,10032.6,8800,9609.8,20136
Togo,TGO,2009,5450,,,10518.42,9085,10102.51,25976
Togo,TGO,2010,5600,,,10780.73,9250,10451.89,13915
Togo,TGO,2011,5650,,,11257.3,9375,9281.71,14613
Togo,TGO,2012,5700,,,9069.52,9625,10258.24,15344
Togo,TGO,2013,5759.25,,,10800,9812.5,10189.24,16572
Togo,TGO,2014,5835.85,,,9506,4636,11798,14610
Togo,TGO,2015,5996.4,,,10206,4683,12034,15786
Togo,TGO,2016,6128.12,,,10958,4730,12275,17057
Togo,TGO,2017,6241.33,,,11767,4777,12520,18432
Togo,TGO,2018,6339.99,,,12435,4803,12685,19585
Togo,TGO,2019,6424.75,,,13570,4873,13026,21522
Togo,TGO,2020,6523.56,,,9521.65,5850.49,15278.68,22834.18
Togo,TGO,2021,6630.75,,,10018.41,6877.75,15002.45,24911.34
Togo,TGO,2022,6514.24,,,10749.18,7868.91,17153.56,28443.02
Togo,TGO,2023,6593.73,,,16184.77,8698.99,14309.99,32669.57
Togo,TGO,2024,6673.32,,,16255.65,8800,16838.18,32631.74
Tonga,TON,1961,,,,7.5,61.2,360,44.82
Tonga,TON,1962,,,,7.5,61.2,510,58.1
Tonga,TON,1963,,,,9,62.9,540,54.78
Tonga,TON,1964,,,,9.75,96.9,570,59.34
Tonga,TON,1965,,,,9,61.2,615,67.2
Tonga,TON,1966,,,,9.75,59.5,720,77.28
Tonga,TON,1967,,,,10.5,54.4,660,117.6
Tonga,TON,1968,,,,12,56.1,705,142.8
Tonga,TON,1969,,,,12,68,750,102
Tonga,TON,1970,,,,12,54.4,810,85
Tonga,TON,1971,,,,12,66.5,904.5,114.75
Tonga,TON,1972,,,,12,73.5,954.75,42.5
Tonga,TON,1973,,,,12,80.5,971.5,42.5
Tonga,TON,1974,,,,12.6,82.25,1072,51
Tonga,TON,1975,,,,21.9,169.75,1206,104.55
Tonga,TON,1976,,,,22.5,171.5,1326,170
Tonga,TON,1977,,,,25.5,171.5,1360,86
Tonga,TON,1978,,,,30,175,1394,146.2
Tonga,TON,1979,,,,36,175,1428,133.3
Tonga,TON,1980,,,,42,192.5,1462,111.8
Tonga,TON,1981,,,,48,214.2,1517,163.4
Tonga,TON,1982,,,,39,228.6,1406,223.6
Tonga,TON,1983,,,,34.5,234,1332,156.6
Tonga,TON,1984,,,,34.5,237.6,1313.5,165.3
Tonga,TON,1985,,,,34.5,234,1313.5,226.2
Tonga,TON,1986,,,,36,259,1440,261
Tonga,TON,1987,,,,37.5,277.5,1460,287.1
Tonga,TON,1988,,,,39,296,1480,313.2
Tonga,TON,1989,,,,28.5,342,1522.5,237.6
Tonga,TON,1990,,,,30,304,1522.5,220
Tonga,TON,1991,,,,31.5,285,1522.5,220
Tonga,TON,1992,,,,31.5,285,1540,228.8
Tonga,TON,1993,,,,31.5,266,1496,233.2
Tonga,TON,1994,,,,27,266,1496,233.2
Tonga,TON,1995,,,,27,266,1496,286.88
Tonga,TON,1996,,,,25.5,646,1496,316.8
Tonga,TON,1997,,,,24,266,1496,316.8
Tonga,TON,1998,,,,24,266,1496,316.8
Tonga,TON,1999,,,,24.75,304,1496,316.8
Tonga,TON,2000,,,,24.75,350,1496,316.8
Tonga,TON,2001,,,,24.75,342,1496,316.8
Tonga,TON,2002,,,,24.75,342,1496,316.8
Tonga,TON,2003,,,,24.75,342,1496,316.8
Tonga,TON,2004,,,,24.75,342,1492.47,316.8
Tonga,TON,2005,,,,24.75,342,1477,316.8
Tonga,TON,2006,,,,25.5,351.5,1500,325.6
Tonga,TON,2007,,,,26.25,361,1550,334.4
Tonga,TON,2008,,,,26.25,361,1538,334.4
Tonga,TON,2009,,,,26.25,361,1561.44,328.7
Tonga,TON,2010,,,,25.38,349.01,1610.95,276
Tonga,TON,2011,,,,25.31,348.46,1618.62,278.68
Tonga,TON,2012,,,,26.05,370,1650,294.4
Tonga,TON,2013,,,,27,358.37,1657.88,294.67
Tonga,TON,2014,,,,26.92,350.83,1683.53,289.59
Tonga,TON,2015,,,,27.06,345.49,1708.56,288.56
Tonga,TON,2016,,,,26.88,346.72,1729.42,285.87
Tonga,TON,2017,,,,27.18,352.6,1743.83,282.78
Tonga,TON,2018,,,,27.37,353.54,1736.85,278.56
Tonga,TON,2019,,,,27.66,351.81,1745.34,275.65
Tonga,TON,2020,,,,27.92,348.02,1754.26,273.76
Tonga,TON,2021,,,,28.37,349.56,1772.39,278.17
Tonga,TON,2022,,,,28.71,347.74,1790.71,275.72
Tonga,TON,2023,,,,29.02,346.81,1804.91,273.99
Tonga,TON,2024,,,,29.33,345.87,1819.18,272.25
Trinidad and Tobago,TTO,1961,,,,314.5,1388,1700,6500
Trinidad and Tobago,TTO,1962,,,,269,1344,1700,6900
Trinidad and Tobago,TTO,1963,,,,301.5,1313,1700,7510
Trinidad and Tobago,TTO,1964,,,,317,1281,1800,9410
Trinidad and Tobago,TTO,1965,,,,348,1340,1860,10550
Trinidad and Tobago,TTO,1966,,,,327.5,1687,1920,11520
Trinidad and Tobago,TTO,1967,,,,322.5,1603,2100,12500
Trinidad and Tobago,TTO,1968,,,,333.5,1388,2300,13460
Trinidad and Tobago,TTO,1969,,,,365.5,1465,2400,13200
Trinidad and Tobago,TTO,1970,,,,337.5,1519,2500,15450
Trinidad and Tobago,TTO,1971,,,,356.5,1593,2700,14750
Trinidad and Tobago,TTO,1972,,,,365.5,1472,2700,14400
Trinidad and Tobago,TTO,1973,,,,386,1562,2800,14540
Trinidad and Tobago,TTO,1974,,,,420,1468,2700,15620
Trinidad and Tobago,TTO,1975,,,,439,1228,2800,21700
Trinidad and Tobago,TTO,1976,,,,470.5,1297,2850,19500
Trinidad and Tobago,TTO,1977,,,,494,1312,3097,23800
Trinidad and Tobago,TTO,1978,,,,498.5,1437,2872,24400
Trinidad and Tobago,TTO,1979,,,,505,1969,2418,19300
Trinidad and Tobago,TTO,1980,,,,508.18,2012,2424,18800
Trinidad and Tobago,TTO,1981,,,,527.42,1746,2457,20500
Trinidad and Tobago,TTO,1982,,,,515.52,1648,2931,30000
Trinidad and Tobago,TTO,1983,,,,536.5,1396,3519,27400
Trinidad and Tobago,TTO,1984,,,,515,1375,3553,27100
Trinidad and Tobago,TTO,1985,,,,515,1236,3364,26700
Trinidad and Tobago,TTO,1986,,,,515,1233,2885,23700
Trinidad and Tobago,TTO,1987,,,,485,1324,3382,23600
Trinidad and Tobago,TTO,1988,,,,495,1782,2973,21100
Trinidad and Tobago,TTO,1989,,,,435,1499,2286,22800
Trinidad and Tobago,TTO,1990,,,,405,1206,2443,24400
Trinidad and Tobago,TTO,1991,,,,431,1203,2449,25700
Trinidad and Tobago,TTO,1992,,,,415,989,2458,24602
Trinidad and Tobago,TTO,1993,,,,392.8,1007,1938,29872
Trinidad and Tobago,TTO,1994,,,,392.8,1148,1592,26463
Trinidad and Tobago,TTO,1995,,,,392.8,1175,1565,30051
Trinidad and Tobago,TTO,1996,,,,392.8,1210,1625,30000
Trinidad and Tobago,TTO,1997,,,,393.6,1069,2076,26591
Trinidad and Tobago,TTO,1998,,,,392.8,913,1878,26180
Trinidad and Tobago,TTO,1999,,,,392.8,982,1924,29000
Trinidad and Tobago,TTO,2000,,,,393,810,1693,38792
Trinidad and Tobago,TTO,2001,,,,396,823,2039,46919
Trinidad and Tobago,TTO,2002,,,,404.25,859,2935,57967
Trinidad and Tobago,TTO,2003,,,,403.25,762,2838,56512
Trinidad and Tobago,TTO,2004,,,,405,765,2925,57600
Trinidad and Tobago,TTO,2005,,,,409.5,765,2925,57600
Trinidad and Tobago,TTO,2006,,,,490.42,600,3548,47129.04
Trinidad and Tobago,TTO,2007,,,,374,500,3866,53139.24
Trinidad and Tobago,TTO,2008,,,,247,700,3408,53459.28
Trinidad and Tobago,TTO,2009,,,,337,1250,3429,58106.18
Trinidad and Tobago,TTO,2010,,,,355,1155,3341,65256
Trinidad and Tobago,TTO,2011,,,,218,975,3334,64333
Trinidad and Tobago,TTO,2012,,,,130,993,3479,65919
Trinidad and Tobago,TTO,2013,,,,260,1008,2666,66578
Trinidad and Tobago,TTO,2014,,,,109,1002.47,2574,67044
Trinidad and Tobago,TTO,2015,,,,131,995.05,2072,48562
Trinidad and Tobago,TTO,2016,,,,106,1001.17,1994,60703
Trinidad and Tobago,TTO,2017,,,,145.32,1010.88,2159,63907
Trinidad and Tobago,TTO,2018,,,,103,1025.43,2301,65041
Trinidad and Tobago,TTO,2019,,,,82,1010.51,1898,51413
Trinidad and Tobago,TTO,2020,,,,210,1015.81,1729,47103
Trinidad and Tobago,TTO,2021,,,,146,1009.92,1972,49840
Trinidad and Tobago,TTO,2022,,,,127,1016,1890.8,51149.28
Trinidad and Tobago,TTO,2023,,,,173,1020.5,1890,50155
Trinidad and Tobago,TTO,2024,,,,197,1030,1388,46888
Tunisia,TUN,1961,0,742,1200,25380,15400,112,7920
Tunisia,TUN,1962,0,742,1200,23875,14900,136,8040
Tunisia,TUN,1963,0,742,1320,25080,14300,111,8160
Tunisia,TUN,1964,0,755,1440,26200,14600,112,8400
Tunisia,TUN,1965,0,878,1670,28000,15900,138,8580
Tunisia,TUN,1966,0,600,1360,29860,18900,155,8580
Tunisia,TUN,1967,0,790,660,27430,19000,185,10404
Tunisia,TUN,1968,0,580,415,22560,18900,110,11400
Tunisia,TUN,1969,0,580,590,25760,18700,105,12384
Tunisia,TUN,1970,0,620,440,20240,18400,120,13200
Tunisia,TUN,1971,0,810,720,23180,19400,165,14520
Tunisia,TUN,1972,0,800,1050,25610,21500,110,16800
Tunisia,TUN,1973,0,790,1120,30830,23100,115,19800
Tunisia,TUN,1974,0,770,730,28850,27800,145,19800
Tunisia,TUN,1975,0,650,290,34170,31800,155,19800
Tunisia,TUN,1976,0,580,1310,36440,33600,90,23664
Tunisia,TUN,1977,0,600,810,33970,34900,56,29700
Tunisia,TUN,1978,0,680,450,28390,31000,56,34872
Tunisia,TUN,1979,0,660,1260,23540,20100,70,38400
Tunisia,TUN,1980,0,350,850,27430,26200,111,39600
Tunisia,TUN,1981,0,370,910,27410,35170,142,40500
Tunisia,TUN,1982,0,370,920,29144,28080,91,50040
Tunisia,TUN,1983,0,380,930,37700,31400,52,37500
Tunisia,TUN,1984,0,400,958,38500,33700,80,41138
Tunisia,TUN,1985,100,400,988,43600,36000,80,42476
Tunisia,TUN,1986,100,410,988,42300,38900,80,45988
Tunisia,TUN,1987,200,410,1140,45000,38400,80,44287
Tunisia,TUN,1988,300,420,1372,49500,39000,60,47864
Tunisia,TUN,1989,300,420,1321,45300,39000,115,53980
Tunisia,TUN,1990,304,427,1270,46300,39000,170,51894
Tunisia,TUN,1991,400,434,1286,46400,35900,150,52720
Tunisia,TUN,1992,405.13,440,1360,47400,37700,150,64640
Tunisia,TUN,1993,410,442.37,1400,50500,41500,169,69640
Tunisia,TUN,1994,415,450,1406.12,51900,42600,174,69700
Tunisia,TUN,1995,420,451.4,1424.49,54000,43700,157,70460
Tunisia,TUN,1996,425,455.42,1433.68,55600,45200,150,73190
Tunisia,TUN,1997,435,459.47,1407.42,55000,45000,158,85160
Tunisia,TUN,1998,440,463.51,1412.7,59300,46000,155,95370
Tunisia,TUN,1999,445,467.54,1417.75,62700,50000,114,104200
Tunisia,TUN,2000,450,471.55,1422.54,63200,52000,165,116870
Tunisia,TUN,2001,455,475.43,1440,65200,52400,155,122030
Tunisia,TUN,2002,460,477.09,1424.56,67800,56000,150,118420
Tunisia,TUN,2003,465,480.63,1419.77,60800,50200,155,124300
Tunisia,TUN,2004,470,475.4,1414.99,61400,46700,150,135900
Tunisia,TUN,2005,475,472.02,1410.28,64000,45800,152,132000
Tunisia,TUN,2006,480,476.07,1344.54,66500,48800,173,106000
Tunisia,TUN,2007,485,481.42,1376.12,67900,52400,155,134700
Tunisia,TUN,2008,490,487.15,1386.43,61000,54000,150,141600
Tunisia,TUN,2009,487.05,492.95,1380,58850,51600,140,143600
Tunisia,TUN,2010,485.21,498.71,1440,59400,55800,129,160700
Tunisia,TUN,2011,480,500,1440,60300,54300,114,150000
Tunisia,TUN,2012,487.07,500,1454.77,56700,54600,110,188100
Tunisia,TUN,2013,506.33,550,1440.52,57900,56000,110,202600
Tunisia,TUN,2014,524.18,539.73,1434.53,59000,58000,180,215400
Tunisia,TUN,2015,508.21,528.08,1447.8,58900,59300,150.11,219600
Tunisia,TUN,2016,509.12,529.84,1455.85,58980,59300,134.78,213300
Tunisia,TUN,2017,508.76,532.36,1462.42,60600,52000,129.75,217825.03
Tunisia,TUN,2018,511.46,535.96,1468.05,61800,51500,127.58,222838.88
Tunisia,TUN,2019,517.3,539.92,1471.56,64500,44700,126.29,234628.9
Tunisia,TUN,2020,522.67,543.94,1474.12,65900,49400,125.51,239344.6
Tunisia,TUN,2021,526.98,548.36,1475.73,71100,49900,124.77,242097.22
Tunisia,TUN,2022,528.49,551.25,1478.93,70700,50490,123.98,243537.89
Tunisia,TUN,2023,531.18,554.45,1481.77,68616.62,45899.18,122.72,253002.44
Tunisia,TUN,2024,533.87,557.65,1484.61,65123.64,41793.32,121.45,259971.52
Turkey,TUR,1961,,6900,281,296000,109067,432,65234
Turkey,TUR,1962,,6900,275,283000,119432,432,65507
Turkey,TUR,1963,,6450,350,287000,116722,432,66445
Turkey,TUR,1964,,6150,446,281000,109634,336,67423
Turkey,TUR,1965,,6300,600,287000,114703,432,71221
Turkey,TUR,1966,,6300,401,299000,122336,488,72723.5
Turkey,TUR,1967,,6300,583,290000,115880,504,77605
Turkey,TUR,1968,,6150,498,291000,122335,504,85636
Turkey,TUR,1969,,6000,297,321000,137383,491,94872
Turkey,TUR,1970,,5850,531,326000,134493,490,104221
Turkey,TUR,1971,,5550,694,337000,122779,494,113000
Turkey,TUR,1972,,5400,189,335000,107490,490,128000
Turkey,TUR,1973,,7050,93,341000,115038,492,137000
Turkey,TUR,1974,,4950,155,352516,140338,495,156000
Turkey,TUR,1975,,4650,135,397065,149490,513,182000
Turkey,TUR,1976,,4500,280,384260,129556,513,194000
Turkey,TUR,1977,,4500,140,396500,140805,395,185000
Turkey,TUR,1978,,4500,170,410600,114981,225,207000
Turkey,TUR,1979,,4200,90,285000,159449,335,214000
Turkey,TUR,1980,,4050,60,292000,141040,325,250000
Turkey,TUR,1981,,4050,25,349000,152575,125,284000
Turkey,TUR,1982,,4050,40,356000,168574,245,292000
Turkey,TUR,1983,,3900,65,370000,171759,390,246000
Turkey,TUR,1984,,3750,55,375000,401392,753,286000
Turkey,TUR,1985,,3300,240,380000,332893,505,284886
Turkey,TUR,1986,,3150,10,385000,465589,447,314924
Turkey,TUR,1987,,3150,30,382000,340838,334,350000
Turkey,TUR,1988,,3150,50,380000,329442,348,380000
Turkey,TUR,1989,,2925,360,375000,380875,470,390000
Turkey,TUR,1990,,2850,75,370000,372149,330,415000
Turkey,TUR,1991,,2850,105,148196,318373,115,414000
Turkey,TUR,1992,,2700,45,140173,308617,110,439010
Turkey,TUR,1993,,2700,30,128972,303191,95,460000
Turkey,TUR,1994,,2700,40,141214,324804,80,489832
Turkey,TUR,1995,,2700,10,116239,298542,445,298203
Turkey,TUR,1996,,2700,5,110401,304973,1425,427384
Turkey,TUR,1997,,2700,15,131696,385181,53,477178.5
Turkey,TUR,1998,,2250,22,168132,364035,314,493862
Turkey,TUR,1999,,2145,10,156169,354877,240,615554
Turkey,TUR,2000,,2010,8,132534,358683,274,668333
Turkey,TUR,2001,,1950,9,283091.66,500249.8,86,634764
Turkey,TUR,2002,,1950,18,277018.5,501926.28,37,731037
Turkey,TUR,2003,,1740,24,261261.4,494618.9,280,909591
Turkey,TUR,2004,,1950,16,242565.6,493508.62,174,918742
Turkey,TUR,2005,,1950,18,241030.97,496189,14,983462
Turkey,TUR,2006,,1950,19,236141.44,518483.72,0,938160
Turkey,TUR,2007,,1950,11,242139.98,553860,0,1102467
Turkey,TUR,2008,,1800,14,242900.81,585626,0,1126153
Turkey,TUR,2009,,1800,18,234736.66,612202.56,3,1326701
Turkey,TUR,2010,,1650,0,228966.62,650852.4,0,1478803
Turkey,TUR,2011,,1650,0,255010.47,714432.25,0,1651831
Turkey,TUR,2012,,1516.74,0,273491.6,794061.5,,1767888.9
Turkey,TUR,2013,,1353.75,,295717.94,803363.5,,1800465.8
Turkey,TUR,2014,,1281.14,,302381.25,820677.44,,1946285.6
Turkey,TUR,2015,,1251.89,,319619.75,867398.56,,1964779.1
Turkey,TUR,2016,,1180.68,,341997.28,961650.25,,1928549.5
Turkey,TUR,2017,,1168.29,,340618.62,1099708.6,,2192350.5
Turkey,TUR,2018,,1040.2,,374017.38,1287749.1,,2229791.2
Turkey,TUR,2019,,993.95,,403296.12,1337319.6,,2201881.8
Turkey,TUR,2020,,929.26,,436082.62,1349869.8,,2201113.2
Turkey,TUR,2021,,873.71,,480487.88,1471550.4,,2301798
Turkey,TUR,2022,,784.36,,605292.2,1586333,,2475998.8
Turkey,TUR,2023,,708.18,,698054.44,1685992.5,,2380562.2
Turkey,TUR,2024,,757.94,,609071.5,1496823.8,,2568588.2
Turkmenistan,TKM,1992,,,,35000,46000,7000,7000
Turkmenistan,TKM,1993,,,,45000,50000,5000,5000
Turkmenistan,TKM,1994,,,,45000,51000,4000,4000
Turkmenistan,TKM,1995,,,,49500,51000,3000,4000
Turkmenistan,TKM,1996,,,,53300,52400,1400,1800
Turkmenistan,TKM,1997,,,,51200,54600,700,1600
Turkmenistan,TKM,1998,,,,61100,61100,510,4300
Turkmenistan,TKM,1999,,,,63300,63000,700,4600
Turkmenistan,TKM,2000,,,,70500,72000,500,6000
Turkmenistan,TKM,2001,,,,76000,80000,400,8000
Turkmenistan,TKM,2002,,,,89000,92000,300,11000
Turkmenistan,TKM,2003,,,,96000,100500,200,12000
Turkmenistan,TKM,2004,,,,101500,100000,200,13000
Turkmenistan,TKM,2005,,,,96500,103000,200,14000
Turkmenistan,TKM,2006,,,,100000,102000,200,14500
Turkmenistan,TKM,2007,,,,134400,138000,300,19000
Turkmenistan,TKM,2008,,,,133500,136000,300,19000
Turkmenistan,TKM,2009,,,,138000,140000,300,19500
Turkmenistan,TKM,2010,,,,132109.62,140735.19,300,19500
Turkmenistan,TKM,2011,,,,135777.55,144612.89,300,20000
Turkmenistan,TKM,2012,,,,132485.89,148858.61,276.3,21000
Turkmenistan,TKM,2013,,,,131396.92,153299.86,239,21250
Turkmenistan,TKM,2014,,,,130789.85,157459.19,241,20752.15
Turkmenistan,TKM,2015,,,,132394.81,161171.8,224,21238.14
Turkmenistan,TKM,2016,,,8681.48,132530,171071.1,258,20518.07
Turkmenistan,TKM,2017,,,7496.03,133560,175497.34,269,20953.46
Turkmenistan,TKM,2018,,,8149.09,134410,174366.44,271.58,22333.32
Turkmenistan,TKM,2019,,,10584.44,136440,175109,248.92,23758
Turkmenistan,TKM,2020,,,12671.32,141170,177034,214.13,23089
Turkmenistan,TKM,2021,,,14792.91,145180,173336.66,212.2,21555
Turkmenistan,TKM,2022,,,13235.78,142300,173147.81,242.2,29591.62
Turkmenistan,TKM,2023,,,12860.14,140920,187235.39,248.61,23720.45
Turkmenistan,TKM,2024,,,18840.31,139347.69,209347.02,246.48,24885.56
Tuvalu,TUV,1961,,,,,,18,12
Tuvalu,TUV,1962,,,,,,18,12
Tuvalu,TUV,1963,,,,,,18,12
Tuvalu,TUV,1964,,,,,,18,12
Tuvalu,TUV,1965,,,,,,18,12
Tuvalu,TUV,1966,,,,,,18,12
Tuvalu,TUV,1967,,,,,,18,12
Tuvalu,TUV,1968,,,,,,18,12
Tuvalu,TUV,1969,,,,,,18,12
Tuvalu,TUV,1970,,,,,,18,12
Tuvalu,TUV,1971,,,,,,18,12
Tuvalu,TUV,1972,,,,,,18,12
Tuvalu,TUV,1973,,,,,,18,12
Tuvalu,TUV,1974,,,,,,18,12
Tuvalu,TUV,1975,,,,,,18,12
Tuvalu,TUV,1976,,,,,,18,12
Tuvalu,TUV,1977,,,,,,21,13
Tuvalu,TUV,1978,,,,,,21,13
Tuvalu,TUV,1979,,,,,,23,13
Tuvalu,TUV,1980,,,,,,24,13
Tuvalu,TUV,1981,,,,,,21,18
Tuvalu,TUV,1982,,,,,,23,18
Tuvalu,TUV,1983,,,,,,25,18
Tuvalu,TUV,1984,,,,,,30,20
Tuvalu,TUV,1985,,,,,,35,25
Tuvalu,TUV,1986,,,,,,40,33
Tuvalu,TUV,1987,,,,,,45,28
Tuvalu,TUV,1988,,,,,,50,43
Tuvalu,TUV,1989,,,,,,58,18
Tuvalu,TUV,1990,,,,,,60,30
Tuvalu,TUV,1991,,,,,,105,32
Tuvalu,TUV,1992,,,,,,105,33
Tuvalu,TUV,1993,,,,,,84,30
Tuvalu,TUV,1994,,,,,,87,33
Tuvalu,TUV,1995,,,,,,87,34
Tuvalu,TUV,1996,,,,,,87,37
Tuvalu,TUV,1997,,,,,,105,42
Tuvalu,TUV,1998,,,,,,105,45
Tuvalu,TUV,1999,,,,,,108,41
Tuvalu,TUV,2000,,,,,,108,44
Tuvalu,TUV,2001,,,,,,108,46
Tuvalu,TUV,2002,,,,,,111,45
Tuvalu,TUV,2003,,,,,,111,45
Tuvalu,TUV,2004,,,,,,111,45
Tuvalu,TUV,2005,,,,,,111,45
Tuvalu,TUV,2006,,,,,,111,45
Tuvalu,TUV,2007,,,,,,114,53
Tuvalu,TUV,2008,,,,,,114,52.84
Tuvalu,TUV,2009,,,,,,114,56.87
Tuvalu,TUV,2010,,,,,,114,53.63
Tuvalu,TUV,2011,,,,,,115.41,54.24
Tuvalu,TUV,2012,,,,,,116.74,54.85
Tuvalu,TUV,2013,,,,,,116.55,55.45
Tuvalu,TUV,2014,,,,,,119.5,56.39
Tuvalu,TUV,2015,,,,,,121.09,58.29
Tuvalu,TUV,2016,,,,,,121.99,59.36
Tuvalu,TUV,2017,,,,,,123.02,60.45
Tuvalu,TUV,2018,,,,,,122.47,58.83
Tuvalu,TUV,2019,,,,,,123.51,60.02
Tuvalu,TUV,2020,,,,,,124.49,61.03
Tuvalu,TUV,2021,,,,,,125.63,62.11
Tuvalu,TUV,2022,,,,,,126.11,62.33
Tuvalu,TUV,2023,,,,,,127.08,62.95
Tuvalu,TUV,2024,,,,,,128.06,63.56
USSR,OWID_USS,1961,,0,,1006000,2864000,3704000,813000
USSR,OWID_USS,1962,,0,,1062000,3277000,4011000,822000
USSR,OWID_USS,1963,,0,,1119000,3741000,4267000,802000
USSR,OWID_USS,1964,,0,,1052000,3571000,2813000,606000
USSR,OWID_USS,1965,,0,,1013000,3917000,4143000,696000
USSR,OWID_USS,1966,,0,,933000,4377000,4465000,745000
USSR,OWID_USS,1967,,0,,1028000,5081000,4456000,764000
USSR,OWID_USS,1968,,0,,1029000,5513000,4079000,817000
USSR,OWID_USS,1969,,0,,969000,5569000,4094000,866000
USSR,OWID_USS,1970,,0,,1002000,5393000,4543000,1071000
USSR,OWID_USS,1971,,0,,980000,5562000,5277000,1183000
USSR,OWID_USS,1972,,0,,923000,5722000,5445000,1237000
USSR,OWID_USS,1973,,0,,954000,5873000,5081000,1295000
USSR,OWID_USS,1974,,0,,974000,6384000,5515000,1420000
USSR,OWID_USS,1975,,0,,975000,6473000,5749000,1525000
USSR,OWID_USS,1976,,0,,878000,6552000,4228000,1414000
USSR,OWID_USS,1977,,0,,894000,6888000,4950000,1691000
USSR,OWID_USS,1978,,0,,921000,7086000,5302000,1902000
USSR,OWID_USS,1979,,17000,,863000,7000000,5266000,2034000
USSR,OWID_USS,1980,,13000,,849000,6645000,5183000,2136000
USSR,OWID_USS,1981,,11000,,846000,6627000,5219000,2255000
USSR,OWID_USS,1982,,0,,816000,6618000,5273000,2425000
USSR,OWID_USS,1983,,0,,837000,7011000,5760000,2596000
USSR,OWID_USS,1984,,0,,866000,7244000,5927000,2686000
USSR,OWID_USS,1985,,0,,827000,7370000,5853000,2816000
USSR,OWID_USS,1986,,0,,894000,7840000,6047000,2988000
USSR,OWID_USS,1987,,0,,900000,8281000,6299000,3127000
USSR,OWID_USS,1988,,0,,1000000,8616000,6595000,3235000
USSR,OWID_USS,1989,,0,,994000,8800000,6700000,3300000
USSR,OWID_USS,1990,,12000,,1007600,8814000,6653900,3284000
USSR,OWID_USS,1991,,12000,,915500,8261000,5997300,3093100
Uganda,UGA,1961,,,,12012,61770,720,10621
Uganda,UGA,1962,,,,11196,59000,720,10920
Uganda,UGA,1963,,,,10350,59720,664,11271
Uganda,UGA,1964,,,,9500,59700,843,11596
Uganda,UGA,1965,,,,9426,60390,1428,11947
Uganda,UGA,1966,,,,11970,59790,1428,12324
Uganda,UGA,1967,,,,11480,61340,1678,12766
Uganda,UGA,1968,,,,11120,62570,1680,13130
Uganda,UGA,1969,,,,10470,67320,1915,13728
Uganda,UGA,1970,,,,10630,72440,2855,14352
Uganda,UGA,1971,,,,12800,72960,3935,14846
Uganda,UGA,1972,,,,10880,74580,3970,15093
Uganda,UGA,1973,,,,11838,78330,3360,16250
Uganda,UGA,1974,,,,11842,80690,3215,15925
Uganda,UGA,1975,,,,13530,80519,4190,16200
Uganda,UGA,1976,,,,12307,81884,5490,18000
Uganda,UGA,1977,,,,14755,87803,7250,22000
Uganda,UGA,1978,,,,16200,90000,9910,20000
Uganda,UGA,1979,,,,16470,94370,8000,19890
Uganda,UGA,1980,,,,16400,85880,8400,20267
Uganda,UGA,1981,,,,17620,85350,8810,20644
Uganda,UGA,1982,,,,18902,86120,9257,22516
Uganda,UGA,1983,,,,19838,86400,9720,24076
Uganda,UGA,1984,,,,20832,88200,10205,24479
Uganda,UGA,1985,,,,22405,90000,10716,26040
Uganda,UGA,1986,,,,22240,60000,12600,28600
Uganda,UGA,1987,,,,18178,58650,25400,25480
Uganda,UGA,1988,,,,19390,64130,23100,26780
Uganda,UGA,1989,,,,20800,73050,38700,28210
Uganda,UGA,1990,,,,21822,81150,57600,29640
Uganda,UGA,1991,,,,22950,84000,60000,31460
Uganda,UGA,1992,,,,23570,86000,61200,33020
Uganda,UGA,1993,,,,24200,91500,63000,34710
Uganda,UGA,1994,,,,24810.13,84300,64800,36010
Uganda,UGA,1995,,,,25468.37,86400,66000,36400
Uganda,UGA,1996,,,,25871.32,87500,69000,36400
Uganda,UGA,1997,,,,26647.92,88500,70800,36050
Uganda,UGA,1998,,,,27440.79,93000,72540,36010
Uganda,UGA,1999,,,,28210.44,96000,75000,37180
Uganda,UGA,2000,,,,29123.84,96750,77400,44090
Uganda,UGA,2001,,,,30285.19,101400,80880,48822
Uganda,UGA,2002,,,,29937.56,115000,84000,53625
Uganda,UGA,2003,,,,33437.11,125000,87000,58500
Uganda,UGA,2004,,,,34799.6,135000,95400,51350
Uganda,UGA,2005,,,,34932.62,147000,98400,52650
Uganda,UGA,2006,,,,35837.46,160000,102000,37050
Uganda,UGA,2007,,,,36478.32,174150,105000,43550
Uganda,UGA,2008,,,,37451.58,169950,108000,44850
Uganda,UGA,2009,,,,38265.34,175049,111000,51750
Uganda,UGA,2010,,,,39091.23,180300,113100,62300
Uganda,UGA,2011,,,,39968.86,185709,117000,62150
Uganda,UGA,2012,,,,38921.44,191280,115000,63000
Uganda,UGA,2013,,,,36700,199008,117000,64500
Uganda,UGA,2014,,,,37800,202929,116133.51,60253.3
Uganda,UGA,2015,,,,39000,209017,118786,83867.53
Uganda,UGA,2016,,,,40000,214033,119621.62,85808.9
Uganda,UGA,2017,,,,40000,211358,120587.37,88738.37
Uganda,UGA,2018,,,,40900,217065,121053.89,91789.19
Uganda,UGA,2019,,,,41071.02,195000,128647.21,79395.82
Uganda,UGA,2020,,,,39744.53,216000,131152.75,81936.13
Uganda,UGA,2021,,,,38654.76,228000,205502.9,132347.4
Uganda,UGA,2022,,,,37720.07,231000,205697.64,133436.77
Uganda,UGA,2023,,,,42597.46,225045,205970.97,134585.62
Uganda,UGA,2024,,,,35773.32,237542.62,205723.83,132768.44
Ukraine,UKR,1992,,8000,,35000,1655600,1179800,588731.56
Ukraine,UKR,1993,,5000,,30000,1379000,1013000,437847.38
Ukraine,UKR,1994,,5000,,44000,1427000,916000,333471.44
Ukraine,UKR,1995,,6800,,39500,1185900,806900,298686.25
Ukraine,UKR,1996,,8100,,31800,1047800,789300,278456.28
Ukraine,UKR,1997,,9200,,24400,929600,710000,244906.34
Ukraine,UKR,1998,,10300,,20700,793300,668200,257726.73
Ukraine,UKR,1999,,10500,,19000,791200,656300,266427.94
Ukraine,UKR,2000,,8300,,17200,754300,675900,256514
Ukraine,UKR,2001,,11700,,15400,645700,591200,301446.38
Ukraine,UKR,2002,,12400,,16700,703800,599300,365699.62
Ukraine,UKR,2003,,16227,,16889,722900,630900,394052.28
Ukraine,UKR,2004,,17000,,16624,618000,558800,440353.7
Ukraine,UKR,2005,,15160,,16241,561800,493700,563108.1
Ukraine,UKR,2006,,13200,,14600,567400,526100,647118.5
Ukraine,UKR,2007,,13800,,15300,546100,634700,754723.3
Ukraine,UKR,2008,,12100,,17100,479700,589900,842519.6
Ukraine,UKR,2009,,11800,,17800,453500,526500,939795.94
Ukraine,UKR,2010,,12100,,21100,427700,631200,997691.75
Ukraine,UKR,2011,,12100,,19600,399100,704400,1044117.8
Ukraine,UKR,2012,,12100,,19700,388500,700800,1123593.9
Ukraine,UKR,2013,,12000,,18700,427800,748300,1217589.4
Ukraine,UKR,2014,,11800,,14400,412700,742600,1218620.5
Ukraine,UKR,2015,,8200,,13700,384000,759700,1201636.8
Ukraine,UKR,2016,,8000,,13400,376000,748000,1217982.2
Ukraine,UKR,2017,,8400,,13500,363500,735900,1238150
Ukraine,UKR,2018,,8000,,14300,358900,702600,1260489.2
Ukraine,UKR,2019,,7700,,13900,369500,708300,1381400
Ukraine,UKR,2020,,7400,,11500,345400,697200,1404700
Ukraine,UKR,2021,,7200,,12200,310500,724000,1373500
Ukraine,UKR,2022,,6700,,10900,268600,658600,1252807
Ukraine,UKR,2023,,6200,,11900,256900,638200,1316800
Ukraine,UKR,2024,,5700,,11450,244500,672100,1164200
United Arab Emirates,ARE,1961,,,5940,1168,387.5,,75.6
United Arab Emirates,ARE,1962,,,5940,1177,400,,76.8
United Arab Emirates,ARE,1963,,,6048,1262.4,412.5,,78
United Arab Emirates,ARE,1964,,,6237,1364,425,,81.6
United Arab Emirates,ARE,1965,,,6355.8,1449.4,450,,84
United Arab Emirates,ARE,1966,,,6534,1542,475,,91.2
United Arab Emirates,ARE,1967,,,6300,1738,975,,102
United Arab Emirates,ARE,1968,,,6228,2014,1250,,122.4
United Arab Emirates,ARE,1969,,,6120,2290,900,,153.6
United Arab Emirates,ARE,1970,,,5940,3304,1125,,174
United Arab Emirates,ARE,1971,,,5760,3590,1500,,276
United Arab Emirates,ARE,1972,,,5346,3786,3750,,246
United Arab Emirates,ARE,1973,,,5400,4052,3375,,294
United Arab Emirates,ARE,1974,,,4374,4264,5250,,445.2
United Arab Emirates,ARE,1975,,,4122,3620,2375,,429.6
United Arab Emirates,ARE,1976,,,2700,3580,1250,,252
United Arab Emirates,ARE,1977,,,3240,4970,1375,,636
United Arab Emirates,ARE,1978,,,3168,6630,2750,,924
United Arab Emirates,ARE,1979,,,2970,8970,2000,,2712
United Arab Emirates,ARE,1980,,,3420,11210,3125,,5040
United Arab Emirates,ARE,1981,,,3600,11110,3000,,8160
United Arab Emirates,ARE,1982,,,3870,14880,3750,,12120
United Arab Emirates,ARE,1983,,,4140,14760,5500,,10740
United Arab Emirates,ARE,1984,,,4464,21040,6250,,12480
United Arab Emirates,ARE,1985,,,4770,20560,5250,,12600
United Arab Emirates,ARE,1986,,,5112,20800,5500,,13080
United Arab Emirates,ARE,1987,,,5472,25000,5500,,14100
United Arab Emirates,ARE,1988,,,5850,26440,5375,,15330
United Arab Emirates,ARE,1989,,,6273,22360,4990,,15840
United Arab Emirates,ARE,1990,,,6840,25560,5385,,15852
United Arab Emirates,ARE,1991,,,7200,31280,5465,,16500
United Arab Emirates,ARE,1992,,,7380,29800,5600,,16056
United Arab Emirates,ARE,1993,,,8010,34980,6312.5,,16596
United Arab Emirates,ARE,1994,,,8797.86,36290,8250,,22080
United Arab Emirates,ARE,1995,,,9414,50700,10875,,22470
United Arab Emirates,ARE,1996,,,10072.8,48130,6750,,29103.6
United Arab Emirates,ARE,1997,,,10787.94,52300,7150,,28016.4
United Arab Emirates,ARE,1998,,,11532.06,48480,8125,,26392.8
United Arab Emirates,ARE,1999,,,12339,42180,7625,,29250
United Arab Emirates,ARE,2000,,,13069.08,38420,15325,,27312
United Arab Emirates,ARE,2001,,,13851,39624.3,8135,,28128
United Arab Emirates,ARE,2002,,,14617.8,35500,9207.5,,28584
United Arab Emirates,ARE,2003,,,15386.4,31200,20000,,41028
United Arab Emirates,ARE,2004,,,17460,30867.02,20500,,34800
United Arab Emirates,ARE,2005,,,16920,25900,7050,,33600
United Arab Emirates,ARE,2006,,,21510,43212,5000,,28800
United Arab Emirates,ARE,2007,,,24210,35600,7500,,26400
United Arab Emirates,ARE,2008,,,23760,48320,11250,,36000
United Arab Emirates,ARE,2009,,,29700,49660,14750,,39600
United Arab Emirates,ARE,2010,,,30060,45100,15000,,40800
United Arab Emirates,ARE,2011,,,30240,45330,15375,,41400
United Arab Emirates,ARE,2012,,,26929.79,46220,15750,,45884
United Arab Emirates,ARE,2013,,,27799.24,44603.01,16000,,51683
United Arab Emirates,ARE,2014,,,30197.67,51040.92,14880.99,,51772
United Arab Emirates,ARE,2015,,,31013.71,53068.3,18500.94,,52863
United Arab Emirates,ARE,2016,,,32113.73,57380.02,18666.02,,53692
United Arab Emirates,ARE,2017,,,33591.74,60051.52,18397.83,,57387
United Arab Emirates,ARE,2018,,,34150,62534.36,18020,,47271
United Arab Emirates,ARE,2019,,,34880,62104.51,18530,,44930
United Arab Emirates,ARE,2020,,,38880,64461.82,18090,,54101
United Arab Emirates,ARE,2021,,,41932.17,63470.23,19888.2,,46494
United Arab Emirates,ARE,2022,,,42983.72,63142.96,20269,,47000
United Arab Emirates,ARE,2023,,,45041.45,63256.06,21295.78,,60000
United Arab Emirates,ARE,2024,,,46241.45,64237.18,22004.76,,59074.93
United Kingdom,GBR,1961,2000,2310,,268190,907472,695022,324625
United Kingdom,GBR,1962,3000,2310,,254952,919519,774291,333925
United Kingdom,GBR,1963,3000,2310,,245921,946485,791499,335425
United Kingdom,GBR,1964,3000,2310,,257042,878268,829967,358500
United Kingdom,GBR,1965,3000,2310,,245864,834319,916469,377300
United Kingdom,GBR,1966,3000,2310,,270987,868575,874521,425000
United Kingdom,GBR,1967,3000,3080,,262641,923530,800180,462000
United Kingdom,GBR,1968,4000,3080,,247427,907603,835222,530800
United Kingdom,GBR,1969,4000,3080,,207881,873553,897294,556800
United Kingdom,GBR,1970,2000,3080,,228100,947000,920905,577900
United Kingdom,GBR,1971,3100,3080,,226490,937000,983922,588100
United Kingdom,GBR,1972,3100,3080,,220990,905000,980526,660775
United Kingdom,GBR,1973,3200,3080,,233101,854000,980310,665440
United Kingdom,GBR,1974,3400,3080,,252381,1072000,977709,653260
United Kingdom,GBR,1975,3500,3080,,259020,1215000,816361,629352
United Kingdom,GBR,1976,3700,5236,,245100,1057000,851600,694227
United Kingdom,GBR,1977,3900,8008,,223000,1022000,905000,720181
United Kingdom,GBR,1978,3900,6006,,227500,1028000,877800,729357
United Kingdom,GBR,1979,3700,4158,,231000,1047000,935000,752497
United Kingdom,GBR,1980,3800,4312,,277000,1102000,926000,754389
United Kingdom,GBR,1981,3859,6006,,259000,1041000,925000,745850
United Kingdom,GBR,1982,3923,8008,,264000,965000,955000,807913
United Kingdom,GBR,1983,3041,7546,,287000,1038000,1007000,788293
United Kingdom,GBR,1984,3577,6822.2,,288000,1152000,947000,811445
United Kingdom,GBR,1985,3557,5166.7,,304000,1179000,970700,873901
United Kingdom,GBR,1986,3441,4242.7,,289544,1062037,983328,942670
United Kingdom,GBR,1987,4278,3780.7,,295694,1118256,1007081,986968
United Kingdom,GBR,1988,5399,2702.7,,321940,946101,1016593,1048190
United Kingdom,GBR,1989,5565,2333.1,,366109,977789,939285,974091
United Kingdom,GBR,1990,5666,1848,,370226,1001743,946080,988998
United Kingdom,GBR,1991,5831,1848,,385461,1019566,978980,1037221
United Kingdom,GBR,1992,5900,1848,,401000,973000,1002000,1233869
United Kingdom,GBR,1993,6000,1925,,402000,888000,1023000,1295996
United Kingdom,GBR,1994,5798.73,2156,,395000,947000,1061000,1364000
United Kingdom,GBR,1995,5500,2310,,394000,1002000,1017000,1405000
United Kingdom,GBR,1996,5000,2464,,373000,710000,1004000,1462000
United Kingdom,GBR,1997,4922.38,2464,,342000,688000,1091000,1520000
United Kingdom,GBR,1998,4500,2618,,375000,699000,1135000,1545900
United Kingdom,GBR,1999,5000,3003,,392000,679000,1042000,1524800
United Kingdom,GBR,2000,5001.34,3080,,383000,705000,899000,1513200
United Kingdom,GBR,2001,4984.75,3080,,267000,645000,777000,1566828
United Kingdom,GBR,2002,4968.2,3080,,307000,694000,774000,1556275
United Kingdom,GBR,2003,4951.68,3080,,303000,699000,716000,1569489
United Kingdom,GBR,2004,4933.79,3080,,312000,719000,708000,1563973
United Kingdom,GBR,2005,4916.88,3080,,331000,762000,706000,1584409
United Kingdom,GBR,2006,4900.05,3234,,333500,847281,696549,1516272
United Kingdom,GBR,2007,4883.22,3080,,329500,882000,739000,1459259
United Kingdom,GBR,2008,4866.41,3871.83,,331600,862000,740000,1429531
United Kingdom,GBR,2009,4849.61,4014.84,,313100,833000,720253,1458989
United Kingdom,GBR,2010,4832.81,4154.21,,286800,908000,758000,1569600
United Kingdom,GBR,2011,4800,4290.34,,300700,936000,806000,1559000
United Kingdom,GBR,2012,4809.6,4423.49,,275000,885000,825000,1608735.2
United Kingdom,GBR,2013,4804.54,4553.88,,289000,847000,833000,1661819.4
United Kingdom,GBR,2014,4789.15,4646.65,,298000,877000,863000,1648028.8
United Kingdom,GBR,2015,4763.32,4937.89,,302000,885000,900000,1733970
United Kingdom,GBR,2016,4736.81,5083.23,,291000,915000,919000,1806531.9
United Kingdom,GBR,2017,4713.91,5227.4,,299000,905000,903000,1840637
United Kingdom,GBR,2018,4695.6,5370.42,,289000,922000,927000,1940360.1
United Kingdom,GBR,2019,4667.29,5512.22,,307000,914000,957000,1932088.5
United Kingdom,GBR,2020,4651.31,5370.01,,296000,932000,984000,1993240.1
United Kingdom,GBR,2021,4684.4,5417.55,,283000,906200,1035100,1989459
United Kingdom,GBR,2022,4693.09,5433.26,,291200,923400,1041400,1985601.8
United Kingdom,GBR,2023,4688.74,6472.78,,286000,900600,926400,1981742
United Kingdom,GBR,2024,4684.39,5774.53,,265500,934300,960800,1998547.6
United States,USA,1961,217000,13750,,377386,7425722,5174000,3305175
United States,USA,1962,202000,12500,,366954,7411207,5365000,3231867
United States,USA,1963,205000,10250,,349264,7885662,5637000,3365576
United States,USA,1964,215000,9000,,324316,8830944,5676000,3490707
United States,USA,1965,217000,9000,,295000,8957042,5053000,3710774
United States,USA,1966,220000,13250,,294834,9360283,5143257,4045581
United States,USA,1967,222000,14250,,293019,9530379,5706616,4217528
United States,USA,1968,224000,16500,,273061,9789000,5925700,4119718
United States,USA,1969,226000,14000,,249475,9888000,5876258,4336301
United States,USA,1970,229000,13750,,249928,10102810,6090000,4644808
United States,USA,1971,231000,13750,,251742,10182188,6705000,4687344
United States,USA,1972,230000,16250,,246299,10374057,6176600,4918306
United States,USA,1973,236000,41250,,233145,9812966,5783726,4827812
United States,USA,1974,238000,51750,,210919,10715610,6261810,4852584
United States,USA,1975,235000,61750,,185972,11271258,5217646,4729716
United States,USA,1976,230000,73250,,168282,12166191,5631350,5319215
United States,USA,1977,230000,79250,,159210,11844596,6008740,5401670
United States,USA,1978,230000,80750,,140159,11281690,6074960,5689473
United States,USA,1979,230000,76000,,132902,9925000,7008000,6265453
United States,USA,1980,220000,68500,,144240,9998990,7536440,6487028
United States,USA,1981,220000,54750,,153310,10353000,7200740,6901350
United States,USA,1982,215000,37250,,165560,10425000,6454160,6925153
United States,USA,1983,215000,24750,,170550,10746000,6895500,7099346
United States,USA,1984,200000,26250,,172360,10927000,6718600,7373242
United States,USA,1985,200000,32000,,162000,10996000,6715400,7728959
United States,USA,1986,200000,49750,,153300,11292000,6379000,8209455
United States,USA,1987,200000,69000,,143000,10884000,6520000,9028305
United States,USA,1988,200000,80750,,152000,10879000,7114000,9382500
United States,USA,1989,200000,87075,,157400,10633000,7172000,10039853
United States,USA,1990,195894,86500,,164650,10465000,6964000,10758618
United States,USA,1991,199930,73250,,173044.45,10316064,7257486.5,11330232
United States,USA,1992,206952,65750,,166948.7,10394989,7816766.5,12013727
United States,USA,1993,205850,46500,,161742.69,10471646,7750542,12536161
United States,USA,1994,215568,28500,,148468.64,10454863,8027233.5,13354434
United States,USA,1995,220595,28250,,138406.62,11061317,8095726,13942153
United States,USA,1996,218617,26000,,129916.65,11441428,7763696,14690846
United States,USA,1997,218978,22500,,125194.75,11578866,7835817.5,15132891
United States,USA,1998,228697,19250,,119951.75,11562083,8623255,15320962
United States,USA,1999,233748,26000,,122141.02,11684553,8757065,16192515
United States,USA,2000,233833,26500,,115868.37,12016583,8596946,16575480
United States,USA,2001,231307,27500,,111302.41,12195753,8691294,16994948
United States,USA,2002,238910,30000,,111555.98,11890031,8928976,17516114
United States,USA,2003,235904,35000,,102458.46,12334552,9056890,17699636
United States,USA,2004,228544,16550,,88450,11947637,9312716,18211580
United States,USA,2005,230074,23500,,84820,11180612,9391823,18833172
United States,USA,2006,239357,26250,,94957,11242845,9558699,18969392
United States,USA,2007,245104,7444.19,,94746,11909626,9961898,19386382
United States,USA,2008,250741,0,,94456,12030872,10598969,19880520
United States,USA,2009,249561,0,,92745,12091245,10441709,18952914
United States,USA,2010,248400,0,,87825,11818953,10185656,19583418
United States,USA,2011,248400,0,,80943,11969954,10330715,19792180
United States,USA,2012,252624.58,0,,83661,11916067,10554200,19795664
United States,USA,2013,254583.81,0,,83234,11788608,10524535,20085210
United States,USA,2014,256062.11,0,,82238,11698116,10368227,20399386
United States,USA,2015,257344.8,0,,79288.55,10817307,11120748,21017380
United States,USA,2016,258751.39,0,,79003.65,11507221,11320182,21483082
United States,USA,2017,260000,0,,76942.2,11943486,11610981,21914240
United States,USA,2018,261629.81,0,,80923.47,12255874,11942965,22298230
United States,USA,2019,263520.2,0,,79444.84,12384649,12542865,22899942
United States,USA,2020,265235.16,0,,74116.3,12388505,12845097,21471396
United States,USA,2021,268041.44,0,,73597.66,12733653,12559837,21807666
United States,USA,2022,268656.53,0,,70733.74,12889961,12251984,22272252
United States,USA,2023,270043.38,0,,70666.9,12286638,12391146,22443418
United States,USA,2024,271430.2,0,,73073.75,12289768,12611319,22548164
Upper-middle-income countries,OWID_UMC,1961,66500,189739.84,35419,2290874,9219544,8209936.5,2441890.8
Upper-middle-income countries,OWID_UMC,1962,68500,194355.16,37018,2358520.2,10097712,8949570,2533045.5
Upper-middle-income countries,OWID_UMC,1963,81500,214335.05,35589,2399115.5,10868947,10739945,2650128.5
Upper-middle-income countries,OWID_UMC,1964,73300,247586.95,39110,2334082,10310989,10672468,2561722.2
Upper-middle-income countries,OWID_UMC,1965,72500,242716.1,45301,2379764.2,10772505,13039754,2855920.5
Upper-middle-income countries,OWID_UMC,1966,74524,228753.73,47593,2387336.5,11565176,13779272,3007581.5
Upper-middle-income countries,OWID_UMC,1967,75025,238879.8,44149.5,2508431,12546498,14161962,3187878.2
Upper-middle-income countries,OWID_UMC,1968,75244,245262.6,44526,2568567.5,13345760,13809888,3420868
Upper-middle-income countries,OWID_UMC,1969,90927,249661.52,43498,2570783,13926791,13599659,3637535.5
Upper-middle-income countries,OWID_UMC,1970,93174,252872.31,43539,2589223.5,13561409,14173014,4071055.5
Upper-middle-income countries,OWID_UMC,1971,80713,246525.3,40625,2624748.5,13156292,16032479,4349765.5
Upper-middle-income countries,OWID_UMC,1972,104300,255690.95,41002.5,2573004.2,13869329,16957108,4632714
Upper-middle-income countries,OWID_UMC,1973,85000,253088.1,42069,2583272.5,14170848,16647196,5029908.5
Upper-middle-income countries,OWID_UMC,1974,90350,214874.34,40179,2598729.8,14825508,17262440,5427984
Upper-middle-income countries,OWID_UMC,1975,85700,221630.4,35502,2723194.2,15373134,17847596,5722050
Upper-middle-income countries,OWID_UMC,1976,88000,238793.66,35614,2610863.2,16270235,16326952,5880876
Upper-middle-income countries,OWID_UMC,1977,91500,231644.5,38835,2652451.5,16980450,17306442,6442045
Upper-middle-income countries,OWID_UMC,1978,92900,242598.5,36433,2758607,17667376,18798196,7106320.5
Upper-middle-income countries,OWID_UMC,1979,96316,255269.34,35103,2677202,17577670,20904264,7800436.5
Upper-middle-income countries,OWID_UMC,1980,99940,223937.2,35905,2703403.5,17231992,22394448,8498547
Upper-middle-income countries,OWID_UMC,1981,102250,230975.92,35527.5,2814553,17578344,23299474,9061762
Upper-middle-income countries,OWID_UMC,1982,105725,218843.7,36195,2873832.8,17309478,24027622,9709052
Upper-middle-income countries,OWID_UMC,1983,104825,215627.77,37520,2974428.5,17942934,25275014,10113804
Upper-middle-income countries,OWID_UMC,1984,108425,221733.6,37668,3056316.8,18811468,26969376,10197993
Upper-middle-income countries,OWID_UMC,1985,108425,218945.4,37935,3031793.5,19336250,28806826,10808917
Upper-middle-income countries,OWID_UMC,1986,109450,206554.2,36917,3149366.8,20613106,29400622,11876142
Upper-middle-income countries,OWID_UMC,1987,108375,212188.28,35431,3292556.5,20804560,31225544,12941330
Upper-middle-income countries,OWID_UMC,1988,107700,214341.73,35770,3506227,21659636,33344664,13875205
Upper-middle-income countries,OWID_UMC,1989,107525,219985.73,40224.5,3699786.2,22317044,34454132,14259246
Upper-middle-income countries,OWID_UMC,1990,70598,237592.8,44780,3851643,22994278,36167544,15453559
Upper-middle-income countries,OWID_UMC,1991,107183.71,256071.34,45240,3681378.8,22809692,37304056,16767549
Upper-middle-income countries,OWID_UMC,1992,108992.01,329900.47,49120,3143736.2,17665406,34684204,15911524
Upper-middle-income countries,OWID_UMC,1993,115469.85,316041.84,43458,3320178.8,17649000,36248050,17730212
Upper-middle-income countries,OWID_UMC,1994,115502.19,374310.8,36628.75,3388284.5,18150246,40040710,19073014
Upper-middle-income countries,OWID_UMC,1995,117154.22,389383.94,37495.13,3582069.5,18763718,44477790,21505708
Upper-middle-income countries,OWID_UMC,1996,109167.68,444204.06,42126.16,3576233.8,19332822,39827332,21869388
Upper-middle-income countries,OWID_UMC,1997,116452.95,427817.4,38784.41,3871269.2,20085720,44393250,24157388
Upper-middle-income countries,OWID_UMC,1998,116409.5,429079.9,40066.85,4120246.5,19709086,47566880,25795242
Upper-middle-income countries,OWID_UMC,1999,127720,451883.7,41506.1,4253265.5,21241414,48817740,27517074
Upper-middle-income countries,OWID_UMC,2000,115633.4,451591.2,46206.44,4400747.5,21508184,48628356,29674858
Upper-middle-income countries,OWID_UMC,2001,113215.82,457875.7,44053.1,4678945.5,21368974,49678736,30622288
Upper-middle-income countries,OWID_UMC,2002,114808.55,465912,42012.31,4808433,22021626,50805600,32304494
Upper-middle-income countries,OWID_UMC,2003,123283.46,468716.3,39756.66,5056864,22530472,52487384,34087924
Upper-middle-income countries,OWID_UMC,2004,124580.2,480291.28,42916.68,5332343.5,23848426,53726600,35380972
Upper-middle-income countries,OWID_UMC,2005,122924.5,481748.16,45089.46,5497086,22706392,55879316,36478150
Upper-middle-income countries,OWID_UMC,2006,126742,466133.44,45241.2,5770038.5,23879226,57706028,38023930
Upper-middle-income countries,OWID_UMC,2007,132984.52,460595.8,45393.98,6087033,24727116,54709264,41122970
Upper-middle-income countries,OWID_UMC,2008,135846.17,448396.03,48870.03,6059135.5,24212252,57958660,44351550
Upper-middle-income countries,OWID_UMC,2009,142259.36,454432.78,44403.04,6237371,24689302,60853416,45634308
Upper-middle-income countries,OWID_UMC,2010,148477.22,442651,45808.03,6298783,24436442,63061776,47841692
Upper-middle-income countries,OWID_UMC,2011,160650.23,458574.8,45645.98,6287834.5,24099224,63235668,50272852
Upper-middle-income countries,OWID_UMC,2012,159523.2,465721.97,47488.06,6394082,24909964,66310584,52875964
Upper-middle-income countries,OWID_UMC,2013,158593.34,453329.34,53586.85,6514917,26204250,68084800,54091050
Upper-middle-income countries,OWID_UMC,2014,160674.47,466710.66,53972.09,6739707,27781328,70058060,55316360
Upper-middle-income countries,OWID_UMC,2015,169058.81,492173.03,56140.75,6959419.5,26414768,70684220,57440564
Upper-middle-income countries,OWID_UMC,2016,163635.86,484134.12,64836.85,7153826.5,25794132,69300450,58961276
Upper-middle-income countries,OWID_UMC,2017,166965.27,465445.6,66505.26,7230526.5,26551306,69815050,61191464
Upper-middle-income countries,OWID_UMC,2018,168922.28,501230.4,73916.22,7294843.5,27354732,69565340,63343100
Upper-middle-income countries,OWID_UMC,2019,169314.95,548452.5,85365.7,7398681.5,27998508,57958580,67013896
Upper-middle-income countries,OWID_UMC,2020,172216.03,624052.1,91650.945,7590858.5,27749598,56738656,68665650
Upper-middle-income countries,OWID_UMC,2021,171971.48,548339.7,96339.18,7852951.5,27746080,69004904,67872840
Upper-middle-income countries,OWID_UMC,2022,172296.97,631835.3,103014.04,8189890.5,28729992,72107650,70106600
Upper-middle-income countries,OWID_UMC,2023,173568.94,565790.75,106169.98,8319712.5,30447578,74832010,71992070
Upper-middle-income countries,OWID_UMC,2024,175370.52,547371.2,115565.19,7991679.5,31773230,74638320,74106310
Uruguay,URY,1961,0,570,,56000,270500,18000,7917.29
Uruguay,URY,1962,0,570,,57500,268100,19000,8260
Uruguay,URY,1963,0,580,,52000,290200,19000,8156
Uruguay,URY,1964,0,600,,53000,380000,20000,8281
Uruguay,URY,1965,0,588,,58000,304400,18000,8644
Uruguay,URY,1966,0,630,,66000,247300,21000,8600.56
Uruguay,URY,1967,0,590,,52138,252368,25084,8399.5
Uruguay,URY,1968,0,840,,66680,338572,21591,9967.5
Uruguay,URY,1969,0,953,,59000,345300,20500,11211
Uruguay,URY,1970,0,1256,,87208,378800,21818,12852.18
Uruguay,URY,1971,0,1480,,69633,288600,26039,15250
Uruguay,URY,1972,0,1320,,66571,287000,22023,17535
Uruguay,URY,1973,0,1690,,48000,296600,21307,20546.4
Uruguay,URY,1974,0,1300,,51800,330200,26986,18554.8
Uruguay,URY,1975,0,1900,,42430,344975,26876,15563.2
Uruguay,URY,1976,0,1900,,38300,403225,27724,16570.4
Uruguay,URY,1977,0,1370,,39000,341797,26678,17070.4
Uruguay,URY,1978,0,1460,,38000,313562,26474,17577.6
Uruguay,URY,1979,100,1400,,29748,270324,28412,17884.8
Uruguay,URY,1980,320,1200,,33000,336000,24720,18286
Uruguay,URY,1981,510,1930,,49000,387000,25037,19594.4
Uruguay,URY,1982,100,2300,,48000,397357,22848,20095.6
Uruguay,URY,1983,330,2400,,43000,432252,21892,19998
Uruguay,URY,1984,520,2300,,42622,301217,19024,22198
Uruguay,URY,1985,620,2454,,44770,332425,18251,20004
Uruguay,URY,1986,620,1380,,51620,323500,17000,22619
Uruguay,URY,1987,453,1144,,52584,278500,18827,22589
Uruguay,URY,1988,397,1740,,56125,328682,19620,26340
Uruguay,URY,1989,400,3300,,57638,363991,20325,27255
Uruguay,URY,1990,650,5300,,61152,334552,22072,27764
Uruguay,URY,1991,475,6794,,62525,320446,21805,29050
Uruguay,URY,1992,455,7400,,64385,328617,22450,29500
Uruguay,URY,1993,672,7500,,64000,309663,22800,34000
Uruguay,URY,1994,430,7000,,66000,361399,22900,35000
Uruguay,URY,1995,270,6100,,52000,337585,22000,39882
Uruguay,URY,1996,220,7100,,64000,406961,20500,42533
Uruguay,URY,1997,350,8100,,60000,454403,21700,43126
Uruguay,URY,1998,380,7300,,55000,449900,25800,51900
Uruguay,URY,1999,430,7000,,51000,457700,27000,57000
Uruguay,URY,2000,434.2,8900,,51000,453123,26000,52000
Uruguay,URY,2001,440,10700,,51200,317000,22600,54998
Uruguay,URY,2002,438.06,7500,,30837,411841,19521,45181
Uruguay,URY,2003,445,7000,,26934,424211,16797,30686
Uruguay,URY,2004,440,8400,,26504,496498,17424,40997
Uruguay,URY,2005,480,8000,,33000,590000,19754,51762
Uruguay,URY,2006,490,9000,,31000,600000,18511,60387
Uruguay,URY,2007,450,8700,,27272,522982,21057,50121
Uruguay,URY,2008,450,9900,,30022,526869,20869,75300
Uruguay,URY,2009,460,8600,,32718,491213,17290,72800
Uruguay,URY,2010,443.43,8170,,20563,524000,18397,69200
Uruguay,URY,2011,420,8170,,20337,485814,20853,85342
Uruguay,URY,2012,417.6,8400,,19300,510160,17223,84400
Uruguay,URY,2013,450.37,4514.76,,27458,491700,17650,83225
Uruguay,URY,2014,450.36,8289.06,,23994,517500,16916,84873
Uruguay,URY,2015,440.25,8718.59,,14521.48,536769.2,14211.45,85205
Uruguay,URY,2016,439.1,7720.54,,14325.85,564877.56,14983,83288
Uruguay,URY,2017,439.35,8614.24,,14405.6,594122.2,14267,74428
Uruguay,URY,2018,440.9,9135.32,,17562,589732,13175,70417
Uruguay,URY,2019,442.34,9487.48,,17658,580320,10000,71651
Uruguay,URY,2020,443.39,8326.94,,23639,510160,10526,70291
Uruguay,URY,2021,443.17,13485.88,,24637,572522,12691,79373
Uruguay,URY,2022,441.08,12044.69,,24074,616485.25,11681,79727
Uruguay,URY,2023,441.44,5481.91,,22305.84,599000,12608,74218
Uruguay,URY,2024,441.79,10251.45,,19994.19,577893,11931.05,74323.28
Uzbekistan,UZB,1992,,1751.66,614.43,67500,323300,36100,38800
Uzbekistan,UZB,1993,,1883.83,630.37,74000,378000,27000,36000
Uzbekistan,UZB,1994,,2031.8,646.26,73000,390000,20000,24000
Uzbekistan,UZB,1995,,2170.82,664.99,83000,392000,16000,16000
Uzbekistan,UZB,1996,,2219.64,638.45,76000,362000,9000,12000
Uzbekistan,UZB,1997,,2152.44,571.81,66000,387000,4000,10000
Uzbekistan,UZB,1998,,2143.78,500,82000,400000,15000,16500
Uzbekistan,UZB,1999,,2110.3,466,73000,370500,19800,16300
Uzbekistan,UZB,2000,,2079.65,520,79400,390000,14500,16000
Uzbekistan,UZB,2001,,1988.1,560,75000,404000,10500,15200
Uzbekistan,UZB,2002,,2296.74,600,71100,425300,4300,10100
Uzbekistan,UZB,2003,,2600,644,74100,455900,11200,16000
Uzbekistan,UZB,2004,,1900,700,69600,493600,13800,16700
Uzbekistan,UZB,2005,,2153,749,73600,518100,16000,21300
Uzbekistan,UZB,2006,,1962,577,83587,551590,18058,23400
Uzbekistan,UZB,2007,,1800,500,83000,551000,18000,22400
Uzbekistan,UZB,2008,,2000,500,88000,586000,19000,24000
Uzbekistan,UZB,2009,,2100,500,93400,622700,20000,25000
Uzbekistan,UZB,2010,,2200,600,151400,665300,21000,27000
Uzbekistan,UZB,2011,,3000,800,161600,667500,30000,36600
Uzbekistan,UZB,2012,,3300,800,175800,708200,32000,42200
Uzbekistan,UZB,2013,,4000,1000,192200,750000,35000,45000
Uzbekistan,UZB,2014,,4000,1000,203600,800000,37200,48100
Uzbekistan,UZB,2015,,4200,1100,216600,850000,40000,52000
Uzbekistan,UZB,2016,,5530.47,1377.57,232900,880244.56,37488,55800
Uzbekistan,UZB,2017,,4073.45,1888.59,241400,835000,24047.95,74800
Uzbekistan,UZB,2018,,7119.01,2786.67,229300,1060934.8,3925.09,96900
Uzbekistan,UZB,2019,,5582.16,1870.33,213700,987013.75,4741.18,114900
Uzbekistan,UZB,2020,,6015.76,1839.89,221100,991002.94,4085.53,101400
Uzbekistan,UZB,2021,,6057.27,1810.78,229400,1038435.94,2832.43,123600
Uzbekistan,UZB,2022,,5414.52,1429.2,234100,1075696.6,1896.09,148800
Uzbekistan,UZB,2023,,5851.35,1406.69,243500,1121905.6,1720.32,170184
Uzbekistan,UZB,2024,,6394.57,1603.34,266110,1161390.2,1881.68,174100
Vanuatu,VUT,1961,,10.2,,16.23,930,1260,96
Vanuatu,VUT,1962,,10.5,,16.56,1060,1260,99.6
Vanuatu,VUT,1963,,10.5,,16.9,1220,1260,102
Vanuatu,VUT,1964,,10.35,,17.22,1350,1275,105
Vanuatu,VUT,1965,,11.1,,17.55,1450,1290,108
Vanuatu,VUT,1966,,24,,17.9,1600,1296,111.6
Vanuatu,VUT,1967,,11.25,,18,1700,1320,114
Vanuatu,VUT,1968,,9.3,,18.6,1730,1344,120
Vanuatu,VUT,1969,,9.15,,18.9,1800,1368,126
Vanuatu,VUT,1970,,16.5,,19.2,1900,1392,132
Vanuatu,VUT,1971,,16.5,,19.5,2250,1416,140
Vanuatu,VUT,1972,,6.75,,19.8,2300,1440,155
Vanuatu,VUT,1973,,6.75,,20,2400,1440,170
Vanuatu,VUT,1974,,19.5,,20.5,2500,1455,174
Vanuatu,VUT,1975,,10.05,,21,2700,1470,177
Vanuatu,VUT,1976,,8.25,,21.5,2800,1485,181
Vanuatu,VUT,1977,,8.25,,22,2100,1643,185
Vanuatu,VUT,1978,,8.25,,22.5,2300,1728,190
Vanuatu,VUT,1979,,8.25,,25,2200,1870,195
Vanuatu,VUT,1980,,9,,23.5,2100,2052,300
Vanuatu,VUT,1981,,10.05,,24,2051,2183,320
Vanuatu,VUT,1982,,9,,24.5,1940,2280,330
Vanuatu,VUT,1983,,9,,25,2208,2640,350
Vanuatu,VUT,1984,,9,,25.5,2246,2501,370
Vanuatu,VUT,1985,,9,,26,2259,2646,390
Vanuatu,VUT,1986,,9,,26.5,2008,2624,400
Vanuatu,VUT,1987,,9,,27,2722,2574,410
Vanuatu,VUT,1988,,9,,21,2647,2112,420
Vanuatu,VUT,1989,,9,,22,2607,2016,420
Vanuatu,VUT,1990,,9,,23,3026,2205,430
Vanuatu,VUT,1991,,9,,24,3387,2499,450
Vanuatu,VUT,1992,,9,,26,3329,2550,440
Vanuatu,VUT,1993,,9,,26,3699,2550,470
Vanuatu,VUT,1994,,9,,26,4069,2550,470
Vanuatu,VUT,1995,,9,,26,3894,2550,470
Vanuatu,VUT,1996,,9,,26,3698,2652,470
Vanuatu,VUT,1997,,9,,26,3826,2703,470
Vanuatu,VUT,1998,,9,,26,3565,2779.5,470
Vanuatu,VUT,1999,,9,,26,3875,2805,500
Vanuatu,VUT,2000,,9,,26,3754,2805,500
Vanuatu,VUT,2001,,9,,26,3028,2805,500
Vanuatu,VUT,2002,,9,,28,2531,2805,500
Vanuatu,VUT,2003,,9,,32,3127,2805,500
Vanuatu,VUT,2004,,9,,36,2983,2805,560
Vanuatu,VUT,2005,,9,,38.2,3195,2856,600
Vanuatu,VUT,2006,,10.5,,40.5,3083,3034.5,605
Vanuatu,VUT,2007,,12,,38.32,3147,3366,850
Vanuatu,VUT,2008,,15,,37.67,3297,3417,1000
Vanuatu,VUT,2009,,22.5,,36.87,2560,3417,1000
Vanuatu,VUT,2010,,24,,36.45,3537,3442.5,850
Vanuatu,VUT,2011,,24,,36.03,3214,3468,900
Vanuatu,VUT,2012,,24,,35.62,3390,3519,925.4
Vanuatu,VUT,2013,,25.2,,35.21,3289,3519,1008.98
Vanuatu,VUT,2014,,26.25,,34.8,2987,3529.61,920.9
Vanuatu,VUT,2015,,24.99,,34.39,2581,3444.52,858.94
Vanuatu,VUT,2016,,21.19,,33.45,2532,3332.37,678.34
Vanuatu,VUT,2017,,20.2,,31.62,2314,3253.02,679.22
Vanuatu,VUT,2018,,18.89,,29.1,1889,3163.71,701.76
Vanuatu,VUT,2019,,17.06,,26.49,1949,3090.14,684.11
Vanuatu,VUT,2020,,14.4,,22.5,1743,3041.58,647.83
Vanuatu,VUT,2021,,11.47,,18.38,2133,2994.61,597.79
Vanuatu,VUT,2022,,8.13,,14.04,1884,2943.15,528.32
Vanuatu,VUT,2023,,5.22,,9.88,2006,2897.44,499.42
Vanuatu,VUT,2024,,8.9,,19.04,2022,2808.81,547.72
Venezuela,VEN,1961,,,,4611,136523,27420,41231
Venezuela,VEN,1962,,,,6813,138383,29620,44269
Venezuela,VEN,1963,,,,4704,147030,29535,49130
Venezuela,VEN,1964,,,,4660,157501,31054,59570
Venezuela,VEN,1965,,,,5531,162387,30490,61363
Venezuela,VEN,1966,,,,6174,176740,30244,66111
Venezuela,VEN,1967,,,,6261,183959,32656,74373
Venezuela,VEN,1968,,,,5859,184249,38185,79495
Venezuela,VEN,1969,,,,6773,208424,43277,84552
Venezuela,VEN,1970,,,,7129,200921,45389,93409
Venezuela,VEN,1971,,,,7553,214079,45382,100398
Venezuela,VEN,1972,,,,7697,219446,49547,115645
Venezuela,VEN,1973,,,,8857,237778,74007,131872
Venezuela,VEN,1974,,,,9559,255674,68764,147699
Venezuela,VEN,1975,,,,10179,267397,79866,163738
Venezuela,VEN,1976,,,,9777,277178,84187,181535
Venezuela,VEN,1977,,,,10971,274432,77738,185666
Venezuela,VEN,1978,,,,10636,307827,80509,195711
Venezuela,VEN,1979,,,,9400,334990,73764,200775
Venezuela,VEN,1980,,,,7196,346384,75639,251398
Venezuela,VEN,1981,,,,7504,341574,78660,289912
Venezuela,VEN,1982,,,,7695,335551,87071,340550
Venezuela,VEN,1983,,,,7136,337358,100073,316524
Venezuela,VEN,1984,,,,6967,298351,104529,360180
Venezuela,VEN,1985,,,,7157,323568,117348,360907
Venezuela,VEN,1986,,,,7346,313261,136099,344942
Venezuela,VEN,1987,,,,7966,275789,133273,358571
Venezuela,VEN,1988,,,,8229,307097,148318,396323
Venezuela,VEN,1989,,,,8761,337601,140527,286058
Venezuela,VEN,1990,,,,6704,381911,107116,259639
Venezuela,VEN,1991,,,,9093,337218,111384,346345
Venezuela,VEN,1992,,,,8445,365253,132869,367619
Venezuela,VEN,1993,,,,9602,393534,133199,382169
Venezuela,VEN,1994,,,,7522,351174,124650,396891
Venezuela,VEN,1995,,,,7235,315567,139439,444929
Venezuela,VEN,1996,,,,7007,349551,137864,476016
Venezuela,VEN,1997,,,,9426,422853,132530,477622
Venezuela,VEN,1998,,,,9149,407601,118192,522091
Venezuela,VEN,1999,,,,8184,391070,127621,635000
Venezuela,VEN,2000,,,,9324,428755,126199,692683
Venezuela,VEN,2001,,,,6339,418182,119347,877053
Venezuela,VEN,2002,,,,6747,428845,118811,893191
Venezuela,VEN,2003,,,,7269,435181,120203,675541
Venezuela,VEN,2004,,,,6948,375982,101363,685600
Venezuela,VEN,2005,,,,8440,424656,126205,739382
Venezuela,VEN,2006,,,,8297,515946,137111,734934
Venezuela,VEN,2007,,,,8488,480897,154369,780110
Venezuela,VEN,2008,,,,8694,482965,163660,802273
Venezuela,VEN,2009,,,,9310,492276,165000,906900
Venezuela,VEN,2010,,,,10892,469932,201843,1077497
Venezuela,VEN,2011,,,,11480,488653,219619,1164129
Venezuela,VEN,2012,,,,9014,584838,196846,983793
Venezuela,VEN,2013,,,,9892,577183,205098,915385
Venezuela,VEN,2014,,,,10057,524008,195903,890541
Venezuela,VEN,2015,,,,9672,434306,186040,815860
Venezuela,VEN,2016,,,,10582,436566,161754,588417
Venezuela,VEN,2017,,,,10727,436516,130275,462413
Venezuela,VEN,2018,,,,9476,417330,124482,430796
Venezuela,VEN,2019,,,,10147,380623,124514,452765
Venezuela,VEN,2020,,,,9593,363921,125878,457403
Venezuela,VEN,2021,,,,10986,393304,138797,503589
Venezuela,VEN,2022,,,,9583,424020,114100,501052
Venezuela,VEN,2023,,,,9819,409411,120394,504475
Venezuela,VEN,2024,,,,9649.57,418690.16,124646.64,545772.56
Vietnam,VNM,1961,,220,,1050,66645,250000,55760
Vietnam,VNM,1962,,275,,1095,68075,257000,60200
Vietnam,VNM,1963,,330,,1170,68720,260000,73360
Vietnam,VNM,1964,,429,,1200,71725,265000,65120
Vietnam,VNM,1965,,528,,1245,75375,275000,71640
Vietnam,VNM,1966,,605,,1305,79455,285000,68960
Vietnam,VNM,1967,,715,,1350,77030,300000,70080
Vietnam,VNM,1968,,770,,1350,80750,290000,70920
Vietnam,VNM,1969,,792,,1350,80255,283000,68800
Vietnam,VNM,1970,,814,,1275,86975,270000,70040
Vietnam,VNM,1971,,836,,1350,85900,275000,72660
Vietnam,VNM,1972,,847,,1350,88545,278000,87000
Vietnam,VNM,1973,,913,,1350,88405,280000,88200
Vietnam,VNM,1974,,968,,1350,89350,265000,88480
Vietnam,VNM,1975,,990,,1425,89125,247000,71120
Vietnam,VNM,1976,,1023,,1425,86200,250000,76800
Vietnam,VNM,1977,,1089,,1500,87340,259000,74800
Vietnam,VNM,1978,,1100,,1500,93200,270000,76800
Vietnam,VNM,1979,,968,,1500,100350,280000,83240
Vietnam,VNM,1980,,1100,,1305,101300,292000,96000
Vietnam,VNM,1981,,1012,,1470,106330,396000,114600
Vietnam,VNM,1982,,1045,,1687.5,114500,451000,124000
Vietnam,VNM,1983,,1023,,2025,123900,511000,150800
Vietnam,VNM,1984,,1078,,2655,133250,531000,156600
Vietnam,VNM,1985,,1265,,3015,140815,560668,146200
Vietnam,VNM,1986,,1375,,3240,135980,625000,132900
Vietnam,VNM,1987,,1518,,3240,143300,671000,166000
Vietnam,VNM,1988,,1540,,3105,154350,662000,161000
Vietnam,VNM,1989,,1650,,2910,158000,714000,166400
Vietnam,VNM,1990,,1760,,2790,164225,728560,169600
Vietnam,VNM,1991,,1870,,2340,69788.01,523000,164720
Vietnam,VNM,1992,,1870,,2340,71567.13,578000,177120
Vietnam,VNM,1993,,1870,,2647.5,77239.38,638000,168720
Vietnam,VNM,1994,,1925,,3210,80471.66,699000,170400
Vietnam,VNM,1995,,1925,,4125,71923.73,735000,175840
Vietnam,VNM,1996,,1952.5,,4635,65600,788000,196720
Vietnam,VNM,1997,,1870,,4629,67500,843000,284660
Vietnam,VNM,1998,,1980,,4650,70200,896000,299440
Vietnam,VNM,1999,,2640,,4665,72400,962000,325500
Vietnam,VNM,2000,,2233,,4800,78200,1029000,365292
Vietnam,VNM,2001,,2310,,4875,80900,1106000,385371
Vietnam,VNM,2002,,1958,,5407.5,84900,1207000,420002
Vietnam,VNM,2003,,1980,,6000,88300,1311000,455521
Vietnam,VNM,2004,,2200,,7800,97500,1469000,387689
Vietnam,VNM,2005,,2750,,9150,111100,1670000,393890
Vietnam,VNM,2006,,1980,,10515,123100,1829000,414600
Vietnam,VNM,2007,,2002,,11310,150500,1864000,432360
Vietnam,VNM,2008,,2860,,9435,164000,2023000,530160
Vietnam,VNM,2009,,2145,,8745,188400,2140000,607748
Vietnam,VNM,2010,,1210,,8190,199400,2217000,531397
Vietnam,VNM,2011,,1263,,8055,206300,2262000,599360.6
Vietnam,VNM,2012,,1735,,8070,210300,2307000,626401
Vietnam,VNM,2013,,1493.4,,8070,204000,2357000,678232
Vietnam,VNM,2014,,1359,,10088.74,208300,2431000,730879.6
Vietnam,VNM,2015,,1519,,12820.4,246400,2852000,790848.8
Vietnam,VNM,2016,,1235,,13155.13,251500,3248000,851872
Vietnam,VNM,2017,,1584.2,,16430.84,273600,3332000,910151.75
Vietnam,VNM,2018,,1383.28,,18848.9,290300,3429000,974162.06
Vietnam,VNM,2019,,1350.23,,20989.7,301100,2992000,1144553.4
Vietnam,VNM,2020,,1439.41,,21318.54,309200,2930000,1319237.6
Vietnam,VNM,2021,,1367.56,,21110.51,331300,3112000,1489883.1
Vietnam,VNM,2022,,1377.03,,22629.48,331200,3313000,1554746.5
Vietnam,VNM,2023,,1302.83,,23573.5,336800,3549000,1713347
Vietnam,VNM,2024,,1252.42,,24593.19,338900,3785000,1424166.8
Western Africa (FAO),,1961,176650,2930,9407.3,108227.24,323813.1,42805.99,69518.42
Western Africa (FAO),,1962,176700,3095,10056.3,112215.56,315658.3,44914.11,74115.39
Western Africa (FAO),,1963,178970,3410,10451,120420.59,332028.88,47048.49,77922.79
Western Africa (FAO),,1964,189030,4150,11035.75,126945.05,364730.12,50276.67,82894.28
Western Africa (FAO),,1965,190270,4415,12212.5,132884.34,384552.28,51424.77,86453.87
Western Africa (FAO),,1966,192560,4807.5,12759.25,141561.33,389557.8,53705.35,91053
Western Africa (FAO),,1967,208880,4840,13104.75,149118.8,407061.12,55393.24,95176.81
Western Africa (FAO),,1968,221200,5212.5,15408.75,158382.84,412082.25,58229.43,99274.53
Western Africa (FAO),,1969,224480,5197.5,14855.3,168816.52,450894.88,62385.03,110359.09
Western Africa (FAO),,1970,226210,5430,15675.75,175499.1,445985.6,63518.68,116094.39
Western Africa (FAO),,1971,232650,5677.5,15995.75,171280.72,440683.4,65139.6,121992.8
Western Africa (FAO),,1972,234800,5697.5,17152,166110.02,403047.1,66290.45,127015
Western Africa (FAO),,1973,214920,5248.5,16048.75,150123.19,439540.12,67582.97,131607.8
Western Africa (FAO),,1974,220950,5410,15758.75,156308.36,430789.8,68890.06,136800.5
Western Africa (FAO),,1975,233230,5612.5,14709.5,176925.44,398760.3,73022.63,154755.9
Western Africa (FAO),,1976,233530,5821.5,14921.1,198015.61,463215.75,77327.61,163768.4
Western Africa (FAO),,1977,247650,5974.8,15365.75,223008.8,458505.12,81021.59,177189.9
Western Africa (FAO),,1978,252230,6138.6,16554.55,246863.36,493440.97,85371,191092.8
Western Africa (FAO),,1979,255675,5986.9,17289.1,255785.95,516969.84,86930.25,203604.6
Western Africa (FAO),,1980,265050,5808,21527.5,269773.97,627608.5,87763,212998.3
Western Africa (FAO),,1981,273450,5801.8,22271.5,282415.6,607057.1,90458.5,230335
Western Africa (FAO),,1982,283050,5490,22263.05,292662,641585.5,92087.25,225106.4
Western Africa (FAO),,1983,289950,5671.1,22494.25,301283.3,699318.7,93305.75,243203
Western Africa (FAO),,1984,293050,4828.6,23031.5,277267.6,725847,105863.85,242121.2
Western Africa (FAO),,1985,293050,5809.1,20814.5,275451.7,735223.3,119836,260074.4
Western Africa (FAO),,1986,299050,5748.1,28347.75,307815.8,564410.4,136642.75,273241.6
Western Africa (FAO),,1987,300050,6062.5,29031.75,318037.9,555056.7,153346.12,286817.3
Western Africa (FAO),,1988,301550,6636,29218.75,337830.12,535848.3,160698.5,295623
Western Africa (FAO),,1989,307550,7289,30574.75,364010.3,529547.1,179591.75,303680.2
Western Africa (FAO),,1990,306411,7973.7,31435.35,369662.6,547015.1,175642.05,311561.6
Western Africa (FAO),,1991,299250.78,8240.95,24595.61,338861.5,539273.1,243298.4,378466.34
Western Africa (FAO),,1992,304892.03,7984.35,27360.97,339060.22,557502.6,260582.02,378646.5
Western Africa (FAO),,1993,310862,8098.06,25697.25,350234.16,593444.2,274699.9,379167.75
Western Africa (FAO),,1994,316788.78,8228.58,28851.13,378219.34,623069.9,288473.9,384139.28
Western Africa (FAO),,1995,322089.94,8323.4,29466.73,400027.66,619642.94,311604.66,391784.53
Western Africa (FAO),,1996,327498.12,8488.72,29431.23,426259.5,666775.8,314461.66,390448.8
Western Africa (FAO),,1997,333313.47,8637.25,30221.71,465181.78,685924.25,334949.06,405192.75
Western Africa (FAO),,1998,337278.72,8788.43,30573.11,495012.44,698832.94,351299.38,413046.7
Western Africa (FAO),,1999,346263.6,8954.82,28418.55,524122.8,709502.6,376555.16,419433.9
Western Africa (FAO),,2000,355291.66,9252.85,24503.33,527291.75,643706.25,403981.72,418365.12
Western Africa (FAO),,2001,361792.88,9962.2,26340.16,565768.6,679741.1,425231.5,451583.5
Western Africa (FAO),,2002,368463.34,10174.25,27154.01,570625.4,720777.1,474273.62,460432.78
Western Africa (FAO),,2003,376250.62,10434.08,32146.99,585995.56,696829.06,481491.94,480631.84
Western Africa (FAO),,2004,383859.5,10809.87,29334.51,598561.7,723630.4,491026.56,501773.1
Western Africa (FAO),,2005,390876.28,10765.59,30405.83,622183,725534.56,503718.22,535069
Western Africa (FAO),,2006,397354.1,10334.5,29373.93,642210.94,693142.75,525375.75,558996
Western Africa (FAO),,2007,394575.2,10947.08,28129.74,654625,744900.75,540269.94,592674.94
Western Africa (FAO),,2008,420172.78,11416.5,27806.9,664735.75,758297.75,555960.5,640005.1
Western Africa (FAO),,2009,434884.5,11647.5,28534.74,684893.2,777888,573962,679465.56
Western Africa (FAO),,2010,449305.1,11409.25,30892.93,728233.7,781989,590560.2,675417.75
Western Africa (FAO),,2011,466818.5,11618,33392.92,667064.3,830497.1,605655.6,654637.4
Western Africa (FAO),,2012,473623.97,11708.29,35473.1,636513.5,796152.3,620066.06,663610.3
Western Africa (FAO),,2013,472303.5,11696.29,33297.63,679829.6,878614.9,636476.2,669243.25
Western Africa (FAO),,2014,475754.66,11687.48,35721,681027,866077.8,644630.94,673339
Western Africa (FAO),,2015,494402.34,11643.72,37470.3,714053.9,881788.9,667430.56,701748.2
Western Africa (FAO),,2016,485011.84,11605.8,35069.02,726114.8,794616.6,687453.44,777756.2
Western Africa (FAO),,2017,491258.28,11711.23,36450.16,750877.2,817507.75,709711.06,813120.5
Western Africa (FAO),,2018,495861.66,11406.72,37785.44,778699.3,837492.94,727744.9,852946.5
Western Africa (FAO),,2019,499779.72,11635.63,37621.36,796338.8,897913.4,748285.2,907253.1
Western Africa (FAO),,2020,505726.88,11268.91,40473.39,819783.44,877198.9,663390.2,879576.44
Western Africa (FAO),,2021,512680.6,11347.98,43350.02,843658.06,881171.56,638808.6,940287
Western Africa (FAO),,2022,511372.03,11436.62,46881.1,869125.3,909683.9,667318.1,1010945.44
Western Africa (FAO),,2023,513014.47,11599.95,45875.31,875733.1,926188.6,684204.25,1010189.4
Western Africa (FAO),,2024,518532.84,11636.06,41957.76,885568.8,919259.94,710077.56,1088668.5
Western Asia (FAO),,1961,120,6900,27184,465174.7,212903.5,6338.5,134475.1
Western Asia (FAO),,1962,120,6900,27335,461144.3,232159,6866.5,148344.8
Western Asia (FAO),,1963,120,6450,27410,466329.6,239679.7,6974.5,153230.5
Western Asia (FAO),,1964,120,6150,27505,465322.6,228939,5981.5,164206.1
Western Asia (FAO),,1965,120,6300,28423.4,476224.1,232088,7189,175172.5
Western Asia (FAO),,1966,125,6300,28540,490931,230191.11,10901,188401.7
Western Asia (FAO),,1967,125,6300,28850.1,474060,228169.73,12411,201214.5
Western Asia (FAO),,1968,125,6150,31726.85,476294,238467.45,13912,215303.4
Western Asia (FAO),,1969,125,6000,30284.8,508308,251684.56,16822,238434.9
Western Asia (FAO),,1970,125,5850,31566.8,519967,251102.92,18297,259234.4
Western Asia (FAO),,1971,130,5550,34935.05,538157,246550.7,18974,290681
Western Asia (FAO),,1972,130,5400,36523.5,527203,231890.4,20976,333542.4
Western Asia (FAO),,1973,130,7050,42174.1,531170,240459,24053,347653.4
Western Asia (FAO),,1974,130,4950,57978.4,540426,266517.6,23462,390356.5
Western Asia (FAO),,1975,135,4650,53263.3,581066,271375,21990,435082
Western Asia (FAO),,1976,135,4500,50744.45,567602,262309.25,23222,452429.6
Western Asia (FAO),,1977,135,4500,48349.3,602780,293070.3,25639,463190.3
Western Asia (FAO),,1978,135,4500,42955.8,631937.2,261953.97,25275,520121.1
Western Asia (FAO),,1979,140,4200,45534.3,537578.1,320272.5,25541,580768.7
Western Asia (FAO),,1980,140,4050,44146,561918.75,315072.62,25606,654449.2
Western Asia (FAO),,1981,140,4050,39122.5,634416,332944.47,27616,750983.5
Western Asia (FAO),,1982,140,4050,37287.5,654872.4,362364.9,30349,916288.7
Western Asia (FAO),,1983,145,3900,39085,694269.75,368134.34,31225,913926.7
Western Asia (FAO),,1984,145,3750,43665.72,717652.8,615067.8,33783,1040938.7
Western Asia (FAO),,1985,145,3300,46719.26,716988.06,538352,34725,1125126.8
Western Asia (FAO),,1986,145,3150,45308.81,737441.7,666456.5,34472,1220799.2
Western Asia (FAO),,1987,150,3150,46474.84,744076.6,533135,38109,1265881.2
Western Asia (FAO),,1988,150,3150,49279.5,770098.9,533916.9,40588,1373081.2
Western Asia (FAO),,1989,175,2925,51555.4,763043.06,587975.56,41920,1365293.2
Western Asia (FAO),,1990,148,2850,57201.19,755792.75,586980.94,44675,1339495.5
Western Asia (FAO),,1991,170,2850,57332.75,532379,511252.16,45240,1167422
Western Asia (FAO),,1992,160,2762.1,57500.95,570804,665373.56,127168,1355358.2
Western Asia (FAO),,1993,160,2770.18,60028.5,568191.06,664589.9,105967,1382104.9
Western Asia (FAO),,1994,500,2774.96,65923.86,638787.1,702009.5,112393,1527423.2
Western Asia (FAO),,1995,300,2784.61,60349.25,624559.25,673446.94,110186,1368472.2
Western Asia (FAO),,1996,318,2788.19,74866.3,626436.1,674462.9,114986,1528206.8
Western Asia (FAO),,1997,350,2783.64,70589.19,660596,813920.75,115574,1725252.5
Western Asia (FAO),,1998,417,2350,67176.06,705805.4,777417.06,114219,1772721.4
Western Asia (FAO),,1999,420,2295,63217.25,717026.5,797275.8,111779,1962908.5
Western Asia (FAO),,2000,425,2170,64672.58,709846.56,852431.4,117176,2252178.8
Western Asia (FAO),,2001,534,2100,65597,855781.1,974318,113492,2318962.8
Western Asia (FAO),,2002,268,2107,67783.8,809861.7,1021017.25,118254,2432132.8
Western Asia (FAO),,2003,495,1842,70359.4,836437.25,1034639.8,123602,2603976.8
Western Asia (FAO),,2004,645,2098,72020.2,828674.7,1040237.6,120052,2679170.5
Western Asia (FAO),,2005,440,2173,71922,861100.9,1053512.9,119259,2872151.2
Western Asia (FAO),,2006,236,2250,74966,874617.2,1086821.2,118166,2813181.5
Western Asia (FAO),,2007,336,2450,78967,920038.9,1129307.8,110291,3064540.8
Western Asia (FAO),,2008,292,1900,79162,922770.25,1210155,98367.5,3113984.2
Western Asia (FAO),,2009,289,1900,86967,934177.8,1267597.1,94756,3337414.2
Western Asia (FAO),,2010,473,1750,89157,918742.9,1319878.1,98196,3507843
Western Asia (FAO),,2011,548,1740,90485.53,1013616.25,1406068.5,96947,3658651.2
Western Asia (FAO),,2012,473,1606.74,87691.77,1060823,1494983,93929,3765536.8
Western Asia (FAO),,2013,401,1443.75,97098.41,1093261.1,1544113.2,93958.15,3806502.5
Western Asia (FAO),,2014,473,1371.14,100315.58,1126850.1,1488608.6,93334.23,3984711
Western Asia (FAO),,2015,481.46,1351.89,105965.56,1114012.9,1536180.4,97297.75,4096760.5
Western Asia (FAO),,2016,591,1280.68,113191.35,1156120.8,1622971,95334.01,4219182.5
Western Asia (FAO),,2017,327,1268.29,118744.63,1172313.4,1780678.1,91242.87,4570919
Western Asia (FAO),,2018,,1140.2,120360.64,1223870.2,1953724.5,90256.17,4756382
Western Asia (FAO),,2019,,1093.95,120261.49,1298996.5,2053667.2,92584.52,4788060.5
Western Asia (FAO),,2020,,1055.63,126126.42,1435074.5,2084290,94654.3,4984574
Western Asia (FAO),,2021,,1029.03,116083.56,1483390.5,2239580.8,95931.2,5295686
Western Asia (FAO),,2022,,970.48,125431.68,1583837.1,2356378.5,88591.77,5473408.5
Western Asia (FAO),,2023,,927.14,141229.94,1808502.8,2438536.5,90337.32,5372291.5
Western Asia (FAO),,2024,,1032.64,140491.5,1635642,2200829.2,98453.19,5419716.5
Western Europe (FAO),,1961,34728,170977,,165212,3420755,4914735,870452
Western Europe (FAO),,1962,34568,158956,,158475,3607197,5018071,927310
Western Europe (FAO),,1963,34734,152247,,145662,3667584,5026167,991015
Western Europe (FAO),,1964,34518,153495,,146814,3457335,5278039,1087778
Western Europe (FAO),,1965,33994,144406,,157228,3450047,5614639,1145195
Western Europe (FAO),,1966,34102,128159,,159280,3683496,5587309,1051265
Western Europe (FAO),,1967,34827,106157,,157047,3861290,5885629,1127598
Western Europe (FAO),,1968,36027,104652,,156623,3978815,6311011,1160519
Western Europe (FAO),,1969,35830,110848,,159632,3954702,6222501,1319856
Western Europe (FAO),,1970,37835,100593,,162396,4136248,6477702,1453901
Western Europe (FAO),,1971,38033,89202,,173949,4204947,6948955,1529065
Western Europe (FAO),,1972,38234,74127,,175167,3823958,7094189,1603101
Western Europe (FAO),,1973,38183,61418,,173734,3903406,7134117,1742715
Western Europe (FAO),,1974,39127,61911,,189147,4588668,7462493,1711267
Western Europe (FAO),,1975,38832,63932,,203676,4497515,7602084,1739347
Western Europe (FAO),,1976,39211,66744,,223501,4532203,7723338,1818521
Western Europe (FAO),,1977,40831,67324,,219523,4335445,7893390,1899790.5
Western Europe (FAO),,1978,40176,65026,,224854,4426715,8277980,1982404.4
Western Europe (FAO),,1979,39087,60921,,243191,4723205,8577833,2094202.2
Western Europe (FAO),,1980,39748,56501,,261131,4834470,8720564,2208807
Western Europe (FAO),,1981,42375,49168,,256826,4869369,8772247,2381217.8
Western Europe (FAO),,1982,44528,45357,,262619,4662463,8613878,2495896.5
Western Europe (FAO),,1983,45095,44455,,254416,4762968,8786440,2402138.5
Western Europe (FAO),,1984,43307,47559,,255098,5196644,8963220,2394449.8
Western Europe (FAO),,1985,46192,46513,,258149,5114296,9179856,2413375.5
Western Europe (FAO),,1986,44547,34712,,251122,5289127,9318281,2544471.8
Western Europe (FAO),,1987,45050,32899,,257077,5329658,9509913,2672653
Western Europe (FAO),,1988,44833,28772,,247021,5012403,9759972,2757671
Western Europe (FAO),,1989,46527,25605,,249608,4786575,9556136,2861482
Western Europe (FAO),,1990,48462,24469,,279734,5256354,9415836,3021180.5
Western Europe (FAO),,1991,57192.42,24131,,264094,5628565,8819318,3647248.5
Western Europe (FAO),,1992,65282,22585,,250767,5072919,8751351,3780170.2
Western Europe (FAO),,1993,63397.62,21806,,242956,4637794,9163445,4036886.8
Western Europe (FAO),,1994,63535.95,20792,,236531,4360515,9131794,4342027
Western Europe (FAO),,1995,124430,20190,,235447,4371718,9119710,4546806.5
Western Europe (FAO),,1996,123201,21491,,239287,4541926,9181967,4981619.5
Western Europe (FAO),,1997,121561,22759,,235185,4430276,8880596,5178654
Western Europe (FAO),,1998,125059,22681,,234527,4181750,9703511,5268879
Western Europe (FAO),,1999,122674,21434,,234956,4122435,9917059,4904638
Western Europe (FAO),,2000,98859.7,23794,,242342,3917510,9701943,4272049.5
Western Europe (FAO),,2001,87192.85,24748,,242279,3944509,9618957,4371072
Western Europe (FAO),,2002,79918.69,19681,,232001,4014528,9633617,4315830
Western Europe (FAO),,2003,67656.8,16372,,230947.88,3854319,9617284,4103320.2
Western Europe (FAO),,2004,69787.9,14900,,232381.56,3854083,9721334,4270464.5
Western Europe (FAO),,2005,68780.4,13823,,231617.94,3723970,9841566,4253779.5
Western Europe (FAO),,2006,72574,11401,,225354,3711981,9706530,4092087.2
Western Europe (FAO),,2007,77083.1,11521,,222622.38,3722280.5,10155247,4347328.5
Western Europe (FAO),,2008,78732.6,11231.65,,210281.28,3735114.2,10543547,4310369
Western Europe (FAO),,2009,78129.4,10350,,205463.36,3746548,10671427,4405391
Western Europe (FAO),,2010,79475.83,11562,,199628.27,3785045.8,10965946,4599666
Western Europe (FAO),,2011,77691.62,12620.06,,197842.7,3766746.5,11091842,4734177.5
Western Europe (FAO),,2012,76702.19,12713.32,,192776,3651593.8,10860666,4781959.5
Western Europe (FAO),,2013,75452.69,12603.32,,186476,3526484,10850831,4798919
Western Europe (FAO),,2014,71531.91,11778.27,,183353.9,3562946.5,10918990,5033588
Western Europe (FAO),,2015,60677.39,11730.74,,182377,3611379.8,11082490,5086913
Western Europe (FAO),,2016,69726.5,10871.68,,178300.2,3698323.8,11040994,5112874
Western Europe (FAO),,2017,67739.1,10427.84,,173254,3668209,10913400,5060576.5
Western Europe (FAO),,2018,1938,10150.45,,152296,3696911,10894063,4967927
Western Europe (FAO),,2019,2157,9808.83,,154902,3609041,10835529,4936629
Western Europe (FAO),,2020,2089,9738.16,,160824,3587054,10819298,4927037
Western Europe (FAO),,2021,2190,9026.85,,156484,3549896,10778881,4760642
Western Europe (FAO),,2022,1848,8434.8,,151535,3378091,10082815,4577695
Western Europe (FAO),,2023,1863,7333.91,,145740.06,3341593,9350656,4587802
Western Europe (FAO),,2024,1845,6829.51,,135487.95,3353617,9396204,4880621
World,OWID_WRL,1961,844797,559569.7,122633.3,6030749,28753174,24747016,8948943
World,OWID_WRL,1962,838297,537875.6,126671.84,6165361.5,30305242,26054376,9205056
World,OWID_WRL,1963,861792,541541.9,131581.77,6161920,31973646,28015306,9748723
World,OWID_WRL,1964,885025,574611.25,135175.95,6156598,32434628,28676662,10140743
World,OWID_WRL,1965,897932,553294.7,143517.9,6210718.5,33038106,31283298,10961260
World,OWID_WRL,1966,911367,514619.25,154911.75,6316258.5,34751600,32410826,11681973
World,OWID_WRL,1967,939170,500671.3,155145.84,6492105.5,36494636,33863196,12383401
World,OWID_WRL,1968,959862,515098.3,162031,6670950,38225144,34400948,12782246
World,OWID_WRL,1969,989631,528668.8,159168.1,6648363,39208590,34120350,13731771
World,OWID_WRL,1970,1001768,527493.44,160972.55,6829155.5,39658852,35794930,15095038
World,OWID_WRL,1971,1003065,511632.06,162854.8,6959849,39410330,39416572,15731209
World,OWID_WRL,1972,1034541,505733.5,170380.5,7016450,39895932,40622650,16832120
World,OWID_WRL,1973,1010141,503022.2,174527.84,6783463.5,40257684,40469760,17621042
World,OWID_WRL,1974,1032198,467627.06,189323.16,6560334,43309140,42429756,18296532
World,OWID_WRL,1975,1040954,498074.7,180122.8,6789916,45195864,41669776,18673616
World,OWID_WRL,1976,1045839,538870.9,180634.55,6818882.5,47603556,40750390,20025206
World,OWID_WRL,1977,1081135,546767.1,181474.05,6885081.5,48007796,42947656,21229542
World,OWID_WRL,1978,1088465,557466,175620.55,7044012.5,48535452,45641360,22703596
World,OWID_WRL,1979,1113414,560263.3,177114.8,7043161,47382020,50083730,24556620
World,OWID_WRL,1980,1133347,515684.2,186662.1,7341071,47200716,52674092,25946012
World,OWID_WRL,1981,1158633,500365.22,178696.8,7621992.5,47661204,52989800,27508944
World,OWID_WRL,1982,1188520,457824.7,192300.55,7713786,47757196,53195696,28461608
World,OWID_WRL,1983,1206542,454090.22,195045.45,7999540.5,49034412,55476856,29199210
World,OWID_WRL,1984,1211235,474343.66,209081.62,8083866,50439336,57486350,29773776
World,OWID_WRL,1985,1232398,484103.88,212742.9,8261479.5,51351004,59965280,31180212
World,OWID_WRL,1986,1251160,473535.06,205769.69,8348495.5,53107880,60720576,33320156
World,OWID_WRL,1987,1269558,495835.22,199058.98,8664770,53075240,63422292,35963500
World,OWID_WRL,1988,1288896,495755.28,211194.95,9070036,53568584,66895052,37727348
World,OWID_WRL,1989,1313375,502037,230578.22,9400721,53795532,67973940,38665040
World,OWID_WRL,1990,1285786,520707.56,246661.27,9712613,55351170,69701120,40979730
World,OWID_WRL,1991,1341333.4,521263.2,251661.6,9614494,55297240,70723990,43783120
World,OWID_WRL,1992,1337521.8,664418.94,263924.66,9722425,54516150,72853530,45992860
World,OWID_WRL,1993,1401640.5,625565.56,256321.3,9829535,53424060,75258536,48936564
World,OWID_WRL,1994,1430178.2,659007.44,271121.38,10042857,53488164,78747230,51731780
World,OWID_WRL,1995,1514021,671068.2,277473.94,10255558,54379788,83390120,55316130
World,OWID_WRL,1996,1514821.9,726460.1,307800.4,9958469,55155124,78737176,57206960
World,OWID_WRL,1997,1533591.4,731621,305766.1,10330223,56493268,82642856,60816508
World,OWID_WRL,1998,1576084.6,721332.9,315363.84,10805679,56325828,88226680,63360628
World,OWID_WRL,1999,1611933.1,738081,320895.12,11034661,57882132,90190500,66090840
World,OWID_WRL,2000,1592470,745157.6,324200.12,11311251,58332550,89231090,68665976
World,OWID_WRL,2001,1597639,781411.8,333187.5,11755355,58194256,90093790,71300290
World,OWID_WRL,2002,1628186.6,750398,329226.6,11778011,59448480,92371350,74565680
World,OWID_WRL,2003,1653556.1,750438.75,337797.97,12113589,60412650,94825176,76099620
World,OWID_WRL,2004,1683719,742325.94,349899.6,12459140,62191316,95773910,78626070
World,OWID_WRL,2005,1717752.8,737649.4,315397.3,12878869,60379300,98087450,81419280
World,OWID_WRL,2006,1768843.6,729770.94,357292.62,13073315,62133556,99928610,83488024
World,OWID_WRL,2007,1804261.5,683522.6,407974.9,13600817,63852996,98574690,88518216
World,OWID_WRL,2008,1860983.6,681506.5,442361.28,13652028,64043200,102668540,92725350
World,OWID_WRL,2009,1890567.1,683026.2,435123.72,13815368,64885270,105211496,94809670
World,OWID_WRL,2010,1895439.8,675376.94,457481.06,14034819,65027264,108113030,99185224
World,OWID_WRL,2011,1959150.4,692619.94,472140.38,14154863,64946690,108730424,103185080
World,OWID_WRL,2012,1975818,712807.3,478575.97,14322607,65833760,112205680,107189480
World,OWID_WRL,2013,1986744.5,687861.4,499593.9,14826333,67577520,114124170,110158380
World,OWID_WRL,2014,1999751.9,692055.06,502691.84,15348456,69607670,116143490,113311180
World,OWID_WRL,2015,2043320.1,724530.56,518697.9,15751543,67994620,118751830,117559336
World,OWID_WRL,2016,2042404.6,715063.06,527574,16134291,67849120,118375980,120754990
World,OWID_WRL,2017,2062986.4,683083.44,539860.8,16277817,69206390,119336450,124799680
World,OWID_WRL,2018,1972270.1,715783.7,523862.3,16468614,70980850,119621810,128054670
World,OWID_WRL,2019,1990038.6,761708.9,585755.7,16946242,72056630,108703740,133552930
World,OWID_WRL,2020,2011834.2,839957.94,582942.5,17402526,70895600,108691790,135095420
World,OWID_WRL,2021,2028047.9,767423,578351.6,17825960,71765010,121240280,135671060
World,OWID_WRL,2022,2022565.1,846925.5,584524.8,18469660,73182216,122985670,139017200
World,OWID_WRL,2023,2034251.6,772037.2,634628.5,19259060,74659040,124572940,142199230
World,OWID_WRL,2024,2052976.2,747206.3,661191.8,19281996,77047340,125357200,146150990
Yemen,YEM,1961,,,1930,24870,18500,,1310
Yemen,YEM,1962,,,1930,25740,18650,,1315
Yemen,YEM,1963,,,1940,26120,18700,,1320
Yemen,YEM,1964,,,1940,26710,19200,,1325
Yemen,YEM,1965,,,1940,27450,19800,,1330
Yemen,YEM,1966,,,1950,25300,19200,,1335
Yemen,YEM,1967,,,1960,26010,19400,,1340
Yemen,YEM,1968,,,1970,25040,16500,,1345
Yemen,YEM,1969,,,1980,21890,15200,,1350
Yemen,YEM,1970,,,1980,22000,15000,,1359
Yemen,YEM,1971,,,1880,24780,16200,,1380
Yemen,YEM,1972,,,1880,23180,16900,,1400
Yemen,YEM,1973,,,2240,23350,16500,,1425
Yemen,YEM,1974,,,2160,25530,18300,,1450
Yemen,YEM,1975,,,2160,28000,20000,,1475
Yemen,YEM,1976,,,2090,26970,19700,,1600
Yemen,YEM,1977,,,1890,28340,22900,,3776
Yemen,YEM,1978,,,1740,28510,25700,,3812
Yemen,YEM,1979,,,2040,28980,28700,,4639
Yemen,YEM,1980,,,2200,30000,34000,,6062
Yemen,YEM,1981,,,2312,31220,34100,,7671
Yemen,YEM,1982,,,2060,32270,34200,,15080
Yemen,YEM,1983,,,2060,34420,34400,,23440
Yemen,YEM,1984,,,2076,35000,34600,,30634
Yemen,YEM,1985,,,2076,36000,35000,,50098
Yemen,YEM,1986,,,2076,35490,34900,,52100
Yemen,YEM,1987,,,2210,35060,35900,,53800
Yemen,YEM,1988,,,2320,37000,36360,,77326
Yemen,YEM,1989,,,2450,37000,37453,,59979
Yemen,YEM,1990,,,2560,38140,37953,,39035
Yemen,YEM,1991,,,2480,40190,36815,,35102
Yemen,YEM,1992,,,2510,41020,37551,,48052
Yemen,YEM,1993,,,2560,39970,38677,,53956
Yemen,YEM,1994,,,2610,37960,39837,,55000
Yemen,YEM,1995,,,2610,37990,40634,,47156
Yemen,YEM,1996,,,2610,39250,41649,,55455
Yemen,YEM,1997,,,2640,42500,43107,,56286
Yemen,YEM,1998,,,2660,44600,45262,,61352
Yemen,YEM,1999,,,2690,45900,47110,,63115
Yemen,YEM,2000,,,2768,46840,51698,,66734
Yemen,YEM,2001,,,2896,49000,56188,,78336
Yemen,YEM,2002,,,3008,50100,59283,,83451
Yemen,YEM,2003,,,3120,44314,69541,,108800
Yemen,YEM,2004,,,3152,45200,70931,,110976
Yemen,YEM,2005,,,3184,46345,72627,,113195
Yemen,YEM,2006,,,2277,47848,72793,,117723
Yemen,YEM,2007,,,2368,52868,81936,,129495
Yemen,YEM,2008,,,2433,58492,90242,,135568
Yemen,YEM,2009,,,2482,62333,96735,,139655
Yemen,YEM,2010,,,2551,69330,107512,,144103
Yemen,YEM,2011,,,2633,85028,109850,,153621
Yemen,YEM,2012,,,2775,97663,111285.81,,156329
Yemen,YEM,2013,,,2810,116522,111787.37,,166131
Yemen,YEM,2014,,,2889,135132,77095,,182230
Yemen,YEM,2015,,,2813,127624,72126,,176763
Yemen,YEM,2016,,,2532,117284,65635,,169692
Yemen,YEM,2017,,,2481,117070,63666,,168628.27
Yemen,YEM,2018,,,2469,116056,62393,,176575.75
Yemen,YEM,2019,,,2940.67,131213.33,75602.33,,182850.88
Yemen,YEM,2020,,,3208.64,145815.92,74143.67,,193086
Yemen,YEM,2021,,,3242.09,144662.7,83351.57,,198878.58
Yemen,YEM,2022,,,3404,151896,87519,,199476.52
Yemen,YEM,2023,,,3441,152486,87204,,200536.17
Yemen,YEM,2024,,,3483.9,159681.72,86024.86,,204416.31
Yugoslavia,OWID_YGS,1961,3000,4000,,46000,154000,485500,66990
Yugoslavia,OWID_YGS,1962,3000,3000,,54000,216000,434050,66000
Yugoslavia,OWID_YGS,1963,3000,3000,,45000,208000,432595,67000
Yugoslavia,OWID_YGS,1964,3000,2000,,42000,180000,530817,73000
Yugoslavia,OWID_YGS,1965,3000,1000,,44000,183000,633989,80000
Yugoslavia,OWID_YGS,1966,3000,1000,,46000,216000,484797,88879
Yugoslavia,OWID_YGS,1967,3000,1000,,50000,239000,513468,95497
Yugoslavia,OWID_YGS,1968,3000,1000,,55000,269000,540533,106550
Yugoslavia,OWID_YGS,1969,3000,1000,,51573,258000,480590,120697
Yugoslavia,OWID_YGS,1970,3000,1000,,46828,233000,567670,143000
Yugoslavia,OWID_YGS,1971,3000,600,,50000,242000,640769,149000
Yugoslavia,OWID_YGS,1972,4000,500,,49000,233000,588445,143622
Yugoslavia,OWID_YGS,1973,4000,516,,50000,267000,528892,159937
Yugoslavia,OWID_YGS,1974,4000,489,,48000,307000,665341,181263
Yugoslavia,OWID_YGS,1975,4000,1200,,55000,321000,673558,188181
Yugoslavia,OWID_YGS,1976,4000,480,,60000,326000,634736,204164
Yugoslavia,OWID_YGS,1977,5000,312,,57000,333000,718470,227000
Yugoslavia,OWID_YGS,1978,6000,500,,62000,338000,839980,253000
Yugoslavia,OWID_YGS,1979,6000,382,,61000,341000,790590,266800
Yugoslavia,OWID_YGS,1980,6000,410,,58000,335000,769195,277000
Yugoslavia,OWID_YGS,1981,6000,300,,57000,323000,806655,286000
Yugoslavia,OWID_YGS,1982,6000,230,,59000,343000,810600,282000
Yugoslavia,OWID_YGS,1983,6000,240,,60000,345000,807830,287000
Yugoslavia,OWID_YGS,1984,8000,340,,58000,350000,918520,311000
Yugoslavia,OWID_YGS,1985,8000,285,,62000,333000,853300,297000
Yugoslavia,OWID_YGS,1986,8000,285,,63000,317000,806650,328000
Yugoslavia,OWID_YGS,1987,7900,261,,65000,317000,869550,344500
Yugoslavia,OWID_YGS,1988,8200,315,,70000,301000,853250,328000
Yugoslavia,OWID_YGS,1989,8000,391,,69000,309417,823900,285680
Yugoslavia,OWID_YGS,1990,7000,335,,67316,352490,810100,295000
Yugoslavia,OWID_YGS,1991,7000,270,,56850,301383,716400,233371
Zambia,ZMB,1961,12000,,,647.8,25080,2477.2,3800
Zambia,ZMB,1962,12000,,,712.7,24890,2345.2,3900
Zambia,ZMB,1963,12500,,,709.2,24700,1984.4,4100
Zambia,ZMB,1964,13000,,,689,24643,2279.2,4700
Zambia,ZMB,1965,13500,,,680.9,27018,2411.2,5300
Zambia,ZMB,1966,14000,,,703.44,27684.8,2904,6800
Zambia,ZMB,1967,14500,,,783.9,26089.8,3159.2,7470
Zambia,ZMB,1968,15000,,,762.22,27524,2996.4,7300
Zambia,ZMB,1969,15500,,,1732,25228.5,3124,9300
Zambia,ZMB,1970,16000,,,1046.8,27540,3124,9900
Zambia,ZMB,1971,16500,,,1018.54,26107.2,2992,8700
Zambia,ZMB,1972,17000,,,1004.72,25777,4360.4,13500
Zambia,ZMB,1973,17700,,,1185.6,26555.5,4884,13000
Zambia,ZMB,1974,18400,,,1107.84,24676,5079.36,16100
Zambia,ZMB,1975,19100,,,1078.76,25840,5403.2,20800
Zambia,ZMB,1976,19800,,,1081.52,27505.5,5698,24600
Zambia,ZMB,1977,20500,,,1259.02,27712,7141.2,23100
Zambia,ZMB,1978,21200,,,1216.56,27357.5,7480,22200
Zambia,ZMB,1979,21700,,,1285.44,27570,6683.6,22300
Zambia,ZMB,1980,22400,,,1024.98,28055,7209.4,24000
Zambia,ZMB,1981,23100,,,1126.02,30784,7637.52,18800
Zambia,ZMB,1982,24800,,,1447.12,32608,8102.6,18740
Zambia,ZMB,1983,25000,,,1533.3,29920,6393.2,16973
Zambia,ZMB,1984,25500,,,1447.52,28356.8,5486.8,13984
Zambia,ZMB,1985,26000,,,1639.58,31616,5860.8,16001
Zambia,ZMB,1986,26500,,,1756.36,32256,6155.6,16000
Zambia,ZMB,1987,27000,,,1886.72,33296,6473.72,16200
Zambia,ZMB,1988,27500,,,2021.16,33760,6815.16,17600
Zambia,ZMB,1989,28000,,,2044.3,34240,9416,18200
Zambia,ZMB,1990,28500,,,2132.4,55200,9460,18920
Zambia,ZMB,1991,29000,,,2218.6,57600,9504,20812
Zambia,ZMB,1992,29500,,,2245.6,54000,9460,22892
Zambia,ZMB,1993,30000,,,2463.6,51925,9680,25184
Zambia,ZMB,1994,30500,,,2594.8,50400,10120,24300
Zambia,ZMB,1995,31000,,,2692.8,43500,9680,25000
Zambia,ZMB,1996,31500,,,2776,41870,10340,27500
Zambia,ZMB,1997,32000,,,2898,50375,10340,30000
Zambia,ZMB,1998,32500,,,3676,52500,10428,32276
Zambia,ZMB,1999,33000,,,4406,57350,10560,33500
Zambia,ZMB,2000,33500,,,5148,52800,10120,35000
Zambia,ZMB,2001,35000,,,5946,54400,10560,36500
Zambia,ZMB,2002,35500,,,6390,59200,9020,38000
Zambia,ZMB,2003,35149.34,,,7244,59200,8800,38500
Zambia,ZMB,2004,36000,,,7766,56000,9460,38500
Zambia,ZMB,2005,35289.87,,,8221,59200,9900,39000
Zambia,ZMB,2006,33500,,,8242,57600,12980,36500
Zambia,ZMB,2007,35470.18,,,8436,58400,17600,36500
Zambia,ZMB,2008,35975.5,,,8436,78400,23100,38500
Zambia,ZMB,2009,36602.84,,,8855,121600,23100,40000
Zambia,ZMB,2010,37342.25,,,9293,153600,22880,42500
Zambia,ZMB,2011,38000,,,9547,153969.92,26180,43000
Zambia,ZMB,2012,38200,,,9621,160899.36,48400,44000
Zambia,ZMB,2013,38500,,,9882,197827.2,35244,46000
Zambia,ZMB,2014,38811.32,,,10401.01,208000,32611.23,46127.72
Zambia,ZMB,2015,39318.68,,,10911.89,161000,26600,46467.81
Zambia,ZMB,2016,39823.82,,,11121.94,159400,26850,46772.27
Zambia,ZMB,2017,40222.3,,,14164.7,209300,28928.64,47420.58
Zambia,ZMB,2018,40536.1,,,15517.39,181980.72,32879.52,47920.93
Zambia,ZMB,2019,40850.48,,,15102.43,186377.88,33049.07,48489.37
Zambia,ZMB,2020,41193.44,,,15516.78,177794.02,28068.88,49030.56
Zambia,ZMB,2021,41667.93,,,16309.38,187659.66,28493.6,49786.54
Zambia,ZMB,2022,41876.08,,,17296.89,180478.55,24250.12,50222.16
Zambia,ZMB,2023,42205.54,,,21522.47,232218.88,35214.32,50730.73
Zambia,ZMB,2024,42535.01,,,17960.26,221926.9,35945.73,51237.45
Zimbabwe,ZWE,1961,8500,,,2271.38,53440,6512,3512
Zimbabwe,ZWE,1962,8500,,,2460.48,54375.2,7095,3627
Zimbabwe,ZWE,1963,8700,,,2674.44,55945,7699.73,3742
Zimbabwe,ZWE,1964,8700,,,3049.98,52605,8140,3972
Zimbabwe,ZWE,1965,9000,,,3438.4,53440,7480,4087
Zimbabwe,ZWE,1966,9000,,,3949.6,67050.5,7221.5,4202
Zimbabwe,ZWE,1967,9500,,,4369.4,54291.7,8811,4321
Zimbabwe,ZWE,1968,10000,,,5128,57197.5,10510.5,4436
Zimbabwe,ZWE,1969,10000,,,6489.8,60570.9,10202.5,4555.14
Zimbabwe,ZWE,1970,11000,,,7391.8,72077.2,10802,4672
Zimbabwe,ZWE,1971,11000,,,8110.6,89879.4,9190.5,4785
Zimbabwe,ZWE,1972,11000,,,8378.4,111088.4,8976,4900
Zimbabwe,ZWE,1973,12000,,,8689.8,119722.3,10631.5,5592
Zimbabwe,ZWE,1974,12000,,,8390,88910.8,10681,6048.32
Zimbabwe,ZWE,1975,12000,,,8078,84819.3,11676.5,6402.98
Zimbabwe,ZWE,1976,12000,,,7346.8,100336,12512.5,6706.06
Zimbabwe,ZWE,1977,13000,,,7516,110282.5,13117.5,6918.58
Zimbabwe,ZWE,1978,13000,,,8557.6,106350,11302.5,7501.76
Zimbabwe,ZWE,1979,13000,,,6095,94200,8552.5,7511
Zimbabwe,ZWE,1980,14000,,,3758,76410,8662.5,7638
Zimbabwe,ZWE,1981,14000,,,5500.6,65968,9278.5,7987
Zimbabwe,ZWE,1982,14500,,,3908.4,76590,10367.5,8919.4
Zimbabwe,ZWE,1983,15000,,,4510.4,77040,11555.5,9613
Zimbabwe,ZWE,1984,15500,,,6273.2,87702.8,8959.5,9048
Zimbabwe,ZWE,1985,16000,,,6448.4,84400.8,8140,9251.55
Zimbabwe,ZWE,1986,16500,,,7767,73382.4,8486.5,9642.25
Zimbabwe,ZWE,1987,17000,,,8759.6,84933.2,10219,11363.75
Zimbabwe,ZWE,1988,17500,,,9451.2,80242.5,10895.5,13818.8
Zimbabwe,ZWE,1989,18000,,,10001.2,73398,11335.5,15225.95
Zimbabwe,ZWE,1990,18500,,,11019.6,81740,11390.5,17022.5
Zimbabwe,ZWE,1991,19000,,,11107.4,535000,11055,17971.75
Zimbabwe,ZWE,1992,16000,,,11219,603751.1,11407,17487.1
Zimbabwe,ZWE,1993,19000,,,10678.8,420754.12,8178.5,17539
Zimbabwe,ZWE,1994,20000,,,11052.8,434695.44,9955,17947
Zimbabwe,ZWE,1995,22000,,,11285.8,456861.06,13101,19097
Zimbabwe,ZWE,1996,22297.89,,,12137,554244.5,12727,20860
Zimbabwe,ZWE,1997,23000,,,12022.4,552924.6,11891,22038
Zimbabwe,ZWE,1998,24000,,,12490,582848.4,12925,23541
Zimbabwe,ZWE,1999,25000,,,13456,626652.8,12770,23775
Zimbabwe,ZWE,2000,26000,,,13872,641570.25,13084.31,25434
Zimbabwe,ZWE,2001,27000,,,13788,622469.06,15643.5,38088
Zimbabwe,ZWE,2002,28000,,,15630,567422.56,12202.26,35223
Zimbabwe,ZWE,2003,30000,,,15186,544535.94,9303.51,40406
Zimbabwe,ZWE,2004,32000,,,14318,530849.9,8701.55,46273
Zimbabwe,ZWE,2005,33000,,,14904,550000,7169.96,51912
Zimbabwe,ZWE,2006,34000,,,14287.9,519102.47,9284.04,53643
Zimbabwe,ZWE,2007,34004.57,,,15224.1,535351.4,7649.23,57093
Zimbabwe,ZWE,2008,34500,,,14222.5,541292.5,8609.96,61124
Zimbabwe,ZWE,2009,34571.45,,,19092,587596.6,15088.8,62046
Zimbabwe,ZWE,2010,34780.95,,,24562.7,649619,15493.38,63707.24
Zimbabwe,ZWE,2011,35000,,,24762.3,685900,15699.38,67230.69
Zimbabwe,ZWE,2012,35000,,,25682.9,697230,12339.38,70956.25
Zimbabwe,ZWE,2013,35000,,,26240,697256,11379.95,74560.84
Zimbabwe,ZWE,2014,35000,,,26689.1,552461,9717.68,72730.41
Zimbabwe,ZWE,2015,35543.31,,,25166.96,622143,14338.97,68395.57
Zimbabwe,ZWE,2016,35934.95,,,20700.95,629225,17968.31,81100.75
Zimbabwe,ZWE,2017,35804.7,,,26537.31,609788,10422.45,92300.32
Zimbabwe,ZWE,2018,36043.34,,,27918.48,616480,9571.11,80378.38
Zimbabwe,ZWE,2019,36202.85,,,32134.26,629189,10660.65,114534.09
Zimbabwe,ZWE,2020,35893.93,,,31460.74,628746,10142.94,111745.3
Zimbabwe,ZWE,2021,35679.87,,,32329.26,700000,10778,113186.41
Zimbabwe,ZWE,2022,35644.56,,,35113.6,721881.3,12000,118799.85
Zimbabwe,ZWE,2023,35679.55,,,37675.08,744063.06,15791.66,105412.46
Zimbabwe,ZWE,2024,35714.55,,,31012.8,755211.44,16739,108934.03